timestamp,short_address,terminal_id,stage,period_ms,sequence,accepted_count,rejected_count,application_length,gateway_frame_length,rssi_dbm
2026-07-29T15:38:42.098+08:00,0xB25B,1,0,1000,0,0,0,32,49,-57
2026-07-29T15:38:43.095+08:00,0xB25B,1,0,1000,1,1,0,32,49,-57
2026-07-29T15:38:44.096+08:00,0xB25B,1,0,1000,2,2,0,32,49,-57
2026-07-29T15:38:45.098+08:00,0xB25B,1,0,1000,3,3,0,32,49,-57
2026-07-29T15:38:46.096+08:00,0xB25B,1,0,1000,4,4,0,32,49,-57
2026-07-29T15:38:47.096+08:00,0xB25B,1,0,1000,5,5,0,32,49,-57
2026-07-29T15:38:48.097+08:00,0xB25B,1,0,1000,6,6,0,32,49,-57
2026-07-29T15:38:49.097+08:00,0xB25B,1,0,1000,7,7,0,32,49,-58
2026-07-29T15:38:50.098+08:00,0xB25B,1,0,1000,8,8,0,32,49,-58
2026-07-29T15:38:51.097+08:00,0xB25B,1,0,1000,9,9,0,32,49,-58
2026-07-29T15:38:52.098+08:00,0xB25B,1,0,1000,10,10,0,32,49,-57
2026-07-29T15:38:53.097+08:00,0xB25B,1,0,1000,11,11,0,32,49,-57
2026-07-29T15:38:54.098+08:00,0xB25B,1,0,1000,12,12,0,32,49,-57
2026-07-29T15:38:55.096+08:00,0xB25B,1,0,1000,13,13,0,32,49,-58
2026-07-29T15:38:56.096+08:00,0xB25B,1,0,1000,14,14,0,32,49,-57
2026-07-29T15:38:57.096+08:00,0xB25B,1,0,1000,15,15,0,32,49,-58
2026-07-29T15:38:58.098+08:00,0xB25B,1,0,1000,16,16,0,32,49,-59
2026-07-29T15:38:59.096+08:00,0xB25B,1,0,1000,17,17,0,32,49,-58
2026-07-29T15:39:00.098+08:00,0xB25B,1,0,1000,18,18,0,32,49,-58
2026-07-29T15:39:01.098+08:00,0xB25B,1,0,1000,19,19,0,32,49,-58
2026-07-29T15:39:02.098+08:00,0xB25B,1,0,1000,20,20,0,32,49,-58
2026-07-29T15:39:03.097+08:00,0xB25B,1,0,1000,21,21,0,32,49,-58
2026-07-29T15:39:04.097+08:00,0xB25B,1,0,1000,22,22,0,32,49,-58
2026-07-29T15:39:05.102+08:00,0xB25B,1,0,1000,23,23,0,32,49,-58
2026-07-29T15:39:06.096+08:00,0xB25B,1,0,1000,24,24,0,32,49,-57
2026-07-29T15:39:07.097+08:00,0xB25B,1,0,1000,25,25,0,32,49,-58
2026-07-29T15:39:08.095+08:00,0xB25B,1,0,1000,26,26,0,32,49,-58
2026-07-29T15:39:09.100+08:00,0xB25B,1,0,1000,27,27,0,32,49,-58
2026-07-29T15:39:10.097+08:00,0xB25B,1,0,1000,28,28,0,32,49,-58
2026-07-29T15:39:11.096+08:00,0xB25B,1,0,1000,29,29,0,32,49,-58
2026-07-29T15:39:12.098+08:00,0xB25B,1,0,1000,30,30,0,32,49,-58
2026-07-29T15:39:13.097+08:00,0xB25B,1,0,1000,31,31,0,32,49,-59
2026-07-29T15:39:14.098+08:00,0xB25B,1,0,1000,32,32,0,32,49,-58
2026-07-29T15:39:15.098+08:00,0xB25B,1,0,1000,33,33,0,32,49,-60
2026-07-29T15:39:16.095+08:00,0xB25B,1,0,1000,34,34,0,32,49,-58
2026-07-29T15:39:17.097+08:00,0xB25B,1,0,1000,35,35,0,32,49,-59
2026-07-29T15:39:18.098+08:00,0xB25B,1,0,1000,36,36,0,32,49,-58
2026-07-29T15:39:19.097+08:00,0xB25B,1,0,1000,37,37,0,32,49,-58
2026-07-29T15:39:20.096+08:00,0xB25B,1,0,1000,38,38,0,32,49,-58
2026-07-29T15:39:21.098+08:00,0xB25B,1,0,1000,39,39,0,32,49,-58
2026-07-29T15:39:22.097+08:00,0xB25B,1,0,1000,40,40,0,32,49,-58
2026-07-29T15:39:23.098+08:00,0xB25B,1,0,1000,41,41,0,32,49,-58
2026-07-29T15:39:24.098+08:00,0xB25B,1,0,1000,42,42,0,32,49,-58
2026-07-29T15:39:25.098+08:00,0xB25B,1,0,1000,43,43,0,32,49,-59
2026-07-29T15:39:26.098+08:00,0xB25B,1,0,1000,44,44,0,32,49,-58
2026-07-29T15:39:27.097+08:00,0xB25B,1,0,1000,45,45,0,32,49,-58
2026-07-29T15:39:28.098+08:00,0xB25B,1,0,1000,46,46,0,32,49,-60
2026-07-29T15:39:29.097+08:00,0xB25B,1,0,1000,47,47,0,32,49,-59
2026-07-29T15:39:30.098+08:00,0xB25B,1,0,1000,48,48,0,32,49,-59
2026-07-29T15:39:31.096+08:00,0xB25B,1,0,1000,49,49,0,32,49,-59
2026-07-29T15:39:32.097+08:00,0xB25B,1,0,1000,50,50,0,32,49,-59
2026-07-29T15:39:33.096+08:00,0xB25B,1,0,1000,51,51,0,32,49,-59
2026-07-29T15:39:34.098+08:00,0xB25B,1,0,1000,52,52,0,32,49,-58
2026-07-29T15:39:35.099+08:00,0xB25B,1,0,1000,53,53,0,32,49,-58
2026-07-29T15:39:36.099+08:00,0xB25B,1,0,1000,54,54,0,32,49,-59
2026-07-29T15:39:37.095+08:00,0xB25B,1,0,1000,55,55,0,32,49,-57
2026-07-29T15:39:38.098+08:00,0xB25B,1,0,1000,56,56,0,32,49,-57
2026-07-29T15:39:39.098+08:00,0xB25B,1,0,1000,57,57,0,32,49,-58
2026-07-29T15:39:40.097+08:00,0xB25B,1,0,1000,58,58,0,32,49,-56
2026-07-29T15:39:40.223+08:00,0xB25B,1,1,500,59,59,0,32,49,-55
2026-07-29T15:39:40.712+08:00,0xB25B,1,1,500,60,60,0,32,49,-56
2026-07-29T15:39:41.216+08:00,0xB25B,1,1,500,61,61,0,32,49,-59
2026-07-29T15:39:41.712+08:00,0xB25B,1,1,500,62,62,0,32,49,-57
2026-07-29T15:39:42.213+08:00,0xB25B,1,1,500,63,63,0,32,49,-58
2026-07-29T15:39:42.712+08:00,0xB25B,1,1,500,64,64,0,32,49,-58
2026-07-29T15:39:43.221+08:00,0xB25B,1,1,500,65,65,0,32,49,-58
2026-07-29T15:39:43.714+08:00,0xB25B,1,1,500,66,66,0,32,49,-59
2026-07-29T15:39:44.221+08:00,0xB25B,1,1,500,67,67,0,32,49,-57
2026-07-29T15:39:44.713+08:00,0xB25B,1,1,500,68,68,0,32,49,-57
2026-07-29T15:39:45.217+08:00,0xB25B,1,1,500,69,69,0,32,49,-57
2026-07-29T15:39:45.713+08:00,0xB25B,1,1,500,70,70,0,32,49,-59
2026-07-29T15:39:46.217+08:00,0xB25B,1,1,500,71,71,0,32,49,-58
2026-07-29T15:39:46.713+08:00,0xB25B,1,1,500,72,72,0,32,49,-57
2026-07-29T15:39:47.213+08:00,0xB25B,1,1,500,73,73,0,32,49,-57
2026-07-29T15:39:47.716+08:00,0xB25B,1,1,500,74,74,0,32,49,-58
2026-07-29T15:39:48.215+08:00,0xB25B,1,1,500,75,75,0,32,49,-57
2026-07-29T15:39:48.715+08:00,0xB25B,1,1,500,76,76,0,32,49,-57
2026-07-29T15:39:49.217+08:00,0xB25B,1,1,500,77,77,0,32,49,-57
2026-07-29T15:39:49.720+08:00,0xB25B,1,1,500,78,78,0,32,49,-57
2026-07-29T15:39:50.216+08:00,0xB25B,1,1,500,79,79,0,32,49,-57
2026-07-29T15:39:50.715+08:00,0xB25B,1,1,500,80,80,0,32,49,-58
2026-07-29T15:39:51.225+08:00,0xB25B,1,1,500,81,81,0,32,49,-57
2026-07-29T15:39:51.716+08:00,0xB25B,1,1,500,82,82,0,32,49,-58
2026-07-29T15:39:52.225+08:00,0xB25B,1,1,500,83,83,0,32,49,-58
2026-07-29T15:39:52.717+08:00,0xB25B,1,1,500,84,84,0,32,49,-58
2026-07-29T15:39:53.223+08:00,0xB25B,1,1,500,85,85,0,32,49,-58
2026-07-29T15:39:53.715+08:00,0xB25B,1,1,500,86,86,0,32,49,-58
2026-07-29T15:39:54.222+08:00,0xB25B,1,1,500,87,87,0,32,49,-57
2026-07-29T15:39:54.720+08:00,0xB25B,1,1,500,88,88,0,32,49,-59
2026-07-29T15:39:55.220+08:00,0xB25B,1,1,500,89,89,0,32,49,-57
2026-07-29T15:39:55.717+08:00,0xB25B,1,1,500,90,90,0,32,49,-58
2026-07-29T15:39:56.217+08:00,0xB25B,1,1,500,91,91,0,32,49,-57
2026-07-29T15:39:56.728+08:00,0xB25B,1,1,500,92,92,0,32,49,-57
2026-07-29T15:39:57.217+08:00,0xB25B,1,1,500,93,93,0,32,49,-57
2026-07-29T15:39:57.716+08:00,0xB25B,1,1,500,94,94,0,32,49,-57
2026-07-29T15:39:58.222+08:00,0xB25B,1,1,500,95,95,0,32,49,-57
2026-07-29T15:39:58.717+08:00,0xB25B,1,1,500,96,96,0,32,49,-57
2026-07-29T15:39:59.222+08:00,0xB25B,1,1,500,97,97,0,32,49,-57
2026-07-29T15:39:59.718+08:00,0xB25B,1,1,500,98,98,0,32,49,-57
2026-07-29T15:40:00.219+08:00,0xB25B,1,1,500,99,99,0,32,49,-57
2026-07-29T15:40:00.717+08:00,0xB25B,1,1,500,100,100,0,32,49,-57
2026-07-29T15:40:01.220+08:00,0xB25B,1,1,500,101,101,0,32,49,-57
2026-07-29T15:40:01.717+08:00,0xB25B,1,1,500,102,102,0,32,49,-57
2026-07-29T15:40:02.216+08:00,0xB25B,1,1,500,103,103,0,32,49,-57
2026-07-29T15:40:02.718+08:00,0xB25B,1,1,500,104,104,0,32,49,-57
2026-07-29T15:40:03.226+08:00,0xB25B,1,1,500,105,105,0,32,49,-57
2026-07-29T15:40:03.721+08:00,0xB25B,1,1,500,106,106,0,32,49,-57
2026-07-29T15:40:04.219+08:00,0xB25B,1,1,500,107,107,0,32,49,-57
2026-07-29T15:40:04.725+08:00,0xB25B,1,1,500,108,108,0,32,49,-57
2026-07-29T15:40:05.220+08:00,0xB25B,1,1,500,109,109,0,32,49,-57
2026-07-29T15:40:05.719+08:00,0xB25B,1,1,500,110,110,0,32,49,-57
2026-07-29T15:40:06.221+08:00,0xB25B,1,1,500,111,111,0,32,49,-57
2026-07-29T15:40:06.718+08:00,0xB25B,1,1,500,112,112,0,32,49,-57
2026-07-29T15:40:07.221+08:00,0xB25B,1,1,500,113,113,0,32,49,-58
2026-07-29T15:40:07.719+08:00,0xB25B,1,1,500,114,114,0,32,49,-58
2026-07-29T15:40:08.220+08:00,0xB25B,1,1,500,115,115,0,32,49,-57
2026-07-29T15:40:08.726+08:00,0xB25B,1,1,500,116,116,0,32,49,-57
2026-07-29T15:40:09.220+08:00,0xB25B,1,1,500,117,117,0,32,49,-57
2026-07-29T15:40:09.719+08:00,0xB25B,1,1,500,118,118,0,32,49,-57
2026-07-29T15:40:10.220+08:00,0xB25B,1,1,500,119,119,0,32,49,-57
2026-07-29T15:40:10.721+08:00,0xB25B,1,1,500,120,120,0,32,49,-57
2026-07-29T15:40:11.226+08:00,0xB25B,1,1,500,121,121,0,32,49,-57
2026-07-29T15:40:11.727+08:00,0xB25B,1,1,500,122,122,0,32,49,-57
2026-07-29T15:40:12.224+08:00,0xB25B,1,1,500,123,123,0,32,49,-57
2026-07-29T15:40:12.724+08:00,0xB25B,1,1,500,124,124,0,32,49,-57
2026-07-29T15:40:13.223+08:00,0xB25B,1,1,500,125,125,0,32,49,-58
2026-07-29T15:40:13.723+08:00,0xB25B,1,1,500,126,126,0,32,49,-58
2026-07-29T15:40:14.223+08:00,0xB25B,1,1,500,127,127,0,32,49,-58
2026-07-29T15:40:14.723+08:00,0xB25B,1,1,500,128,128,0,32,49,-57
2026-07-29T15:40:15.224+08:00,0xB25B,1,1,500,129,129,0,32,49,-58
2026-07-29T15:40:15.726+08:00,0xB25B,1,1,500,130,130,0,32,49,-59
2026-07-29T15:40:16.235+08:00,0xB25B,1,1,500,131,131,0,32,49,-58
2026-07-29T15:40:16.731+08:00,0xB25B,1,1,500,132,132,0,32,49,-58
2026-07-29T15:40:17.226+08:00,0xB25B,1,1,500,133,133,0,32,49,-57
2026-07-29T15:40:17.725+08:00,0xB25B,1,1,500,134,134,0,32,49,-57
2026-07-29T15:40:18.233+08:00,0xB25B,1,1,500,135,135,0,32,49,-57
2026-07-29T15:40:18.725+08:00,0xB25B,1,1,500,136,136,0,32,49,-57
2026-07-29T15:40:19.225+08:00,0xB25B,1,1,500,137,137,0,32,49,-57
2026-07-29T15:40:19.725+08:00,0xB25B,1,1,500,138,138,0,32,49,-57
2026-07-29T15:40:20.227+08:00,0xB25B,1,1,500,139,139,0,32,49,-58
2026-07-29T15:40:20.725+08:00,0xB25B,1,1,500,140,140,0,32,49,-58
2026-07-29T15:40:21.225+08:00,0xB25B,1,1,500,141,141,0,32,49,-57
2026-07-29T15:40:21.726+08:00,0xB25B,1,1,500,142,142,0,32,49,-57
2026-07-29T15:40:22.227+08:00,0xB25B,1,1,500,143,143,0,32,49,-57
2026-07-29T15:40:22.727+08:00,0xB25B,1,1,500,144,144,0,32,49,-57
2026-07-29T15:40:23.226+08:00,0xB25B,1,1,500,145,145,0,32,49,-57
2026-07-29T15:40:23.725+08:00,0xB25B,1,1,500,146,146,0,32,49,-57
2026-07-29T15:40:24.227+08:00,0xB25B,1,1,500,147,147,0,32,49,-57
2026-07-29T15:40:24.726+08:00,0xB25B,1,1,500,148,148,0,32,49,-57
2026-07-29T15:40:25.226+08:00,0xB25B,1,1,500,149,149,0,32,49,-57
2026-07-29T15:40:25.726+08:00,0xB25B,1,1,500,150,150,0,32,49,-57
2026-07-29T15:40:26.227+08:00,0xB25B,1,1,500,151,151,0,32,49,-56
2026-07-29T15:40:26.726+08:00,0xB25B,1,1,500,152,152,0,32,49,-56
2026-07-29T15:40:27.227+08:00,0xB25B,1,1,500,153,153,0,32,49,-56
2026-07-29T15:40:27.727+08:00,0xB25B,1,1,500,154,154,0,32,49,-56
2026-07-29T15:40:28.227+08:00,0xB25B,1,1,500,155,155,0,32,49,-56
2026-07-29T15:40:28.728+08:00,0xB25B,1,1,500,156,156,0,32,49,-56
2026-07-29T15:40:29.228+08:00,0xB25B,1,1,500,157,157,0,32,49,-57
2026-07-29T15:40:29.729+08:00,0xB25B,1,1,500,158,158,0,32,49,-57
2026-07-29T15:40:30.228+08:00,0xB25B,1,1,500,159,159,0,32,49,-56
2026-07-29T15:40:30.728+08:00,0xB25B,1,1,500,160,160,0,32,49,-56
2026-07-29T15:40:31.226+08:00,0xB25B,1,1,500,161,161,0,32,49,-56
2026-07-29T15:40:31.727+08:00,0xB25B,1,1,500,162,162,0,32,49,-57
2026-07-29T15:40:32.227+08:00,0xB25B,1,1,500,163,163,0,32,49,-57
2026-07-29T15:40:32.728+08:00,0xB25B,1,1,500,164,164,0,32,49,-57
2026-07-29T15:40:33.232+08:00,0xB25B,1,1,500,165,165,0,32,49,-57
2026-07-29T15:40:33.728+08:00,0xB25B,1,1,500,166,166,0,32,49,-57
2026-07-29T15:40:34.229+08:00,0xB25B,1,1,500,167,167,0,32,49,-57
2026-07-29T15:40:34.729+08:00,0xB25B,1,1,500,168,168,0,32,49,-58
2026-07-29T15:40:35.246+08:00,0xB25B,1,1,500,169,169,0,32,49,-57
2026-07-29T15:40:35.732+08:00,0xB25B,1,1,500,170,170,0,32,49,-57
2026-07-29T15:40:36.232+08:00,0xB25B,1,1,500,171,171,0,32,49,-56
2026-07-29T15:40:36.735+08:00,0xB25B,1,1,500,172,172,0,32,49,-57
2026-07-29T15:40:37.231+08:00,0xB25B,1,1,500,173,173,0,32,49,-58
2026-07-29T15:40:37.730+08:00,0xB25B,1,1,500,174,174,0,32,49,-57
2026-07-29T15:40:38.230+08:00,0xB25B,1,1,500,175,175,0,32,49,-53
2026-07-29T15:40:38.730+08:00,0xB25B,1,1,500,176,176,0,32,49,-53
2026-07-29T15:40:39.230+08:00,0xB25B,1,1,500,177,177,0,32,49,-59
2026-07-29T15:40:39.731+08:00,0xB25B,1,1,500,178,178,0,32,49,-55
2026-07-29T15:40:40.230+08:00,0xB25B,1,1,500,179,179,0,32,49,-55
2026-07-29T15:40:40.733+08:00,0xB25B,1,1,500,180,180,0,32,49,-56
2026-07-29T15:40:41.237+08:00,0xB25B,1,1,500,181,181,0,32,49,-55
2026-07-29T15:40:41.733+08:00,0xB25B,1,1,500,182,182,0,32,49,-55
2026-07-29T15:40:42.214+08:00,0xB25B,1,2,200,183,183,0,32,49,-57
2026-07-29T15:40:42.378+08:00,0xB25B,1,2,200,184,184,0,32,49,-57
2026-07-29T15:40:42.579+08:00,0xB25B,1,2,200,185,185,0,32,49,-56
2026-07-29T15:40:42.781+08:00,0xB25B,1,2,200,186,186,0,32,49,-56
2026-07-29T15:40:42.980+08:00,0xB25B,1,2,200,187,187,0,32,49,-57
2026-07-29T15:40:43.224+08:00,0xB25B,1,2,200,188,188,0,32,49,-60
2026-07-29T15:40:43.380+08:00,0xB25B,1,2,200,189,189,0,32,49,-59
2026-07-29T15:40:43.580+08:00,0xB25B,1,2,200,190,190,0,32,49,-58
2026-07-29T15:40:43.780+08:00,0xB25B,1,2,200,191,191,0,32,49,-58
2026-07-29T15:40:43.981+08:00,0xB25B,1,2,200,192,192,0,32,49,-59
2026-07-29T15:40:44.225+08:00,0xB25B,1,2,200,193,193,0,32,49,-59
2026-07-29T15:40:44.379+08:00,0xB25B,1,2,200,194,194,0,32,49,-58
2026-07-29T15:40:44.581+08:00,0xB25B,1,2,200,195,195,0,32,49,-59
2026-07-29T15:40:44.786+08:00,0xB25B,1,2,200,196,196,0,32,49,-56
2026-07-29T15:40:44.987+08:00,0xB25B,1,2,200,197,197,0,32,49,-56
2026-07-29T15:40:45.218+08:00,0xB25B,1,2,200,198,198,0,32,49,-58
2026-07-29T15:40:45.381+08:00,0xB25B,1,2,200,199,199,0,32,49,-59
2026-07-29T15:40:45.584+08:00,0xB25B,1,2,200,200,200,0,32,49,-60
2026-07-29T15:40:45.788+08:00,0xB25B,1,2,200,201,201,0,32,49,-59
2026-07-29T15:40:45.984+08:00,0xB25B,1,2,200,202,202,0,32,49,-58
2026-07-29T15:40:46.221+08:00,0xB25B,1,2,200,203,203,0,32,49,-59
2026-07-29T15:40:46.386+08:00,0xB25B,1,2,200,204,204,0,32,49,-59
2026-07-29T15:40:46.590+08:00,0xB25B,1,2,200,205,205,0,32,49,-58
2026-07-29T15:40:46.786+08:00,0xB25B,1,2,200,206,206,0,32,49,-58
2026-07-29T15:40:46.985+08:00,0xB25B,1,2,200,207,207,0,32,49,-57
2026-07-29T15:40:47.218+08:00,0xB25B,1,2,200,208,208,0,32,49,-59
2026-07-29T15:40:47.385+08:00,0xB25B,1,2,200,209,209,0,32,49,-59
2026-07-29T15:40:47.586+08:00,0xB25B,1,2,200,210,210,0,32,49,-59
2026-07-29T15:40:47.786+08:00,0xB25B,1,2,200,211,211,0,32,49,-59
2026-07-29T15:40:47.984+08:00,0xB25B,1,2,200,212,212,0,32,49,-57
2026-07-29T15:40:48.217+08:00,0xB25B,1,2,200,213,213,0,32,49,-57
2026-07-29T15:40:48.385+08:00,0xB25B,1,2,200,214,214,0,32,49,-58
2026-07-29T15:40:48.586+08:00,0xB25B,1,2,200,215,215,0,32,49,-58
2026-07-29T15:40:48.786+08:00,0xB25B,1,2,200,216,216,0,32,49,-59
2026-07-29T15:40:48.984+08:00,0xB25B,1,2,200,217,217,0,32,49,-58
2026-07-29T15:40:49.219+08:00,0xB25B,1,2,200,218,218,0,32,49,-57
2026-07-29T15:40:49.386+08:00,0xB25B,1,2,200,219,219,0,32,49,-57
2026-07-29T15:40:49.587+08:00,0xB25B,1,2,200,220,220,0,32,49,-57
2026-07-29T15:40:49.787+08:00,0xB25B,1,2,200,221,221,0,32,49,-57
2026-07-29T15:40:49.985+08:00,0xB25B,1,2,200,222,222,0,32,49,-58
2026-07-29T15:40:50.215+08:00,0xB25B,1,2,200,223,223,0,32,49,-57
2026-07-29T15:40:50.385+08:00,0xB25B,1,2,200,224,224,0,32,49,-58
2026-07-29T15:40:50.586+08:00,0xB25B,1,2,200,225,225,0,32,49,-58
2026-07-29T15:40:50.786+08:00,0xB25B,1,2,200,226,226,0,32,49,-58
2026-07-29T15:40:50.987+08:00,0xB25B,1,2,200,227,227,0,32,49,-59
2026-07-29T15:40:51.216+08:00,0xB25B,1,2,200,228,228,0,32,49,-59
2026-07-29T15:40:51.387+08:00,0xB25B,1,2,200,229,229,0,32,49,-59
2026-07-29T15:40:51.586+08:00,0xB25B,1,2,200,230,230,0,32,49,-58
2026-07-29T15:40:51.785+08:00,0xB25B,1,2,200,231,231,0,32,49,-58
2026-07-29T15:40:51.986+08:00,0xB25B,1,2,200,232,232,0,32,49,-58
2026-07-29T15:40:52.212+08:00,0xB25B,1,2,200,233,233,0,32,49,-57
2026-07-29T15:40:52.386+08:00,0xB25B,1,2,200,234,234,0,32,49,-57
2026-07-29T15:40:52.585+08:00,0xB25B,1,2,200,235,235,0,32,49,-57
2026-07-29T15:40:52.785+08:00,0xB25B,1,2,200,236,236,0,32,49,-59
2026-07-29T15:40:52.986+08:00,0xB25B,1,2,200,237,237,0,32,49,-59
2026-07-29T15:40:53.211+08:00,0xB25B,1,2,200,238,238,0,32,49,-58
2026-07-29T15:40:53.388+08:00,0xB25B,1,2,200,239,239,0,32,49,-57
2026-07-29T15:40:53.585+08:00,0xB25B,1,2,200,240,240,0,32,49,-58
2026-07-29T15:40:53.786+08:00,0xB25B,1,2,200,241,241,0,32,49,-59
2026-07-29T15:40:53.986+08:00,0xB25B,1,2,200,242,242,0,32,49,-58
2026-07-29T15:40:54.210+08:00,0xB25B,1,2,200,243,243,0,32,49,-60
2026-07-29T15:40:54.384+08:00,0xB25B,1,2,200,244,244,0,32,49,-58
2026-07-29T15:40:54.586+08:00,0xB25B,1,2,200,245,245,0,32,49,-58
2026-07-29T15:40:54.786+08:00,0xB25B,1,2,200,246,246,0,32,49,-59
2026-07-29T15:40:54.986+08:00,0xB25B,1,2,200,247,247,0,32,49,-57
2026-07-29T15:40:55.210+08:00,0xB25B,1,2,200,248,248,0,32,49,-59
2026-07-29T15:40:55.395+08:00,0xB25B,1,2,200,249,249,0,32,49,-59
2026-07-29T15:40:55.588+08:00,0xB25B,1,2,200,250,250,0,32,49,-59
2026-07-29T15:40:55.785+08:00,0xB25B,1,2,200,251,251,0,32,49,-59
2026-07-29T15:40:55.986+08:00,0xB25B,1,2,200,252,252,0,32,49,-59
2026-07-29T15:40:56.210+08:00,0xB25B,1,2,200,253,253,0,32,49,-61
2026-07-29T15:40:56.386+08:00,0xB25B,1,2,200,254,254,0,32,49,-60
2026-07-29T15:40:56.585+08:00,0xB25B,1,2,200,255,255,0,32,49,-59
2026-07-29T15:40:56.786+08:00,0xB25B,1,2,200,256,256,0,32,49,-59
2026-07-29T15:40:56.985+08:00,0xB25B,1,2,200,257,257,0,32,49,-59
2026-07-29T15:40:57.219+08:00,0xB25B,1,2,200,258,258,0,32,49,-60
2026-07-29T15:40:57.386+08:00,0xB25B,1,2,200,259,259,0,32,49,-58
2026-07-29T15:40:57.587+08:00,0xB25B,1,2,200,260,260,0,32,49,-58
2026-07-29T15:40:57.787+08:00,0xB25B,1,2,200,261,261,0,32,49,-58
2026-07-29T15:40:57.991+08:00,0xB25B,1,2,200,262,262,0,32,49,-58
2026-07-29T15:40:58.217+08:00,0xB25B,1,2,200,263,263,0,32,49,-59
2026-07-29T15:40:58.385+08:00,0xB25B,1,2,200,264,264,0,32,49,-59
2026-07-29T15:40:58.586+08:00,0xB25B,1,2,200,265,265,0,32,49,-59
2026-07-29T15:40:58.786+08:00,0xB25B,1,2,200,266,266,0,32,49,-59
2026-07-29T15:40:58.987+08:00,0xB25B,1,2,200,267,267,0,32,49,-58
2026-07-29T15:40:59.214+08:00,0xB25B,1,2,200,268,268,0,32,49,-58
2026-07-29T15:40:59.385+08:00,0xB25B,1,2,200,269,269,0,32,49,-58
2026-07-29T15:40:59.585+08:00,0xB25B,1,2,200,270,270,0,32,49,-58
2026-07-29T15:40:59.785+08:00,0xB25B,1,2,200,271,271,0,32,49,-59
2026-07-29T15:40:59.987+08:00,0xB25B,1,2,200,272,272,0,32,49,-59
2026-07-29T15:41:00.211+08:00,0xB25B,1,2,200,273,273,0,32,49,-59
2026-07-29T15:41:00.386+08:00,0xB25B,1,2,200,274,274,0,32,49,-59
2026-07-29T15:41:00.589+08:00,0xB25B,1,2,200,275,275,0,32,49,-59
2026-07-29T15:41:00.786+08:00,0xB25B,1,2,200,276,276,0,32,49,-59
2026-07-29T15:41:00.985+08:00,0xB25B,1,2,200,277,277,0,32,49,-59
2026-07-29T15:41:01.213+08:00,0xB25B,1,2,200,278,278,0,32,49,-59
2026-07-29T15:41:01.387+08:00,0xB25B,1,2,200,279,279,0,32,49,-60
2026-07-29T15:41:01.584+08:00,0xB25B,1,2,200,280,280,0,32,49,-59
2026-07-29T15:41:01.787+08:00,0xB25B,1,2,200,281,281,0,32,49,-59
2026-07-29T15:41:01.986+08:00,0xB25B,1,2,200,282,282,0,32,49,-57
2026-07-29T15:41:02.219+08:00,0xB25B,1,2,200,283,283,0,32,49,-56
2026-07-29T15:41:02.385+08:00,0xB25B,1,2,200,284,284,0,32,49,-56
2026-07-29T15:41:02.584+08:00,0xB25B,1,2,200,285,285,0,32,49,-57
2026-07-29T15:41:02.787+08:00,0xB25B,1,2,200,286,286,0,32,49,-58
2026-07-29T15:41:02.984+08:00,0xB25B,1,2,200,287,287,0,32,49,-58
2026-07-29T15:41:03.223+08:00,0xB25B,1,2,200,288,288,0,32,49,-57
2026-07-29T15:41:03.385+08:00,0xB25B,1,2,200,289,289,0,32,49,-56
2026-07-29T15:41:03.588+08:00,0xB25B,1,2,200,290,290,0,32,49,-57
2026-07-29T15:41:03.787+08:00,0xB25B,1,2,200,291,291,0,32,49,-58
2026-07-29T15:41:03.986+08:00,0xB25B,1,2,200,292,292,0,32,49,-58
2026-07-29T15:41:04.218+08:00,0xB25B,1,2,200,293,293,0,32,49,-58
2026-07-29T15:41:04.386+08:00,0xB25B,1,2,200,294,294,0,32,49,-58
2026-07-29T15:41:04.586+08:00,0xB25B,1,2,200,295,295,0,32,49,-58
2026-07-29T15:41:04.786+08:00,0xB25B,1,2,200,296,296,0,32,49,-58
2026-07-29T15:41:04.985+08:00,0xB25B,1,2,200,297,297,0,32,49,-57
2026-07-29T15:41:05.216+08:00,0xB25B,1,2,200,298,298,0,32,49,-57
2026-07-29T15:41:05.385+08:00,0xB25B,1,2,200,299,299,0,32,49,-57
2026-07-29T15:41:05.587+08:00,0xB25B,1,2,200,300,300,0,32,49,-57
2026-07-29T15:41:05.785+08:00,0xB25B,1,2,200,301,301,0,32,49,-59
2026-07-29T15:41:05.986+08:00,0xB25B,1,2,200,302,302,0,32,49,-57
2026-07-29T15:41:06.215+08:00,0xB25B,1,2,200,303,303,0,32,49,-57
2026-07-29T15:41:06.385+08:00,0xB25B,1,2,200,304,304,0,32,49,-57
2026-07-29T15:41:06.589+08:00,0xB25B,1,2,200,305,305,0,32,49,-57
2026-07-29T15:41:06.797+08:00,0xB25B,1,2,200,306,306,0,32,49,-58
2026-07-29T15:41:06.985+08:00,0xB25B,1,2,200,307,307,0,32,49,-58
2026-07-29T15:41:07.225+08:00,0xB25B,1,2,200,308,308,0,32,49,-58
2026-07-29T15:41:07.387+08:00,0xB25B,1,2,200,309,309,0,32,49,-57
2026-07-29T15:41:07.586+08:00,0xB25B,1,2,200,310,310,0,32,49,-58
2026-07-29T15:41:07.785+08:00,0xB25B,1,2,200,311,311,0,32,49,-57
2026-07-29T15:41:07.984+08:00,0xB25B,1,2,200,312,312,0,32,49,-57
2026-07-29T15:41:08.220+08:00,0xB25B,1,2,200,313,313,0,32,49,-57
2026-07-29T15:41:08.386+08:00,0xB25B,1,2,200,314,314,0,32,49,-57
2026-07-29T15:41:08.585+08:00,0xB25B,1,2,200,315,315,0,32,49,-57
2026-07-29T15:41:08.785+08:00,0xB25B,1,2,200,316,316,0,32,49,-57
2026-07-29T15:41:08.986+08:00,0xB25B,1,2,200,317,317,0,32,49,-57
2026-07-29T15:41:09.215+08:00,0xB25B,1,2,200,318,318,0,32,49,-57
2026-07-29T15:41:09.386+08:00,0xB25B,1,2,200,319,319,0,32,49,-57
2026-07-29T15:41:09.584+08:00,0xB25B,1,2,200,320,320,0,32,49,-57
2026-07-29T15:41:09.787+08:00,0xB25B,1,2,200,321,321,0,32,49,-57
2026-07-29T15:41:09.997+08:00,0xB25B,1,2,200,322,322,0,32,49,-57
2026-07-29T15:41:10.213+08:00,0xB25B,1,2,200,323,323,0,32,49,-57
2026-07-29T15:41:10.385+08:00,0xB25B,1,2,200,324,324,0,32,49,-57
2026-07-29T15:41:10.586+08:00,0xB25B,1,2,200,325,325,0,32,49,-57
2026-07-29T15:41:10.786+08:00,0xB25B,1,2,200,326,326,0,32,49,-57
2026-07-29T15:41:10.986+08:00,0xB25B,1,2,200,327,327,0,32,49,-56
2026-07-29T15:41:11.211+08:00,0xB25B,1,2,200,328,328,0,32,49,-56
2026-07-29T15:41:11.391+08:00,0xB25B,1,2,200,329,329,0,32,49,-57
2026-07-29T15:41:11.585+08:00,0xB25B,1,2,200,330,330,0,32,49,-57
2026-07-29T15:41:11.786+08:00,0xB25B,1,2,200,331,331,0,32,49,-57
2026-07-29T15:41:11.986+08:00,0xB25B,1,2,200,332,332,0,32,49,-57
2026-07-29T15:41:12.214+08:00,0xB25B,1,2,200,333,333,0,32,49,-57
2026-07-29T15:41:12.385+08:00,0xB25B,1,2,200,334,334,0,32,49,-57
2026-07-29T15:41:12.585+08:00,0xB25B,1,2,200,335,335,0,32,49,-57
2026-07-29T15:41:12.785+08:00,0xB25B,1,2,200,336,336,0,32,49,-56
2026-07-29T15:41:12.987+08:00,0xB25B,1,2,200,337,337,0,32,49,-56
2026-07-29T15:41:13.211+08:00,0xB25B,1,2,200,338,338,0,32,49,-55
2026-07-29T15:41:13.386+08:00,0xB25B,1,2,200,339,339,0,32,49,-55
2026-07-29T15:41:13.586+08:00,0xB25B,1,2,200,340,340,0,32,49,-57
2026-07-29T15:41:13.786+08:00,0xB25B,1,2,200,341,341,0,32,49,-58
2026-07-29T15:41:13.986+08:00,0xB25B,1,2,200,342,342,0,32,49,-56
2026-07-29T15:41:14.223+08:00,0xB25B,1,2,200,343,343,0,32,49,-59
2026-07-29T15:41:14.386+08:00,0xB25B,1,2,200,344,344,0,32,49,-59
2026-07-29T15:41:14.592+08:00,0xB25B,1,2,200,345,345,0,32,49,-57
2026-07-29T15:41:14.786+08:00,0xB25B,1,2,200,346,346,0,32,49,-55
2026-07-29T15:41:14.922+08:00,0xB25B,1,3,100,347,347,0,32,49,-56
2026-07-29T15:41:15.022+08:00,0xB25B,1,3,100,348,348,0,32,49,-54
2026-07-29T15:41:15.121+08:00,0xB25B,1,3,100,349,349,0,32,49,-56
2026-07-29T15:41:15.222+08:00,0xB25B,1,3,100,350,350,0,32,49,-57
2026-07-29T15:41:15.321+08:00,0xB25B,1,3,100,351,351,0,32,49,-57
2026-07-29T15:41:15.424+08:00,0xB25B,1,3,100,352,352,0,32,49,-55
2026-07-29T15:41:15.525+08:00,0xB25B,1,3,100,353,353,0,32,49,-55
2026-07-29T15:41:15.624+08:00,0xB25B,1,3,100,354,354,0,32,49,-56
2026-07-29T15:41:15.723+08:00,0xB25B,1,3,100,355,355,0,32,49,-58
2026-07-29T15:41:15.824+08:00,0xB25B,1,3,100,356,356,0,32,49,-58
2026-07-29T15:41:15.922+08:00,0xB25B,1,3,100,357,357,0,32,49,-58
2026-07-29T15:41:16.023+08:00,0xB25B,1,3,100,358,358,0,32,49,-56
2026-07-29T15:41:16.123+08:00,0xB25B,1,3,100,359,359,0,32,49,-55
2026-07-29T15:41:16.223+08:00,0xB25B,1,3,100,360,360,0,32,49,-55
2026-07-29T15:41:16.324+08:00,0xB25B,1,3,100,361,361,0,32,49,-56
2026-07-29T15:41:16.427+08:00,0xB25B,1,3,100,362,362,0,32,49,-55
2026-07-29T15:41:16.526+08:00,0xB25B,1,3,100,363,363,0,32,49,-55
2026-07-29T15:41:16.626+08:00,0xB25B,1,3,100,364,364,0,32,49,-56
2026-07-29T15:41:16.725+08:00,0xB25B,1,3,100,365,365,0,32,49,-55
2026-07-29T15:41:16.825+08:00,0xB25B,1,3,100,366,366,0,32,49,-55
2026-07-29T15:41:16.926+08:00,0xB25B,1,3,100,367,367,0,32,49,-55
2026-07-29T15:41:17.026+08:00,0xB25B,1,3,100,368,368,0,32,49,-56
2026-07-29T15:41:17.127+08:00,0xB25B,1,3,100,369,369,0,32,49,-56
2026-07-29T15:41:17.231+08:00,0xB25B,1,3,100,370,370,0,32,49,-56
2026-07-29T15:41:17.327+08:00,0xB25B,1,3,100,371,371,0,32,49,-56
2026-07-29T15:41:17.428+08:00,0xB25B,1,3,100,372,372,0,32,49,-56
2026-07-29T15:41:17.526+08:00,0xB25B,1,3,100,373,373,0,32,49,-56
2026-07-29T15:41:17.627+08:00,0xB25B,1,3,100,374,374,0,32,49,-55
2026-07-29T15:41:17.725+08:00,0xB25B,1,3,100,375,375,0,32,49,-55
2026-07-29T15:41:17.828+08:00,0xB25B,1,3,100,376,376,0,32,49,-55
2026-07-29T15:41:17.928+08:00,0xB25B,1,3,100,377,377,0,32,49,-56
2026-07-29T15:41:18.028+08:00,0xB25B,1,3,100,378,378,0,32,49,-55
2026-07-29T15:41:18.128+08:00,0xB25B,1,3,100,379,379,0,32,49,-55
2026-07-29T15:41:18.230+08:00,0xB25B,1,3,100,380,380,0,32,49,-55
2026-07-29T15:41:18.328+08:00,0xB25B,1,3,100,381,381,0,32,49,-55
2026-07-29T15:41:18.427+08:00,0xB25B,1,3,100,382,382,0,32,49,-56
2026-07-29T15:41:18.526+08:00,0xB25B,1,3,100,383,383,0,32,49,-56
2026-07-29T15:41:18.628+08:00,0xB25B,1,3,100,384,384,0,32,49,-56
2026-07-29T15:41:18.730+08:00,0xB25B,1,3,100,385,385,0,32,49,-56
2026-07-29T15:41:18.830+08:00,0xB25B,1,3,100,386,386,0,32,49,-56
2026-07-29T15:41:18.930+08:00,0xB25B,1,3,100,387,387,0,32,49,-56
2026-07-29T15:41:19.030+08:00,0xB25B,1,3,100,388,388,0,32,49,-56
2026-07-29T15:41:19.131+08:00,0xB25B,1,3,100,389,389,0,32,49,-55
2026-07-29T15:41:19.232+08:00,0xB25B,1,3,100,390,390,0,32,49,-55
2026-07-29T15:41:19.331+08:00,0xB25B,1,3,100,391,391,0,32,49,-56
2026-07-29T15:41:19.431+08:00,0xB25B,1,3,100,392,392,0,32,49,-56
2026-07-29T15:41:19.532+08:00,0xB25B,1,3,100,393,393,0,32,49,-56
2026-07-29T15:41:19.630+08:00,0xB25B,1,3,100,394,394,0,32,49,-56
2026-07-29T15:41:19.732+08:00,0xB25B,1,3,100,395,395,0,32,49,-56
2026-07-29T15:41:19.830+08:00,0xB25B,1,3,100,396,396,0,32,49,-56
2026-07-29T15:41:19.932+08:00,0xB25B,1,3,100,397,397,0,32,49,-57
2026-07-29T15:41:20.031+08:00,0xB25B,1,3,100,398,398,0,32,49,-57
2026-07-29T15:41:20.132+08:00,0xB25B,1,3,100,399,399,0,32,49,-57
2026-07-29T15:41:20.233+08:00,0xB25B,1,3,100,400,400,0,32,49,-58
2026-07-29T15:41:20.338+08:00,0xB25B,1,3,100,401,401,0,32,49,-59
2026-07-29T15:41:20.433+08:00,0xB25B,1,3,100,402,402,0,32,49,-59
2026-07-29T15:41:20.535+08:00,0xB25B,1,3,100,403,403,0,32,49,-59
2026-07-29T15:41:20.634+08:00,0xB25B,1,3,100,404,404,0,32,49,-59
2026-07-29T15:41:20.744+08:00,0xB25B,1,3,100,405,405,0,32,49,-59
2026-07-29T15:41:20.834+08:00,0xB25B,1,3,100,406,406,0,32,49,-58
2026-07-29T15:41:20.936+08:00,0xB25B,1,3,100,407,407,0,32,49,-57
2026-07-29T15:41:21.035+08:00,0xB25B,1,3,100,408,408,0,32,49,-57
2026-07-29T15:41:21.135+08:00,0xB25B,1,3,100,409,409,0,32,49,-57
2026-07-29T15:41:21.237+08:00,0xB25B,1,3,100,410,410,0,32,49,-56
2026-07-29T15:41:21.336+08:00,0xB25B,1,3,100,411,411,0,32,49,-56
2026-07-29T15:41:21.436+08:00,0xB25B,1,3,100,412,412,0,32,49,-56
2026-07-29T15:41:21.536+08:00,0xB25B,1,3,100,413,413,0,32,49,-56
2026-07-29T15:41:21.636+08:00,0xB25B,1,3,100,414,414,0,32,49,-57
2026-07-29T15:41:21.736+08:00,0xB25B,1,3,100,415,415,0,32,49,-57
2026-07-29T15:41:21.835+08:00,0xB25B,1,3,100,416,416,0,32,49,-57
2026-07-29T15:41:21.938+08:00,0xB25B,1,3,100,417,417,0,32,49,-57
2026-07-29T15:41:22.038+08:00,0xB25B,1,3,100,418,418,0,32,49,-57
2026-07-29T15:41:22.141+08:00,0xB25B,1,3,100,419,419,0,32,49,-56
2026-07-29T15:41:22.243+08:00,0xB25B,1,3,100,420,420,0,32,49,-56
2026-07-29T15:41:22.339+08:00,0xB25B,1,3,100,421,421,0,32,49,-56
2026-07-29T15:41:22.440+08:00,0xB25B,1,3,100,422,422,0,32,49,-56
2026-07-29T15:41:22.539+08:00,0xB25B,1,3,100,423,423,0,32,49,-57
2026-07-29T15:41:22.641+08:00,0xB25B,1,3,100,424,424,0,32,49,-57
2026-07-29T15:41:22.744+08:00,0xB25B,1,3,100,425,425,0,32,49,-56
2026-07-29T15:41:22.845+08:00,0xB25B,1,3,100,426,426,0,32,49,-57
2026-07-29T15:41:22.943+08:00,0xB25B,1,3,100,427,427,0,32,49,-57
2026-07-29T15:41:23.043+08:00,0xB25B,1,3,100,428,428,0,32,49,-57
2026-07-29T15:41:23.146+08:00,0xB25B,1,3,100,429,429,0,32,49,-57
2026-07-29T15:41:23.243+08:00,0xB25B,1,3,100,430,430,0,32,49,-57
2026-07-29T15:41:23.344+08:00,0xB25B,1,3,100,431,431,0,32,49,-57
2026-07-29T15:41:23.444+08:00,0xB25B,1,3,100,432,432,0,32,49,-57
2026-07-29T15:41:23.546+08:00,0xB25B,1,3,100,433,433,0,32,49,-56
2026-07-29T15:41:23.647+08:00,0xB25B,1,3,100,434,434,0,32,49,-57
2026-07-29T15:41:23.748+08:00,0xB25B,1,3,100,435,435,0,32,49,-57
2026-07-29T15:41:23.845+08:00,0xB25B,1,3,100,436,436,0,32,49,-57
2026-07-29T15:41:23.952+08:00,0xB25B,1,3,100,437,437,0,32,49,-57
2026-07-29T15:41:24.047+08:00,0xB25B,1,3,100,438,438,0,32,49,-57
2026-07-29T15:41:24.153+08:00,0xB25B,1,3,100,439,439,0,32,49,-57
2026-07-29T15:41:24.255+08:00,0xB25B,1,3,100,440,440,0,32,49,-57
2026-07-29T15:41:24.350+08:00,0xB25B,1,3,100,441,441,0,32,49,-57
2026-07-29T15:41:24.451+08:00,0xB25B,1,3,100,442,442,0,32,49,-57
2026-07-29T15:41:24.550+08:00,0xB25B,1,3,100,443,443,0,32,49,-57
2026-07-29T15:41:24.650+08:00,0xB25B,1,3,100,444,444,0,32,49,-57
2026-07-29T15:41:24.751+08:00,0xB25B,1,3,100,445,445,0,32,49,-57
2026-07-29T15:41:24.849+08:00,0xB25B,1,3,100,446,446,0,32,49,-57
2026-07-29T15:41:24.950+08:00,0xB25B,1,3,100,447,447,0,32,49,-57
2026-07-29T15:41:25.051+08:00,0xB25B,1,3,100,448,448,0,32,49,-57
2026-07-29T15:41:25.150+08:00,0xB25B,1,3,100,449,449,0,32,49,-57
2026-07-29T15:41:25.251+08:00,0xB25B,1,3,100,450,450,0,32,49,-57
2026-07-29T15:41:25.352+08:00,0xB25B,1,3,100,451,451,0,32,49,-57
2026-07-29T15:41:25.452+08:00,0xB25B,1,3,100,452,452,0,32,49,-57
2026-07-29T15:41:25.552+08:00,0xB25B,1,3,100,453,453,0,32,49,-58
2026-07-29T15:41:25.652+08:00,0xB25B,1,3,100,454,454,0,32,49,-58
2026-07-29T15:41:25.752+08:00,0xB25B,1,3,100,455,455,0,32,49,-59
2026-07-29T15:41:25.856+08:00,0xB25B,1,3,100,456,456,0,32,49,-58
2026-07-29T15:41:25.951+08:00,0xB25B,1,3,100,457,457,0,32,49,-57
2026-07-29T15:41:26.055+08:00,0xB25B,1,3,100,458,458,0,32,49,-57
2026-07-29T15:41:26.152+08:00,0xB25B,1,3,100,459,459,0,32,49,-57
2026-07-29T15:41:26.255+08:00,0xB25B,1,3,100,460,460,0,32,49,-57
2026-07-29T15:41:26.353+08:00,0xB25B,1,3,100,461,461,0,32,49,-57
2026-07-29T15:41:26.454+08:00,0xB25B,1,3,100,462,462,0,32,49,-57
2026-07-29T15:41:26.557+08:00,0xB25B,1,3,100,463,463,0,32,49,-57
2026-07-29T15:41:26.656+08:00,0xB25B,1,3,100,464,464,0,32,49,-57
2026-07-29T15:41:26.757+08:00,0xB25B,1,3,100,465,465,0,32,49,-57
2026-07-29T15:41:26.857+08:00,0xB25B,1,3,100,466,466,0,32,49,-57
2026-07-29T15:41:26.957+08:00,0xB25B,1,3,100,467,467,0,32,49,-57
2026-07-29T15:41:27.057+08:00,0xB25B,1,3,100,468,468,0,32,49,-57
2026-07-29T15:41:27.156+08:00,0xB25B,1,3,100,469,469,0,32,49,-57
2026-07-29T15:41:27.260+08:00,0xB25B,1,3,100,470,470,0,32,49,-57
2026-07-29T15:41:27.359+08:00,0xB25B,1,3,100,471,471,0,32,49,-57
2026-07-29T15:41:27.458+08:00,0xB25B,1,3,100,472,472,0,32,49,-57
2026-07-29T15:41:27.558+08:00,0xB25B,1,3,100,473,473,0,32,49,-57
2026-07-29T15:41:27.659+08:00,0xB25B,1,3,100,474,474,0,32,49,-57
2026-07-29T15:41:27.758+08:00,0xB25B,1,3,100,475,475,0,32,49,-57
2026-07-29T15:41:27.858+08:00,0xB25B,1,3,100,476,476,0,32,49,-58
2026-07-29T15:41:27.959+08:00,0xB25B,1,3,100,477,477,0,32,49,-57
2026-07-29T15:41:28.063+08:00,0xB25B,1,3,100,478,478,0,32,49,-58
2026-07-29T15:41:28.160+08:00,0xB25B,1,3,100,479,479,0,32,49,-57
2026-07-29T15:41:28.260+08:00,0xB25B,1,3,100,480,480,0,32,49,-57
2026-07-29T15:41:28.360+08:00,0xB25B,1,3,100,481,481,0,32,49,-57
2026-07-29T15:41:28.461+08:00,0xB25B,1,3,100,482,482,0,32,49,-58
2026-07-29T15:41:28.559+08:00,0xB25B,1,3,100,483,483,0,32,49,-58
2026-07-29T15:41:28.661+08:00,0xB25B,1,3,100,484,484,0,32,49,-58
2026-07-29T15:41:28.766+08:00,0xB25B,1,3,100,485,485,0,32,49,-57
2026-07-29T15:41:28.863+08:00,0xB25B,1,3,100,486,486,0,32,49,-57
2026-07-29T15:41:28.962+08:00,0xB25B,1,3,100,487,487,0,32,49,-57
2026-07-29T15:41:29.061+08:00,0xB25B,1,3,100,488,488,0,32,49,-59
2026-07-29T15:41:29.163+08:00,0xB25B,1,3,100,489,489,0,32,49,-57
2026-07-29T15:41:29.263+08:00,0xB25B,1,3,100,490,490,0,32,49,-57
2026-07-29T15:41:29.364+08:00,0xB25B,1,3,100,491,491,0,32,49,-57
2026-07-29T15:41:29.464+08:00,0xB25B,1,3,100,492,492,0,32,49,-55
2026-07-29T15:41:29.564+08:00,0xB25B,1,3,100,493,493,0,32,49,-56
2026-07-29T15:41:29.663+08:00,0xB25B,1,3,100,494,494,0,32,49,-57
2026-07-29T15:41:29.765+08:00,0xB25B,1,3,100,495,495,0,32,49,-56
2026-07-29T15:41:29.865+08:00,0xB25B,1,3,100,496,496,0,32,49,-57
2026-07-29T15:41:29.966+08:00,0xB25B,1,3,100,497,497,0,32,49,-57
2026-07-29T15:41:30.066+08:00,0xB25B,1,3,100,498,498,0,32,49,-57
2026-07-29T15:41:30.165+08:00,0xB25B,1,3,100,499,499,0,32,49,-57
2026-07-29T15:41:30.264+08:00,0xB25B,1,3,100,500,500,0,32,49,-58
2026-07-29T15:41:30.365+08:00,0xB25B,1,3,100,501,501,0,32,49,-58
2026-07-29T15:41:30.471+08:00,0xB25B,1,3,100,502,502,0,32,49,-57
2026-07-29T15:41:30.567+08:00,0xB25B,1,3,100,503,503,0,32,49,-58
2026-07-29T15:41:30.667+08:00,0xB25B,1,3,100,504,504,0,32,49,-57
2026-07-29T15:41:30.765+08:00,0xB25B,1,3,100,505,505,0,32,49,-56
2026-07-29T15:41:30.871+08:00,0xB25B,1,3,100,506,506,0,32,49,-56
2026-07-29T15:41:30.967+08:00,0xB25B,1,3,100,507,507,0,32,49,-56
2026-07-29T15:41:31.067+08:00,0xB25B,1,3,100,508,508,0,32,49,-56
2026-07-29T15:41:31.223+08:00,0xB25B,1,3,100,509,509,0,32,49,-57
2026-07-29T15:41:31.270+08:00,0xB25B,1,3,100,510,510,0,32,49,-56
2026-07-29T15:41:31.370+08:00,0xB25B,1,3,100,511,511,0,32,49,-56
2026-07-29T15:41:31.468+08:00,0xB25B,1,3,100,512,512,0,32,49,-56
2026-07-29T15:41:31.568+08:00,0xB25B,1,3,100,513,513,0,32,49,-56
2026-07-29T15:41:31.669+08:00,0xB25B,1,3,100,514,514,0,32,49,-56
2026-07-29T15:41:31.770+08:00,0xB25B,1,3,100,515,515,0,32,49,-56
2026-07-29T15:41:31.869+08:00,0xB25B,1,3,100,516,516,0,32,49,-57
2026-07-29T15:41:31.971+08:00,0xB25B,1,3,100,517,517,0,32,49,-57
2026-07-29T15:41:32.070+08:00,0xB25B,1,3,100,518,518,0,32,49,-57
2026-07-29T15:41:32.219+08:00,0xB25B,1,3,100,519,519,0,32,49,-56
2026-07-29T15:41:32.270+08:00,0xB25B,1,3,100,520,520,0,32,49,-57
2026-07-29T15:41:32.370+08:00,0xB25B,1,3,100,521,521,0,32,49,-56
2026-07-29T15:41:32.471+08:00,0xB25B,1,3,100,522,522,0,32,49,-56
2026-07-29T15:41:32.571+08:00,0xB25B,1,3,100,523,523,0,32,49,-56
2026-07-29T15:41:32.669+08:00,0xB25B,1,3,100,524,524,0,32,49,-56
2026-07-29T15:41:32.769+08:00,0xB25B,1,3,100,525,525,0,32,49,-56
2026-07-29T15:41:32.869+08:00,0xB25B,1,3,100,526,526,0,32,49,-57
2026-07-29T15:41:32.973+08:00,0xB25B,1,3,100,527,527,0,32,49,-56
2026-07-29T15:41:33.072+08:00,0xB25B,1,3,100,528,528,0,32,49,-57
2026-07-29T15:41:33.215+08:00,0xB25B,1,3,100,529,529,0,32,49,-56
2026-07-29T15:41:33.271+08:00,0xB25B,1,3,100,530,530,0,32,49,-57
2026-07-29T15:41:33.371+08:00,0xB25B,1,3,100,531,531,0,32,49,-57
2026-07-29T15:41:33.473+08:00,0xB25B,1,3,100,532,532,0,32,49,-57
2026-07-29T15:41:33.573+08:00,0xB25B,1,3,100,533,533,0,32,49,-57
2026-07-29T15:41:33.673+08:00,0xB25B,1,3,100,534,534,0,32,49,-57
2026-07-29T15:41:33.775+08:00,0xB25B,1,3,100,535,535,0,32,49,-57
2026-07-29T15:41:33.874+08:00,0xB25B,1,3,100,536,536,0,32,49,-57
2026-07-29T15:41:33.975+08:00,0xB25B,1,3,100,537,537,0,32,49,-57
2026-07-29T15:41:34.074+08:00,0xB25B,1,3,100,538,538,0,32,49,-57
2026-07-29T15:41:34.228+08:00,0xB25B,1,3,100,539,539,0,32,49,-57
2026-07-29T15:41:34.273+08:00,0xB25B,1,3,100,540,540,0,32,49,-56
2026-07-29T15:41:34.376+08:00,0xB25B,1,3,100,541,541,0,32,49,-57
2026-07-29T15:41:34.477+08:00,0xB25B,1,3,100,542,542,0,32,49,-56
2026-07-29T15:41:34.581+08:00,0xB25B,1,3,100,543,543,0,32,49,-57
2026-07-29T15:41:34.674+08:00,0xB25B,1,3,100,544,544,0,32,49,-56
2026-07-29T15:41:34.776+08:00,0xB25B,1,3,100,545,545,0,32,49,-56
2026-07-29T15:41:34.877+08:00,0xB25B,1,3,100,546,546,0,32,49,-56
2026-07-29T15:41:34.976+08:00,0xB25B,1,3,100,547,547,0,32,49,-55
2026-07-29T15:41:35.074+08:00,0xB25B,1,3,100,548,548,0,32,49,-58
2026-07-29T15:41:35.224+08:00,0xB25B,1,3,100,549,549,0,32,49,-58
2026-07-29T15:41:35.277+08:00,0xB25B,1,3,100,550,550,0,32,49,-59
2026-07-29T15:41:35.377+08:00,0xB25B,1,3,100,551,551,0,32,49,-58
2026-07-29T15:41:35.479+08:00,0xB25B,1,3,100,552,552,0,32,49,-57
2026-07-29T15:41:35.578+08:00,0xB25B,1,3,100,553,553,0,32,49,-57
2026-07-29T15:41:35.678+08:00,0xB25B,1,3,100,554,554,0,32,49,-57
2026-07-29T15:41:35.779+08:00,0xB25B,1,3,100,555,555,0,32,49,-57
2026-07-29T15:41:35.879+08:00,0xB25B,1,3,100,556,556,0,32,49,-57
2026-07-29T15:41:35.979+08:00,0xB25B,1,3,100,557,557,0,32,49,-57
2026-07-29T15:41:36.077+08:00,0xB25B,1,3,100,558,558,0,32,49,-57
2026-07-29T15:41:36.218+08:00,0xB25B,1,3,100,559,559,0,32,49,-57
2026-07-29T15:41:36.278+08:00,0xB25B,1,3,100,560,560,0,32,49,-57
2026-07-29T15:41:36.381+08:00,0xB25B,1,3,100,561,561,0,32,49,-57
2026-07-29T15:41:36.481+08:00,0xB25B,1,3,100,562,562,0,32,49,-57
2026-07-29T15:41:36.580+08:00,0xB25B,1,3,100,563,563,0,32,49,-57
2026-07-29T15:41:36.684+08:00,0xB25B,1,3,100,564,564,0,32,49,-57
2026-07-29T15:41:36.782+08:00,0xB25B,1,3,100,565,565,0,32,49,-57
2026-07-29T15:41:36.884+08:00,0xB25B,1,3,100,566,566,0,32,49,-57
2026-07-29T15:41:36.983+08:00,0xB25B,1,3,100,567,567,0,32,49,-57
2026-07-29T15:41:37.082+08:00,0xB25B,1,3,100,568,568,0,32,49,-57
2026-07-29T15:41:37.217+08:00,0xB25B,1,3,100,569,569,0,32,49,-56
2026-07-29T15:41:37.283+08:00,0xB25B,1,3,100,570,570,0,32,49,-57
2026-07-29T15:41:37.382+08:00,0xB25B,1,3,100,571,571,0,32,49,-57
2026-07-29T15:41:37.483+08:00,0xB25B,1,3,100,572,572,0,32,49,-57
2026-07-29T15:41:37.582+08:00,0xB25B,1,3,100,573,573,0,32,49,-57
2026-07-29T15:41:37.683+08:00,0xB25B,1,3,100,574,574,0,32,49,-57
2026-07-29T15:41:37.783+08:00,0xB25B,1,3,100,575,575,0,32,49,-57
2026-07-29T15:41:37.880+08:00,0xB25B,1,3,100,576,576,0,32,49,-57
2026-07-29T15:41:37.983+08:00,0xB25B,1,3,100,577,577,0,32,49,-57
2026-07-29T15:41:38.084+08:00,0xB25B,1,3,100,578,578,0,32,49,-57
2026-07-29T15:41:38.213+08:00,0xB25B,1,3,100,579,579,0,32,49,-57
2026-07-29T15:41:38.284+08:00,0xB25B,1,3,100,580,580,0,32,49,-57
2026-07-29T15:41:38.385+08:00,0xB25B,1,3,100,581,581,0,32,49,-57
2026-07-29T15:41:38.485+08:00,0xB25B,1,3,100,582,582,0,32,49,-56
2026-07-29T15:41:38.584+08:00,0xB25B,1,3,100,583,583,0,32,49,-57
2026-07-29T15:41:38.685+08:00,0xB25B,1,3,100,584,584,0,32,49,-57
2026-07-29T15:41:38.787+08:00,0xB25B,1,3,100,585,585,0,32,49,-57
2026-07-29T15:41:38.888+08:00,0xB25B,1,3,100,586,586,0,32,49,-57
2026-07-29T15:41:38.988+08:00,0xB25B,1,3,100,587,587,0,32,49,-57
2026-07-29T15:41:39.088+08:00,0xB25B,1,3,100,588,588,0,32,49,-57
2026-07-29T15:41:39.221+08:00,0xB25B,1,3,100,589,589,0,32,49,-57
2026-07-29T15:41:39.289+08:00,0xB25B,1,3,100,590,590,0,32,49,-57
2026-07-29T15:41:39.390+08:00,0xB25B,1,3,100,591,591,0,32,49,-57
2026-07-29T15:41:39.490+08:00,0xB25B,1,3,100,592,592,0,32,49,-57
2026-07-29T15:41:39.590+08:00,0xB25B,1,3,100,593,593,0,32,49,-57
2026-07-29T15:41:39.691+08:00,0xB25B,1,3,100,594,594,0,32,49,-57
2026-07-29T15:41:39.791+08:00,0xB25B,1,3,100,595,595,0,32,49,-57
2026-07-29T15:41:39.890+08:00,0xB25B,1,3,100,596,596,0,32,49,-59
2026-07-29T15:41:39.990+08:00,0xB25B,1,3,100,597,597,0,32,49,-58
2026-07-29T15:41:40.091+08:00,0xB25B,1,3,100,598,598,0,32,49,-59
2026-07-29T15:41:40.215+08:00,0xB25B,1,3,100,599,599,0,32,49,-59
2026-07-29T15:41:40.292+08:00,0xB25B,1,3,100,600,600,0,32,49,-58
2026-07-29T15:41:40.391+08:00,0xB25B,1,3,100,601,601,0,32,49,-58
2026-07-29T15:41:40.492+08:00,0xB25B,1,3,100,602,602,0,32,49,-58
2026-07-29T15:41:40.589+08:00,0xB25B,1,3,100,603,603,0,32,49,-57
2026-07-29T15:41:40.691+08:00,0xB25B,1,3,100,604,604,0,32,49,-58
2026-07-29T15:41:40.791+08:00,0xB25B,1,3,100,605,605,0,32,49,-58
2026-07-29T15:41:40.892+08:00,0xB25B,1,3,100,606,606,0,32,49,-58
2026-07-29T15:41:40.992+08:00,0xB25B,1,3,100,607,607,0,32,49,-58
2026-07-29T15:41:41.091+08:00,0xB25B,1,3,100,608,608,0,32,49,-58
2026-07-29T15:41:41.212+08:00,0xB25B,1,3,100,609,609,0,32,49,-58
2026-07-29T15:41:41.297+08:00,0xB25B,1,3,100,610,610,0,32,49,-57
2026-07-29T15:41:41.393+08:00,0xB25B,1,3,100,611,611,0,32,49,-57
2026-07-29T15:41:41.494+08:00,0xB25B,1,3,100,612,612,0,32,49,-57
2026-07-29T15:41:41.593+08:00,0xB25B,1,3,100,613,613,0,32,49,-57
2026-07-29T15:41:41.693+08:00,0xB25B,1,3,100,614,614,0,32,49,-57
2026-07-29T15:41:41.793+08:00,0xB25B,1,3,100,615,615,0,32,49,-57
2026-07-29T15:41:41.892+08:00,0xB25B,1,3,100,616,616,0,32,49,-57
2026-07-29T15:41:41.994+08:00,0xB25B,1,3,100,617,617,0,32,49,-57
2026-07-29T15:41:42.093+08:00,0xB25B,1,3,100,618,618,0,32,49,-58
2026-07-29T15:41:42.220+08:00,0xB25B,1,3,100,619,619,0,32,49,-58
2026-07-29T15:41:42.295+08:00,0xB25B,1,3,100,620,620,0,32,49,-59
2026-07-29T15:41:42.396+08:00,0xB25B,1,3,100,621,621,0,32,49,-59
2026-07-29T15:41:42.500+08:00,0xB25B,1,3,100,622,622,0,32,49,-59
2026-07-29T15:41:42.598+08:00,0xB25B,1,3,100,623,623,0,32,49,-59
2026-07-29T15:41:42.696+08:00,0xB25B,1,3,100,624,624,0,32,49,-58
2026-07-29T15:41:42.797+08:00,0xB25B,1,3,100,625,625,0,32,49,-59
2026-07-29T15:41:42.896+08:00,0xB25B,1,3,100,626,626,0,32,49,-59
2026-07-29T15:41:42.997+08:00,0xB25B,1,3,100,627,627,0,32,49,-59
2026-07-29T15:41:43.097+08:00,0xB25B,1,3,100,628,628,0,32,49,-59
2026-07-29T15:41:43.221+08:00,0xB25B,1,3,100,629,629,0,32,49,-59
2026-07-29T15:41:43.297+08:00,0xB25B,1,3,100,630,630,0,32,49,-59
2026-07-29T15:41:43.396+08:00,0xB25B,1,3,100,631,631,0,32,49,-60
2026-07-29T15:41:43.496+08:00,0xB25B,1,3,100,632,632,0,32,49,-59
2026-07-29T15:41:43.599+08:00,0xB25B,1,3,100,633,633,0,32,49,-59
2026-07-29T15:41:43.697+08:00,0xB25B,1,3,100,634,634,0,32,49,-59
2026-07-29T15:41:43.800+08:00,0xB25B,1,3,100,635,635,0,32,49,-58
2026-07-29T15:41:43.898+08:00,0xB25B,1,3,100,636,636,0,32,49,-58
2026-07-29T15:41:43.998+08:00,0xB25B,1,3,100,637,637,0,32,49,-58
2026-07-29T15:41:44.099+08:00,0xB25B,1,3,100,638,638,0,32,49,-58
2026-07-29T15:41:44.216+08:00,0xB25B,1,3,100,639,639,0,32,49,-58
2026-07-29T15:41:44.300+08:00,0xB25B,1,3,100,640,640,0,32,49,-58
2026-07-29T15:41:44.400+08:00,0xB25B,1,3,100,641,641,0,32,49,-58
2026-07-29T15:41:44.499+08:00,0xB25B,1,3,100,642,642,0,32,49,-58
2026-07-29T15:41:44.600+08:00,0xB25B,1,3,100,643,643,0,32,49,-59
2026-07-29T15:41:44.700+08:00,0xB25B,1,3,100,644,644,0,32,49,-59
2026-07-29T15:41:44.801+08:00,0xB25B,1,3,100,645,645,0,32,49,-58
2026-07-29T15:41:44.903+08:00,0xB25B,1,3,100,646,646,0,32,49,-59
2026-07-29T15:41:45.002+08:00,0xB25B,1,3,100,647,647,0,32,49,-58
2026-07-29T15:41:45.103+08:00,0xB25B,1,3,100,648,648,0,32,49,-59
2026-07-29T15:41:45.213+08:00,0xB25B,1,3,100,649,649,0,32,49,-58
2026-07-29T15:41:45.304+08:00,0xB25B,1,3,100,650,650,0,32,49,-58
2026-07-29T15:41:45.404+08:00,0xB25B,1,3,100,651,651,0,32,49,-58
2026-07-29T15:41:45.503+08:00,0xB25B,1,3,100,652,652,0,32,49,-59
2026-07-29T15:41:45.605+08:00,0xB25B,1,3,100,653,653,0,32,49,-58
2026-07-29T15:41:45.706+08:00,0xB25B,1,3,100,654,654,0,32,49,-58
2026-07-29T15:41:45.807+08:00,0xB25B,1,3,100,655,655,0,32,49,-58
2026-07-29T15:41:45.905+08:00,0xB25B,1,3,100,656,656,0,32,49,-59
2026-07-29T15:41:46.007+08:00,0xB25B,1,3,100,657,657,0,32,49,-58
2026-07-29T15:41:46.108+08:00,0xB25B,1,3,100,658,658,0,32,49,-58
2026-07-29T15:41:46.222+08:00,0xB25B,1,3,100,659,659,0,32,49,-58
2026-07-29T15:41:46.306+08:00,0xB25B,1,3,100,660,660,0,32,49,-58
2026-07-29T15:41:46.408+08:00,0xB25B,1,3,100,661,661,0,32,49,-58
2026-07-29T15:41:46.507+08:00,0xB25B,1,3,100,662,662,0,32,49,-58
2026-07-29T15:41:46.609+08:00,0xB25B,1,3,100,663,663,0,32,49,-58
2026-07-29T15:41:46.707+08:00,0xB25B,1,3,100,664,664,0,32,49,-58
2026-07-29T15:41:46.808+08:00,0xB25B,1,3,100,665,665,0,32,49,-58
2026-07-29T15:41:46.908+08:00,0xB25B,1,3,100,666,666,0,32,49,-58
2026-07-29T15:41:47.009+08:00,0xB25B,1,3,100,667,667,0,32,49,-58
2026-07-29T15:41:47.108+08:00,0xB25B,1,3,100,668,668,0,32,49,-58
2026-07-29T15:41:47.222+08:00,0xB25B,1,3,100,669,669,0,32,49,-58
2026-07-29T15:41:47.311+08:00,0xB25B,1,3,100,670,670,0,32,49,-58
2026-07-29T15:41:47.411+08:00,0xB25B,1,3,100,671,671,0,32,49,-58
2026-07-29T15:41:47.511+08:00,0xB25B,1,3,100,672,672,0,32,49,-58
2026-07-29T15:41:47.609+08:00,0xB25B,1,3,100,673,673,0,32,49,-58
2026-07-29T15:41:47.711+08:00,0xB25B,1,3,100,674,674,0,32,49,-58
2026-07-29T15:41:47.812+08:00,0xB25B,1,3,100,675,675,0,32,49,-58
2026-07-29T15:41:47.912+08:00,0xB25B,1,3,100,676,676,0,32,49,-58
2026-07-29T15:41:48.014+08:00,0xB25B,1,3,100,677,677,0,32,49,-59
2026-07-29T15:41:48.115+08:00,0xB25B,1,3,100,678,678,0,32,49,-58
2026-07-29T15:41:48.218+08:00,0xB25B,1,3,100,679,679,0,32,49,-59
2026-07-29T15:41:48.313+08:00,0xB25B,1,3,100,680,680,0,32,49,-58
2026-07-29T15:41:48.413+08:00,0xB25B,1,3,100,681,681,0,32,49,-59
2026-07-29T15:41:48.514+08:00,0xB25B,1,3,100,682,682,0,32,49,-58
2026-07-29T15:41:48.616+08:00,0xB25B,1,3,100,683,683,0,32,49,-59
2026-07-29T15:41:48.716+08:00,0xB25B,1,3,100,684,684,0,32,49,-58
2026-07-29T15:41:48.815+08:00,0xB25B,1,3,100,685,685,0,32,49,-58
2026-07-29T15:41:48.916+08:00,0xB25B,1,3,100,686,686,0,32,49,-58
2026-07-29T15:41:49.014+08:00,0xB25B,1,3,100,687,687,0,32,49,-58
2026-07-29T15:41:49.115+08:00,0xB25B,1,3,100,688,688,0,32,49,-59
2026-07-29T15:41:49.215+08:00,0xB25B,1,3,100,689,689,0,32,49,-58
2026-07-29T15:41:49.316+08:00,0xB25B,1,3,100,690,690,0,32,49,-58
2026-07-29T15:41:49.416+08:00,0xB25B,1,3,100,691,691,0,32,49,-58
2026-07-29T15:41:49.516+08:00,0xB25B,1,3,100,692,692,0,32,49,-59
2026-07-29T15:41:49.615+08:00,0xB25B,1,3,100,693,693,0,32,49,-59
2026-07-29T15:41:49.716+08:00,0xB25B,1,3,100,694,694,0,32,49,-59
2026-07-29T15:41:49.818+08:00,0xB25B,1,3,100,695,695,0,32,49,-59
2026-07-29T15:41:49.918+08:00,0xB25B,1,3,100,696,696,0,32,49,-59
2026-07-29T15:41:50.020+08:00,0xB25B,1,3,100,697,697,0,32,49,-59
2026-07-29T15:41:50.119+08:00,0xB25B,1,3,100,698,698,0,32,49,-58
2026-07-29T15:41:50.218+08:00,0xB25B,1,3,100,699,699,0,32,49,-59
2026-07-29T15:41:50.319+08:00,0xB25B,1,3,100,700,700,0,32,49,-58
2026-07-29T15:41:50.419+08:00,0xB25B,1,3,100,701,701,0,32,49,-58
2026-07-29T15:41:50.520+08:00,0xB25B,1,3,100,702,702,0,32,49,-58
2026-07-29T15:41:50.619+08:00,0xB25B,1,3,100,703,703,0,32,49,-58
2026-07-29T15:41:50.719+08:00,0xB25B,1,3,100,704,704,0,32,49,-58
2026-07-29T15:41:50.819+08:00,0xB25B,1,3,100,705,705,0,32,49,-58
2026-07-29T15:41:50.921+08:00,0xB25B,1,3,100,706,706,0,32,49,-58
2026-07-29T15:41:51.020+08:00,0xB25B,1,3,100,707,707,0,32,49,-58
2026-07-29T15:41:51.123+08:00,0xB25B,1,3,100,708,708,0,32,49,-58
2026-07-29T15:41:51.223+08:00,0xB25B,1,3,100,709,709,0,32,49,-58
2026-07-29T15:41:51.321+08:00,0xB25B,1,3,100,710,710,0,32,49,-59
2026-07-29T15:41:51.421+08:00,0xB25B,1,3,100,711,711,0,32,49,-58
2026-07-29T15:41:51.522+08:00,0xB25B,1,3,100,712,712,0,32,49,-58
2026-07-29T15:41:51.622+08:00,0xB25B,1,3,100,713,713,0,32,49,-58
2026-07-29T15:41:51.722+08:00,0xB25B,1,3,100,714,714,0,32,49,-59
2026-07-29T15:41:51.823+08:00,0xB25B,1,3,100,715,715,0,32,49,-58
2026-07-29T15:41:51.923+08:00,0xB25B,1,3,100,716,716,0,32,49,-58
2026-07-29T15:41:52.022+08:00,0xB25B,1,3,100,717,717,0,32,49,-59
2026-07-29T15:41:52.123+08:00,0xB25B,1,3,100,718,718,0,32,49,-59
2026-07-29T15:41:52.224+08:00,0xB25B,1,3,100,719,719,0,32,49,-59
2026-07-29T15:41:52.324+08:00,0xB25B,1,3,100,720,720,0,32,49,-59
2026-07-29T15:41:52.421+08:00,0xB25B,1,3,100,721,721,0,32,49,-59
2026-07-29T15:41:52.523+08:00,0xB25B,1,3,100,722,722,0,32,49,-59
2026-07-29T15:41:52.622+08:00,0xB25B,1,3,100,723,723,0,32,49,-58
2026-07-29T15:41:52.724+08:00,0xB25B,1,3,100,724,724,0,32,49,-59
2026-07-29T15:41:52.824+08:00,0xB25B,1,3,100,725,725,0,32,49,-59
2026-07-29T15:41:52.926+08:00,0xB25B,1,3,100,726,726,0,32,49,-58
2026-07-29T15:41:53.024+08:00,0xB25B,1,3,100,727,727,0,32,49,-58
2026-07-29T15:41:53.125+08:00,0xB25B,1,3,100,728,728,0,32,49,-58
2026-07-29T15:41:53.223+08:00,0xB25B,1,3,100,729,729,0,32,49,-58
2026-07-29T15:41:53.325+08:00,0xB25B,1,3,100,730,730,0,32,49,-58
2026-07-29T15:41:53.428+08:00,0xB25B,1,3,100,731,731,0,32,49,-58
2026-07-29T15:41:53.528+08:00,0xB25B,1,3,100,732,732,0,32,49,-58
2026-07-29T15:41:53.626+08:00,0xB25B,1,3,100,733,733,0,32,49,-58
2026-07-29T15:41:53.726+08:00,0xB25B,1,3,100,734,734,0,32,49,-58
2026-07-29T15:41:53.827+08:00,0xB25B,1,3,100,735,735,0,32,49,-59
2026-07-29T15:41:53.928+08:00,0xB25B,1,3,100,736,736,0,32,49,-58
2026-07-29T15:41:54.029+08:00,0xB25B,1,3,100,737,737,0,32,49,-58
2026-07-29T15:41:54.128+08:00,0xB25B,1,3,100,738,738,0,32,49,-58
2026-07-29T15:41:54.227+08:00,0xB25B,1,3,100,739,739,0,32,49,-58
2026-07-29T15:41:54.327+08:00,0xB25B,1,3,100,740,740,0,32,49,-59
2026-07-29T15:41:54.427+08:00,0xB25B,1,3,100,741,741,0,32,49,-58
2026-07-29T15:41:54.527+08:00,0xB25B,1,3,100,742,742,0,32,49,-59
2026-07-29T15:41:54.627+08:00,0xB25B,1,3,100,743,743,0,32,49,-58
2026-07-29T15:41:54.727+08:00,0xB25B,1,3,100,744,744,0,32,49,-58
2026-07-29T15:41:54.829+08:00,0xB25B,1,3,100,745,745,0,32,49,-58
2026-07-29T15:41:54.927+08:00,0xB25B,1,3,100,746,746,0,32,49,-58
2026-07-29T15:41:55.027+08:00,0xB25B,1,3,100,747,747,0,32,49,-58
2026-07-29T15:41:55.127+08:00,0xB25B,1,3,100,748,748,0,32,49,-58
2026-07-29T15:41:55.229+08:00,0xB25B,1,3,100,749,749,0,32,49,-58
2026-07-29T15:41:55.328+08:00,0xB25B,1,3,100,750,750,0,32,49,-58
2026-07-29T15:41:55.428+08:00,0xB25B,1,3,100,751,751,0,32,49,-59
2026-07-29T15:41:55.529+08:00,0xB25B,1,3,100,752,752,0,32,49,-59
2026-07-29T15:41:55.629+08:00,0xB25B,1,3,100,753,753,0,32,49,-60
2026-07-29T15:41:55.729+08:00,0xB25B,1,3,100,754,754,0,32,49,-59
2026-07-29T15:41:55.829+08:00,0xB25B,1,3,100,755,755,0,32,49,-59
2026-07-29T15:41:55.931+08:00,0xB25B,1,3,100,756,756,0,32,49,-59
2026-07-29T15:41:56.031+08:00,0xB25B,1,3,100,757,757,0,32,49,-59
2026-07-29T15:41:56.132+08:00,0xB25B,1,3,100,758,758,0,32,49,-59
2026-07-29T15:41:56.232+08:00,0xB25B,1,3,100,759,759,0,32,49,-59
2026-07-29T15:41:56.330+08:00,0xB25B,1,3,100,760,760,0,32,49,-59
2026-07-29T15:41:56.429+08:00,0xB25B,1,3,100,761,761,0,32,49,-59
2026-07-29T15:41:56.532+08:00,0xB25B,1,3,100,762,762,0,32,49,-59
2026-07-29T15:41:56.630+08:00,0xB25B,1,3,100,763,763,0,32,49,-59
2026-07-29T15:41:56.737+08:00,0xB25B,1,3,100,764,764,0,32,49,-59
2026-07-29T15:41:56.832+08:00,0xB25B,1,3,100,765,765,0,32,49,-59
2026-07-29T15:41:56.932+08:00,0xB25B,1,3,100,766,766,0,32,49,-59
2026-07-29T15:41:57.032+08:00,0xB25B,1,3,100,767,767,0,32,49,-59
2026-07-29T15:41:57.133+08:00,0xB25B,1,3,100,768,768,0,32,49,-59
2026-07-29T15:41:57.232+08:00,0xB25B,1,3,100,769,769,0,32,49,-59
2026-07-29T15:41:57.334+08:00,0xB25B,1,3,100,770,770,0,32,49,-59
2026-07-29T15:41:57.434+08:00,0xB25B,1,3,100,771,771,0,32,49,-59
2026-07-29T15:41:57.535+08:00,0xB25B,1,3,100,772,772,0,32,49,-59
2026-07-29T15:41:57.635+08:00,0xB25B,1,3,100,773,773,0,32,49,-59
2026-07-29T15:41:57.733+08:00,0xB25B,1,3,100,774,774,0,32,49,-59
2026-07-29T15:41:57.831+08:00,0xB25B,1,3,100,775,775,0,32,49,-59
2026-07-29T15:41:57.934+08:00,0xB25B,1,3,100,776,776,0,32,49,-59
2026-07-29T15:41:58.034+08:00,0xB25B,1,3,100,777,777,0,32,49,-58
2026-07-29T15:41:58.135+08:00,0xB25B,1,3,100,778,778,0,32,49,-59
2026-07-29T15:41:58.238+08:00,0xB25B,1,3,100,779,779,0,32,49,-59
2026-07-29T15:41:58.334+08:00,0xB25B,1,3,100,780,780,0,32,49,-59
2026-07-29T15:41:58.435+08:00,0xB25B,1,3,100,781,781,0,32,49,-58
2026-07-29T15:41:58.535+08:00,0xB25B,1,3,100,782,782,0,32,49,-58
2026-07-29T15:41:58.634+08:00,0xB25B,1,3,100,783,783,0,32,49,-57
2026-07-29T15:41:58.734+08:00,0xB25B,1,3,100,784,784,0,32,49,-58
2026-07-29T15:41:58.835+08:00,0xB25B,1,3,100,785,785,0,32,49,-58
2026-07-29T15:41:58.938+08:00,0xB25B,1,3,100,786,786,0,32,49,-57
2026-07-29T15:41:59.038+08:00,0xB25B,1,3,100,787,787,0,32,49,-58
2026-07-29T15:41:59.140+08:00,0xB25B,1,3,100,788,788,0,32,49,-59
2026-07-29T15:41:59.238+08:00,0xB25B,1,3,100,789,789,0,32,49,-59
2026-07-29T15:41:59.339+08:00,0xB25B,1,3,100,790,790,0,32,49,-59
2026-07-29T15:41:59.439+08:00,0xB25B,1,3,100,791,791,0,32,49,-59
2026-07-29T15:41:59.537+08:00,0xB25B,1,3,100,792,792,0,32,49,-58
2026-07-29T15:41:59.644+08:00,0xB25B,1,3,100,793,793,0,32,49,-58
2026-07-29T15:41:59.738+08:00,0xB25B,1,3,100,794,794,0,32,49,-57
2026-07-29T15:41:59.840+08:00,0xB25B,1,3,100,795,795,0,32,49,-58
2026-07-29T15:41:59.939+08:00,0xB25B,1,3,100,796,796,0,32,49,-58
2026-07-29T15:42:00.039+08:00,0xB25B,1,3,100,797,797,0,32,49,-57
2026-07-29T15:42:00.143+08:00,0xB25B,1,3,100,798,798,0,32,49,-57
2026-07-29T15:42:00.245+08:00,0xB25B,1,3,100,799,799,0,32,49,-57
2026-07-29T15:42:00.343+08:00,0xB25B,1,3,100,800,800,0,32,49,-58
2026-07-29T15:42:00.443+08:00,0xB25B,1,3,100,801,801,0,32,49,-58
2026-07-29T15:42:00.544+08:00,0xB25B,1,3,100,802,802,0,32,49,-58
2026-07-29T15:42:00.643+08:00,0xB25B,1,3,100,803,803,0,32,49,-57
2026-07-29T15:42:00.745+08:00,0xB25B,1,3,100,804,804,0,32,49,-56
2026-07-29T15:42:00.844+08:00,0xB25B,1,3,100,805,805,0,32,49,-56
2026-07-29T15:42:00.942+08:00,0xB25B,1,3,100,806,806,0,32,49,-55
2026-07-29T15:42:01.043+08:00,0xB25B,1,3,100,807,807,0,32,49,-57
2026-07-29T15:42:01.145+08:00,0xB25B,1,3,100,808,808,0,32,49,-55
2026-07-29T15:42:01.246+08:00,0xB25B,1,3,100,809,809,0,32,49,-55
2026-07-29T15:42:01.345+08:00,0xB25B,1,3,100,810,810,0,32,49,-56
2026-07-29T15:42:01.446+08:00,0xB25B,1,3,100,811,811,0,32,49,-57
2026-07-29T15:42:01.546+08:00,0xB25B,1,3,100,812,812,0,32,49,-58
2026-07-29T15:42:01.644+08:00,0xB25B,1,3,100,813,813,0,32,49,-57
2026-07-29T15:42:01.746+08:00,0xB25B,1,3,100,814,814,0,32,49,-57
2026-07-29T15:42:01.847+08:00,0xB25B,1,4,50,815,815,0,32,49,-58
2026-07-29T15:42:01.901+08:00,0xB25B,1,4,50,816,816,0,32,49,-58
2026-07-29T15:42:01.960+08:00,0xB25B,1,4,50,817,817,0,32,49,-57
2026-07-29T15:42:02.005+08:00,0xB25B,1,4,50,818,818,0,32,49,-58
2026-07-29T15:42:02.052+08:00,0xB25B,1,4,50,819,819,0,32,49,-57
2026-07-29T15:42:02.103+08:00,0xB25B,1,4,50,820,820,0,32,49,-58
2026-07-29T15:42:02.162+08:00,0xB25B,1,4,50,821,821,0,32,49,-58
2026-07-29T15:42:02.209+08:00,0xB25B,1,4,50,822,822,0,32,49,-59
2026-07-29T15:42:02.257+08:00,0xB25B,1,4,50,823,823,0,32,49,-60
2026-07-29T15:42:02.308+08:00,0xB25B,1,4,50,824,824,0,32,49,-60
2026-07-29T15:42:02.364+08:00,0xB25B,1,4,50,825,825,0,32,49,-61
2026-07-29T15:42:02.410+08:00,0xB25B,1,4,50,826,826,0,32,49,-61
2026-07-29T15:42:02.458+08:00,0xB25B,1,4,50,827,827,0,32,49,-60
2026-07-29T15:42:02.511+08:00,0xB25B,1,4,50,828,828,0,32,49,-59
2026-07-29T15:42:02.567+08:00,0xB25B,1,4,50,829,829,0,32,49,-59
2026-07-29T15:42:02.614+08:00,0xB25B,1,4,50,830,830,0,32,49,-58
2026-07-29T15:42:02.660+08:00,0xB25B,1,4,50,831,831,0,32,49,-57
2026-07-29T15:42:02.710+08:00,0xB25B,1,4,50,832,832,0,32,49,-57
2026-07-29T15:42:02.760+08:00,0xB25B,1,4,50,833,833,0,32,49,-57
2026-07-29T15:42:02.816+08:00,0xB25B,1,4,50,834,834,0,32,49,-57
2026-07-29T15:42:02.863+08:00,0xB25B,1,4,50,835,835,0,32,49,-57
2026-07-29T15:42:02.913+08:00,0xB25B,1,4,50,836,836,0,32,49,-57
2026-07-29T15:42:02.972+08:00,0xB25B,1,4,50,837,837,0,32,49,-57
2026-07-29T15:42:03.017+08:00,0xB25B,1,4,50,838,838,0,32,49,-57
2026-07-29T15:42:03.065+08:00,0xB25B,1,4,50,839,839,0,32,49,-57
2026-07-29T15:42:03.115+08:00,0xB25B,1,4,50,840,840,0,32,49,-57
2026-07-29T15:42:03.173+08:00,0xB25B,1,4,50,841,841,0,32,49,-57
2026-07-29T15:42:03.218+08:00,0xB25B,1,4,50,842,842,0,32,49,-58
2026-07-29T15:42:03.268+08:00,0xB25B,1,4,50,843,843,0,32,49,-58
2026-07-29T15:42:03.326+08:00,0xB25B,1,4,50,844,844,0,32,49,-58
2026-07-29T15:42:03.374+08:00,0xB25B,1,4,50,845,845,0,32,49,-59
2026-07-29T15:42:03.419+08:00,0xB25B,1,4,50,846,846,0,32,49,-59
2026-07-29T15:42:03.470+08:00,0xB25B,1,4,50,847,847,0,32,49,-59
2026-07-29T15:42:03.527+08:00,0xB25B,1,4,50,848,848,0,32,49,-59
2026-07-29T15:42:03.573+08:00,0xB25B,1,4,50,849,849,0,32,49,-59
2026-07-29T15:42:03.620+08:00,0xB25B,1,4,50,850,850,0,32,49,-59
2026-07-29T15:42:03.669+08:00,0xB25B,1,4,50,851,851,0,32,49,-60
2026-07-29T15:42:03.722+08:00,0xB25B,1,4,50,852,852,0,32,49,-60
2026-07-29T15:42:03.776+08:00,0xB25B,1,4,50,853,853,0,32,49,-59
2026-07-29T15:42:03.824+08:00,0xB25B,1,4,50,854,854,0,32,49,-59
2026-07-29T15:42:03.874+08:00,0xB25B,1,4,50,855,855,0,32,49,-59
2026-07-29T15:42:03.924+08:00,0xB25B,1,4,50,856,856,0,32,49,-59
2026-07-29T15:42:03.979+08:00,0xB25B,1,4,50,857,857,0,32,49,-59
2026-07-29T15:42:04.026+08:00,0xB25B,1,4,50,858,858,0,32,49,-59
2026-07-29T15:42:04.079+08:00,0xB25B,1,4,50,859,859,0,32,49,-59
2026-07-29T15:42:04.133+08:00,0xB25B,1,4,50,860,860,0,32,49,-59
2026-07-29T15:42:04.181+08:00,0xB25B,1,4,50,861,861,0,32,49,-59
2026-07-29T15:42:04.232+08:00,0xB25B,1,4,50,862,862,0,32,49,-59
2026-07-29T15:42:04.288+08:00,0xB25B,1,4,50,863,863,0,32,49,-58
2026-07-29T15:42:04.334+08:00,0xB25B,1,4,50,864,864,0,32,49,-58
2026-07-29T15:42:04.380+08:00,0xB25B,1,4,50,865,865,0,32,49,-58
2026-07-29T15:42:04.432+08:00,0xB25B,1,4,50,866,866,0,32,49,-58
2026-07-29T15:42:04.489+08:00,0xB25B,1,4,50,867,867,0,32,49,-58
2026-07-29T15:42:04.536+08:00,0xB25B,1,4,50,868,868,0,32,49,-58
2026-07-29T15:42:04.585+08:00,0xB25B,1,4,50,869,869,0,32,49,-59
2026-07-29T15:42:04.636+08:00,0xB25B,1,4,50,870,870,0,32,49,-59
2026-07-29T15:42:04.691+08:00,0xB25B,1,4,50,871,871,0,32,49,-59
2026-07-29T15:42:04.739+08:00,0xB25B,1,4,50,872,872,0,32,49,-58
2026-07-29T15:42:04.791+08:00,0xB25B,1,4,50,873,873,0,32,49,-58
2026-07-29T15:42:04.847+08:00,0xB25B,1,4,50,874,874,0,32,49,-58
2026-07-29T15:42:04.894+08:00,0xB25B,1,4,50,875,875,0,32,49,-58
2026-07-29T15:42:04.944+08:00,0xB25B,1,4,50,876,876,0,32,49,-58
2026-07-29T15:42:05.002+08:00,0xB25B,1,4,50,877,877,0,32,49,-58
2026-07-29T15:42:05.051+08:00,0xB25B,1,4,50,878,878,0,32,49,-58
2026-07-29T15:42:05.099+08:00,0xB25B,1,4,50,879,879,0,32,49,-58
2026-07-29T15:42:05.149+08:00,0xB25B,1,4,50,880,880,0,32,49,-59
2026-07-29T15:42:05.207+08:00,0xB25B,1,4,50,881,881,0,32,49,-59
2026-07-29T15:42:05.255+08:00,0xB25B,1,4,50,882,882,0,32,49,-59
2026-07-29T15:42:05.302+08:00,0xB25B,1,4,50,883,883,0,32,49,-59
2026-07-29T15:42:05.353+08:00,0xB25B,1,4,50,884,884,0,32,49,-58
2026-07-29T15:42:05.410+08:00,0xB25B,1,4,50,885,885,0,32,49,-58
2026-07-29T15:42:05.455+08:00,0xB25B,1,4,50,886,886,0,32,49,-59
2026-07-29T15:42:05.507+08:00,0xB25B,1,4,50,887,887,0,32,49,-59
2026-07-29T15:42:05.564+08:00,0xB25B,1,4,50,888,888,0,32,49,-59
2026-07-29T15:42:05.610+08:00,0xB25B,1,4,50,889,889,0,32,49,-59
2026-07-29T15:42:05.657+08:00,0xB25B,1,4,50,890,890,0,32,49,-59
2026-07-29T15:42:05.706+08:00,0xB25B,1,4,50,891,891,0,32,49,-59
2026-07-29T15:42:05.756+08:00,0xB25B,1,4,50,892,892,0,32,49,-59
2026-07-29T15:42:05.813+08:00,0xB25B,1,4,50,893,893,0,32,49,-59
2026-07-29T15:42:05.860+08:00,0xB25B,1,4,50,894,894,0,32,49,-59
2026-07-29T15:42:05.910+08:00,0xB25B,1,4,50,895,895,0,32,49,-59
2026-07-29T15:42:05.966+08:00,0xB25B,1,4,50,896,896,0,32,49,-59
2026-07-29T15:42:06.013+08:00,0xB25B,1,4,50,897,897,0,32,49,-59
2026-07-29T15:42:06.063+08:00,0xB25B,1,4,50,898,898,0,32,49,-59
2026-07-29T15:42:06.122+08:00,0xB25B,1,4,50,899,899,0,32,49,-59
2026-07-29T15:42:06.168+08:00,0xB25B,1,4,50,900,900,0,32,49,-59
2026-07-29T15:42:06.215+08:00,0xB25B,1,4,50,901,901,0,32,49,-59
2026-07-29T15:42:06.263+08:00,0xB25B,1,4,50,902,902,0,32,49,-59
2026-07-29T15:42:06.313+08:00,0xB25B,1,4,50,903,903,0,32,49,-58
2026-07-29T15:42:06.369+08:00,0xB25B,1,4,50,904,904,0,32,49,-58
2026-07-29T15:42:06.416+08:00,0xB25B,1,4,50,905,905,0,32,49,-58
2026-07-29T15:42:06.465+08:00,0xB25B,1,4,50,906,906,0,32,49,-58
2026-07-29T15:42:06.516+08:00,0xB25B,1,4,50,907,907,0,32,49,-59
2026-07-29T15:42:06.573+08:00,0xB25B,1,4,50,908,908,0,32,49,-58
2026-07-29T15:42:06.619+08:00,0xB25B,1,4,50,909,909,0,32,49,-59
2026-07-29T15:42:06.666+08:00,0xB25B,1,4,50,910,910,0,32,49,-59
2026-07-29T15:42:06.719+08:00,0xB25B,1,4,50,911,911,0,32,49,-60
2026-07-29T15:42:06.775+08:00,0xB25B,1,4,50,912,912,0,32,49,-59
2026-07-29T15:42:06.822+08:00,0xB25B,1,4,50,913,913,0,32,49,-58
2026-07-29T15:42:06.873+08:00,0xB25B,1,4,50,914,914,0,32,49,-59
2026-07-29T15:42:06.931+08:00,0xB25B,1,4,50,915,915,0,32,49,-59
2026-07-29T15:42:06.978+08:00,0xB25B,1,4,50,916,916,0,32,49,-59
2026-07-29T15:42:07.026+08:00,0xB25B,1,4,50,917,917,0,32,49,-60
2026-07-29T15:42:07.074+08:00,0xB25B,1,4,50,918,918,0,32,49,-59
2026-07-29T15:42:07.123+08:00,0xB25B,1,4,50,919,919,0,32,49,-60
2026-07-29T15:42:07.182+08:00,0xB25B,1,4,50,920,920,0,32,49,-59
2026-07-29T15:42:07.227+08:00,0xB25B,1,4,50,921,921,0,32,49,-60
2026-07-29T15:42:07.276+08:00,0xB25B,1,4,50,922,922,0,32,49,-59
2026-07-29T15:42:07.326+08:00,0xB25B,1,4,50,923,923,0,32,49,-59
2026-07-29T15:42:07.383+08:00,0xB25B,1,4,50,924,924,0,32,49,-58
2026-07-29T15:42:07.430+08:00,0xB25B,1,4,50,925,925,0,32,49,-60
2026-07-29T15:42:07.481+08:00,0xB25B,1,4,50,926,926,0,32,49,-59
2026-07-29T15:42:07.540+08:00,0xB25B,1,4,50,927,927,0,32,49,-60
2026-07-29T15:42:07.586+08:00,0xB25B,1,4,50,928,928,0,32,49,-59
2026-07-29T15:42:07.635+08:00,0xB25B,1,4,50,929,929,0,32,49,-61
2026-07-29T15:42:07.685+08:00,0xB25B,1,4,50,930,930,0,32,49,-60
2026-07-29T15:42:07.740+08:00,0xB25B,1,4,50,931,931,0,32,49,-60
2026-07-29T15:42:07.787+08:00,0xB25B,1,4,50,932,932,0,32,49,-59
2026-07-29T15:42:07.836+08:00,0xB25B,1,4,50,933,933,0,32,49,-59
2026-07-29T15:42:07.887+08:00,0xB25B,1,4,50,934,934,0,32,49,-59
2026-07-29T15:42:07.943+08:00,0xB25B,1,4,50,935,935,0,32,49,-59
2026-07-29T15:42:07.990+08:00,0xB25B,1,4,50,936,936,0,32,49,-59
2026-07-29T15:42:08.036+08:00,0xB25B,1,4,50,937,937,0,32,49,-59
2026-07-29T15:42:08.088+08:00,0xB25B,1,4,50,938,938,0,32,49,-59
2026-07-29T15:42:08.140+08:00,0xB25B,1,4,50,939,939,0,32,49,-59
2026-07-29T15:42:08.193+08:00,0xB25B,1,4,50,940,940,0,32,49,-59
2026-07-29T15:42:08.240+08:00,0xB25B,1,4,50,941,941,0,32,49,-59
2026-07-29T15:42:08.290+08:00,0xB25B,1,4,50,942,942,0,32,49,-59
2026-07-29T15:42:08.348+08:00,0xB25B,1,4,50,943,943,0,32,49,-59
2026-07-29T15:42:08.395+08:00,0xB25B,1,4,50,944,944,0,32,49,-59
2026-07-29T15:42:08.444+08:00,0xB25B,1,4,50,945,945,0,32,49,-59
2026-07-29T15:42:08.496+08:00,0xB25B,1,4,50,946,946,0,32,49,-59
2026-07-29T15:42:08.552+08:00,0xB25B,1,4,50,947,947,0,32,49,-59
2026-07-29T15:42:08.599+08:00,0xB25B,1,4,50,948,948,0,32,49,-59
2026-07-29T15:42:08.651+08:00,0xB25B,1,4,50,949,949,0,32,49,-59
2026-07-29T15:42:08.706+08:00,0xB25B,1,4,50,950,950,0,32,49,-59
2026-07-29T15:42:08.753+08:00,0xB25B,1,4,50,951,951,0,32,49,-59
2026-07-29T15:42:08.803+08:00,0xB25B,1,4,50,952,952,0,32,49,-59
2026-07-29T15:42:08.854+08:00,0xB25B,1,4,50,953,953,0,32,49,-59
2026-07-29T15:42:08.908+08:00,0xB25B,1,4,50,954,954,0,32,49,-59
2026-07-29T15:42:08.955+08:00,0xB25B,1,4,50,955,955,0,32,49,-59
2026-07-29T15:42:09.005+08:00,0xB25B,1,4,50,956,956,0,32,49,-59
2026-07-29T15:42:09.056+08:00,0xB25B,1,4,50,957,957,0,32,49,-59
2026-07-29T15:42:09.112+08:00,0xB25B,1,4,50,958,958,0,32,49,-59
2026-07-29T15:42:09.158+08:00,0xB25B,1,4,50,959,959,0,32,49,-59
2026-07-29T15:42:09.252+08:00,0xB25B,1,4,50,960,960,0,32,49,-59
2026-07-29T15:42:09.299+08:00,0xB25B,1,4,50,961,961,0,32,49,-59
2026-07-29T15:42:09.346+08:00,0xB25B,1,4,50,962,962,0,32,49,-59
2026-07-29T15:42:09.391+08:00,0xB25B,1,4,50,963,963,0,32,49,-59
2026-07-29T15:42:09.438+08:00,0xB25B,1,4,50,964,964,0,32,49,-59
2026-07-29T15:42:09.484+08:00,0xB25B,1,4,50,965,965,0,32,49,-59
2026-07-29T15:42:09.531+08:00,0xB25B,1,4,50,966,966,0,32,49,-59
2026-07-29T15:42:09.577+08:00,0xB25B,1,4,50,967,967,0,32,49,-59
2026-07-29T15:42:09.625+08:00,0xB25B,1,4,50,968,968,0,32,49,-59
2026-07-29T15:42:09.673+08:00,0xB25B,1,4,50,969,969,0,32,49,-59
2026-07-29T15:42:09.719+08:00,0xB25B,1,4,50,970,970,0,32,49,-59
2026-07-29T15:42:09.765+08:00,0xB25B,1,4,50,971,971,0,32,49,-59
2026-07-29T15:42:09.814+08:00,0xB25B,1,4,50,972,972,0,32,49,-59
2026-07-29T15:42:09.868+08:00,0xB25B,1,4,50,973,973,0,32,49,-59
2026-07-29T15:42:09.923+08:00,0xB25B,1,4,50,974,974,0,32,49,-59
2026-07-29T15:42:09.969+08:00,0xB25B,1,4,50,975,975,0,32,49,-59
2026-07-29T15:42:10.019+08:00,0xB25B,1,4,50,976,976,0,32,49,-59
2026-07-29T15:42:10.077+08:00,0xB25B,1,4,50,977,977,0,32,49,-59
2026-07-29T15:42:10.124+08:00,0xB25B,1,4,50,978,978,0,32,49,-59
2026-07-29T15:42:10.215+08:00,0xB25B,1,4,50,979,979,0,32,49,-59
2026-07-29T15:42:10.263+08:00,0xB25B,1,4,50,980,980,0,32,49,-59
2026-07-29T15:42:10.309+08:00,0xB25B,1,4,50,981,981,0,32,49,-59
2026-07-29T15:42:10.355+08:00,0xB25B,1,4,50,982,982,0,32,49,-59
2026-07-29T15:42:10.402+08:00,0xB25B,1,4,50,983,983,0,32,49,-59
2026-07-29T15:42:10.449+08:00,0xB25B,1,4,50,984,984,0,32,49,-59
2026-07-29T15:42:10.496+08:00,0xB25B,1,4,50,985,985,0,32,49,-59
2026-07-29T15:42:10.543+08:00,0xB25B,1,4,50,986,986,0,32,49,-59
2026-07-29T15:42:10.589+08:00,0xB25B,1,4,50,987,987,0,32,49,-59
2026-07-29T15:42:10.638+08:00,0xB25B,1,4,50,988,988,0,32,49,-59
2026-07-29T15:42:10.685+08:00,0xB25B,1,4,50,989,989,0,32,49,-59
2026-07-29T15:42:10.731+08:00,0xB25B,1,4,50,990,990,0,32,49,-59
2026-07-29T15:42:10.781+08:00,0xB25B,1,4,50,991,991,0,32,49,-59
2026-07-29T15:42:10.832+08:00,0xB25B,1,4,50,992,992,0,32,49,-59
2026-07-29T15:42:10.887+08:00,0xB25B,1,4,50,993,993,0,32,49,-59
2026-07-29T15:42:10.935+08:00,0xB25B,1,4,50,994,994,0,32,49,-59
2026-07-29T15:42:10.987+08:00,0xB25B,1,4,50,995,995,0,32,49,-59
2026-07-29T15:42:11.042+08:00,0xB25B,1,4,50,996,996,0,32,49,-59
2026-07-29T15:42:11.091+08:00,0xB25B,1,4,50,997,997,0,32,49,-59
2026-07-29T15:42:11.141+08:00,0xB25B,1,4,50,998,998,0,32,49,-59
2026-07-29T15:42:11.199+08:00,0xB25B,1,4,50,999,999,0,32,49,-59
2026-07-29T15:42:11.246+08:00,0xB25B,1,4,50,1000,1000,0,32,49,-59
2026-07-29T15:42:11.296+08:00,0xB25B,1,4,50,1001,1001,0,32,49,-59
2026-07-29T15:42:11.355+08:00,0xB25B,1,4,50,1002,1002,0,32,49,-59
2026-07-29T15:42:11.401+08:00,0xB25B,1,4,50,1003,1003,0,32,49,-59
2026-07-29T15:42:11.448+08:00,0xB25B,1,4,50,1004,1004,0,32,49,-59
2026-07-29T15:42:11.496+08:00,0xB25B,1,4,50,1005,1005,0,32,49,-59
2026-07-29T15:42:11.547+08:00,0xB25B,1,4,50,1006,1006,0,32,49,-59
2026-07-29T15:42:11.604+08:00,0xB25B,1,4,50,1007,1007,0,32,49,-59
2026-07-29T15:42:11.651+08:00,0xB25B,1,4,50,1008,1008,0,32,49,-59
2026-07-29T15:42:11.699+08:00,0xB25B,1,4,50,1009,1009,0,32,49,-59
2026-07-29T15:42:11.749+08:00,0xB25B,1,4,50,1010,1010,0,32,49,-59
2026-07-29T15:42:11.800+08:00,0xB25B,1,4,50,1011,1011,0,32,49,-59
2026-07-29T15:42:11.856+08:00,0xB25B,1,4,50,1012,1012,0,32,49,-59
2026-07-29T15:42:11.903+08:00,0xB25B,1,4,50,1013,1013,0,32,49,-59
2026-07-29T15:42:11.954+08:00,0xB25B,1,4,50,1014,1014,0,32,49,-59
2026-07-29T15:42:12.012+08:00,0xB25B,1,4,50,1015,1015,0,32,49,-59
2026-07-29T15:42:12.056+08:00,0xB25B,1,4,50,1016,1016,0,32,49,-59
2026-07-29T15:42:12.108+08:00,0xB25B,1,4,50,1017,1017,0,32,49,-59
2026-07-29T15:42:12.164+08:00,0xB25B,1,4,50,1018,1018,0,32,49,-59
2026-07-29T15:42:12.211+08:00,0xB25B,1,4,50,1019,1019,0,32,49,-59
2026-07-29T15:42:12.258+08:00,0xB25B,1,4,50,1020,1020,0,32,49,-59
2026-07-29T15:42:12.315+08:00,0xB25B,1,4,50,1021,1021,0,32,49,-59
2026-07-29T15:42:12.367+08:00,0xB25B,1,4,50,1022,1022,0,32,49,-59
2026-07-29T15:42:12.413+08:00,0xB25B,1,4,50,1023,1023,0,32,49,-59
2026-07-29T15:42:12.460+08:00,0xB25B,1,4,50,1024,1024,0,32,49,-59
2026-07-29T15:42:12.510+08:00,0xB25B,1,4,50,1025,1025,0,32,49,-59
2026-07-29T15:42:12.560+08:00,0xB25B,1,4,50,1026,1026,0,32,49,-59
2026-07-29T15:42:12.616+08:00,0xB25B,1,4,50,1027,1027,0,32,49,-59
2026-07-29T15:42:12.664+08:00,0xB25B,1,4,50,1028,1028,0,32,49,-59
2026-07-29T15:42:12.711+08:00,0xB25B,1,4,50,1029,1029,0,32,49,-59
2026-07-29T15:42:12.761+08:00,0xB25B,1,4,50,1030,1030,0,32,49,-59
2026-07-29T15:42:12.821+08:00,0xB25B,1,4,50,1031,1031,0,32,49,-59
2026-07-29T15:42:12.867+08:00,0xB25B,1,4,50,1032,1032,0,32,49,-60
2026-07-29T15:42:12.915+08:00,0xB25B,1,4,50,1033,1033,0,32,49,-59
2026-07-29T15:42:12.963+08:00,0xB25B,1,4,50,1034,1034,0,32,49,-60
2026-07-29T15:42:13.011+08:00,0xB25B,1,4,50,1035,1035,0,32,49,-59
2026-07-29T15:42:13.076+08:00,0xB25B,1,4,50,1036,1036,0,32,49,-59
2026-07-29T15:42:13.132+08:00,0xB25B,1,4,50,1037,1037,0,32,49,-59
2026-07-29T15:42:13.178+08:00,0xB25B,1,4,50,1038,1038,0,32,49,-59
2026-07-29T15:42:13.224+08:00,0xB25B,1,4,50,1039,1039,0,32,49,-59
2026-07-29T15:42:13.273+08:00,0xB25B,1,4,50,1040,1040,0,32,49,-59
2026-07-29T15:42:13.320+08:00,0xB25B,1,4,50,1041,1041,0,32,49,-59
2026-07-29T15:42:13.373+08:00,0xB25B,1,4,50,1042,1042,0,32,49,-60
2026-07-29T15:42:13.429+08:00,0xB25B,1,4,50,1043,1043,0,32,49,-59
2026-07-29T15:42:13.476+08:00,0xB25B,1,4,50,1044,1044,0,32,49,-59
2026-07-29T15:42:13.524+08:00,0xB25B,1,4,50,1045,1045,0,32,49,-59
2026-07-29T15:42:13.573+08:00,0xB25B,1,4,50,1046,1046,0,32,49,-61
2026-07-29T15:42:13.622+08:00,0xB25B,1,4,50,1047,1047,0,32,49,-59
2026-07-29T15:42:13.679+08:00,0xB25B,1,4,50,1048,1048,0,32,49,-61
2026-07-29T15:42:13.726+08:00,0xB25B,1,4,50,1049,1049,0,32,49,-60
2026-07-29T15:42:13.776+08:00,0xB25B,1,4,50,1050,1050,0,32,49,-59
2026-07-29T15:42:13.834+08:00,0xB25B,1,4,50,1051,1051,0,32,49,-59
2026-07-29T15:42:13.881+08:00,0xB25B,1,4,50,1052,1052,0,32,49,-59
2026-07-29T15:42:13.927+08:00,0xB25B,1,4,50,1053,1053,0,32,49,-59
2026-07-29T15:42:13.977+08:00,0xB25B,1,4,50,1054,1054,0,32,49,-59
2026-07-29T15:42:14.036+08:00,0xB25B,1,4,50,1055,1055,0,32,49,-59
2026-07-29T15:42:14.083+08:00,0xB25B,1,4,50,1056,1056,0,32,49,-60
2026-07-29T15:42:14.129+08:00,0xB25B,1,4,50,1057,1057,0,32,49,-60
2026-07-29T15:42:14.223+08:00,0xB25B,1,4,50,1058,1058,0,32,49,-60
2026-07-29T15:42:14.269+08:00,0xB25B,1,4,50,1059,1059,0,32,49,-59
2026-07-29T15:42:14.316+08:00,0xB25B,1,4,50,1060,1060,0,32,49,-59
2026-07-29T15:42:14.362+08:00,0xB25B,1,4,50,1061,1061,0,32,49,-59
2026-07-29T15:42:14.408+08:00,0xB25B,1,4,50,1062,1062,0,32,49,-59
2026-07-29T15:42:14.456+08:00,0xB25B,1,4,50,1063,1063,0,32,49,-59
2026-07-29T15:42:14.503+08:00,0xB25B,1,4,50,1064,1064,0,32,49,-59
2026-07-29T15:42:14.549+08:00,0xB25B,1,4,50,1065,1065,0,32,49,-59
2026-07-29T15:42:14.595+08:00,0xB25B,1,4,50,1066,1066,0,32,49,-59
2026-07-29T15:42:14.642+08:00,0xB25B,1,4,50,1067,1067,0,32,49,-59
2026-07-29T15:42:14.691+08:00,0xB25B,1,4,50,1068,1068,0,32,49,-59
2026-07-29T15:42:14.738+08:00,0xB25B,1,4,50,1069,1069,0,32,49,-59
2026-07-29T15:42:14.788+08:00,0xB25B,1,4,50,1070,1070,0,32,49,-59
2026-07-29T15:42:14.845+08:00,0xB25B,1,4,50,1071,1071,0,32,49,-59
2026-07-29T15:42:14.892+08:00,0xB25B,1,4,50,1072,1072,0,32,49,-59
2026-07-29T15:42:14.943+08:00,0xB25B,1,4,50,1073,1073,0,32,49,-59
2026-07-29T15:42:15.000+08:00,0xB25B,1,4,50,1074,1074,0,32,49,-59
2026-07-29T15:42:15.048+08:00,0xB25B,1,4,50,1075,1075,0,32,49,-60
2026-07-29T15:42:15.095+08:00,0xB25B,1,4,50,1076,1076,0,32,49,-59
2026-07-29T15:42:15.145+08:00,0xB25B,1,4,50,1077,1077,0,32,49,-59
2026-07-29T15:42:15.236+08:00,0xB25B,1,4,50,1078,1078,0,32,49,-59
2026-07-29T15:42:15.282+08:00,0xB25B,1,4,50,1079,1079,0,32,49,-59
2026-07-29T15:42:15.329+08:00,0xB25B,1,4,50,1080,1080,0,32,49,-59
2026-07-29T15:42:15.374+08:00,0xB25B,1,4,50,1081,1081,0,32,49,-59
2026-07-29T15:42:15.421+08:00,0xB25B,1,4,50,1082,1082,0,32,49,-59
2026-07-29T15:42:15.468+08:00,0xB25B,1,4,50,1083,1083,0,32,49,-59
2026-07-29T15:42:15.515+08:00,0xB25B,1,4,50,1084,1084,0,32,49,-59
2026-07-29T15:42:15.562+08:00,0xB25B,1,4,50,1085,1085,0,32,49,-59
2026-07-29T15:42:15.608+08:00,0xB25B,1,4,50,1086,1086,0,32,49,-59
2026-07-29T15:42:15.655+08:00,0xB25B,1,4,50,1087,1087,0,32,49,-59
2026-07-29T15:42:15.704+08:00,0xB25B,1,4,50,1088,1088,0,32,49,-59
2026-07-29T15:42:15.756+08:00,0xB25B,1,4,50,1089,1089,0,32,49,-60
2026-07-29T15:42:15.813+08:00,0xB25B,1,4,50,1090,1090,0,32,49,-59
2026-07-29T15:42:15.860+08:00,0xB25B,1,4,50,1091,1091,0,32,49,-59
2026-07-29T15:42:15.907+08:00,0xB25B,1,4,50,1092,1092,0,32,49,-59
2026-07-29T15:42:15.957+08:00,0xB25B,1,4,50,1093,1093,0,32,49,-59
2026-07-29T15:42:16.016+08:00,0xB25B,1,4,50,1094,1094,0,32,49,-60
2026-07-29T15:42:16.062+08:00,0xB25B,1,4,50,1095,1095,0,32,49,-59
2026-07-29T15:42:16.110+08:00,0xB25B,1,4,50,1096,1096,0,32,49,-59
2026-07-29T15:42:16.161+08:00,0xB25B,1,4,50,1097,1097,0,32,49,-59
2026-07-29T15:42:16.217+08:00,0xB25B,1,4,50,1098,1098,0,32,49,-59
2026-07-29T15:42:16.264+08:00,0xB25B,1,4,50,1099,1099,0,32,49,-59
2026-07-29T15:42:16.311+08:00,0xB25B,1,4,50,1100,1100,0,32,49,-59
2026-07-29T15:42:16.361+08:00,0xB25B,1,4,50,1101,1101,0,32,49,-59
2026-07-29T15:42:16.419+08:00,0xB25B,1,4,50,1102,1102,0,32,49,-59
2026-07-29T15:42:16.465+08:00,0xB25B,1,4,50,1103,1103,0,32,49,-59
2026-07-29T15:42:16.512+08:00,0xB25B,1,4,50,1104,1104,0,32,49,-59
2026-07-29T15:42:16.559+08:00,0xB25B,1,4,50,1105,1105,0,32,49,-59
2026-07-29T15:42:16.611+08:00,0xB25B,1,4,50,1106,1106,0,32,49,-59
2026-07-29T15:42:16.668+08:00,0xB25B,1,4,50,1107,1107,0,32,49,-59
2026-07-29T15:42:16.713+08:00,0xB25B,1,4,50,1108,1108,0,32,49,-59
2026-07-29T15:42:16.760+08:00,0xB25B,1,4,50,1109,1109,0,32,49,-59
2026-07-29T15:42:16.810+08:00,0xB25B,1,4,50,1110,1110,0,32,49,-59
2026-07-29T15:42:16.861+08:00,0xB25B,1,4,50,1111,1111,0,32,49,-59
2026-07-29T15:42:16.916+08:00,0xB25B,1,4,50,1112,1112,0,32,49,-59
2026-07-29T15:42:16.964+08:00,0xB25B,1,4,50,1113,1113,0,32,49,-59
2026-07-29T15:42:17.012+08:00,0xB25B,1,4,50,1114,1114,0,32,49,-59
2026-07-29T15:42:17.060+08:00,0xB25B,1,4,50,1115,1115,0,32,49,-61
2026-07-29T15:42:17.119+08:00,0xB25B,1,4,50,1116,1116,0,32,49,-59
2026-07-29T15:42:17.167+08:00,0xB25B,1,4,50,1117,1117,0,32,49,-61
2026-07-29T15:42:17.214+08:00,0xB25B,1,4,50,1118,1118,0,32,49,-59
2026-07-29T15:42:17.261+08:00,0xB25B,1,4,50,1119,1119,0,32,49,-61
2026-07-29T15:42:17.312+08:00,0xB25B,1,4,50,1120,1120,0,32,49,-59
2026-07-29T15:42:17.372+08:00,0xB25B,1,4,50,1121,1121,0,32,49,-60
2026-07-29T15:42:17.418+08:00,0xB25B,1,4,50,1122,1122,0,32,49,-59
2026-07-29T15:42:17.466+08:00,0xB25B,1,4,50,1123,1123,0,32,49,-60
2026-07-29T15:42:17.516+08:00,0xB25B,1,4,50,1124,1124,0,32,49,-59
2026-07-29T15:42:17.573+08:00,0xB25B,1,4,50,1125,1125,0,32,49,-60
2026-07-29T15:42:17.619+08:00,0xB25B,1,4,50,1126,1126,0,32,49,-59
2026-07-29T15:42:17.668+08:00,0xB25B,1,4,50,1127,1127,0,32,49,-60
2026-07-29T15:42:17.728+08:00,0xB25B,1,4,50,1128,1128,0,32,49,-59
2026-07-29T15:42:17.775+08:00,0xB25B,1,4,50,1129,1129,0,32,49,-60
2026-07-29T15:42:17.822+08:00,0xB25B,1,4,50,1130,1130,0,32,49,-59
2026-07-29T15:42:17.876+08:00,0xB25B,1,4,50,1131,1131,0,32,49,-59
2026-07-29T15:42:17.931+08:00,0xB25B,1,4,50,1132,1132,0,32,49,-59
2026-07-29T15:42:17.978+08:00,0xB25B,1,4,50,1133,1133,0,32,49,-60
2026-07-29T15:42:18.024+08:00,0xB25B,1,4,50,1134,1134,0,32,49,-59
2026-07-29T15:42:18.074+08:00,0xB25B,1,4,50,1135,1135,0,32,49,-59
2026-07-29T15:42:18.124+08:00,0xB25B,1,4,50,1136,1136,0,32,49,-59
2026-07-29T15:42:18.179+08:00,0xB25B,1,4,50,1137,1137,0,32,49,-59
2026-07-29T15:42:18.226+08:00,0xB25B,1,4,50,1138,1138,0,32,49,-59
2026-07-29T15:42:18.273+08:00,0xB25B,1,4,50,1139,1139,0,32,49,-59
2026-07-29T15:42:18.326+08:00,0xB25B,1,4,50,1140,1140,0,32,49,-59
2026-07-29T15:42:18.382+08:00,0xB25B,1,4,50,1141,1141,0,32,49,-59
2026-07-29T15:42:18.428+08:00,0xB25B,1,4,50,1142,1142,0,32,49,-59
2026-07-29T15:42:18.474+08:00,0xB25B,1,4,50,1143,1143,0,32,49,-59
2026-07-29T15:42:18.527+08:00,0xB25B,1,4,50,1144,1144,0,32,49,-59
2026-07-29T15:42:18.584+08:00,0xB25B,1,4,50,1145,1145,0,32,49,-59
2026-07-29T15:42:18.629+08:00,0xB25B,1,4,50,1146,1146,0,32,49,-59
2026-07-29T15:42:18.677+08:00,0xB25B,1,4,50,1147,1147,0,32,49,-59
2026-07-29T15:42:18.727+08:00,0xB25B,1,4,50,1148,1148,0,32,49,-59
2026-07-29T15:42:18.776+08:00,0xB25B,1,4,50,1149,1149,0,32,49,-59
2026-07-29T15:42:18.834+08:00,0xB25B,1,4,50,1150,1150,0,32,49,-59
2026-07-29T15:42:18.880+08:00,0xB25B,1,4,50,1151,1151,0,32,49,-59
2026-07-29T15:42:18.927+08:00,0xB25B,1,4,50,1152,1152,0,32,49,-60
2026-07-29T15:42:18.976+08:00,0xB25B,1,4,50,1153,1153,0,32,49,-59
2026-07-29T15:42:19.035+08:00,0xB25B,1,4,50,1154,1154,0,32,49,-59
2026-07-29T15:42:19.081+08:00,0xB25B,1,4,50,1155,1155,0,32,49,-59
2026-07-29T15:42:19.129+08:00,0xB25B,1,4,50,1156,1156,0,32,49,-59
2026-07-29T15:42:19.222+08:00,0xB25B,1,4,50,1157,1157,0,32,49,-59
2026-07-29T15:42:19.269+08:00,0xB25B,1,4,50,1158,1158,0,32,49,-59
2026-07-29T15:42:19.315+08:00,0xB25B,1,4,50,1159,1159,0,32,49,-59
2026-07-29T15:42:19.362+08:00,0xB25B,1,4,50,1160,1160,0,32,49,-59
2026-07-29T15:42:19.409+08:00,0xB25B,1,4,50,1161,1161,0,32,49,-59
2026-07-29T15:42:19.456+08:00,0xB25B,1,4,50,1162,1162,0,32,49,-59
2026-07-29T15:42:19.501+08:00,0xB25B,1,4,50,1163,1163,0,32,49,-59
2026-07-29T15:42:19.549+08:00,0xB25B,1,4,50,1164,1164,0,32,49,-59
2026-07-29T15:42:19.596+08:00,0xB25B,1,4,50,1165,1165,0,32,49,-59
2026-07-29T15:42:19.642+08:00,0xB25B,1,4,50,1166,1166,0,32,49,-59
2026-07-29T15:42:19.688+08:00,0xB25B,1,4,50,1167,1167,0,32,49,-59
2026-07-29T15:42:19.736+08:00,0xB25B,1,4,50,1168,1168,0,32,49,-59
2026-07-29T15:42:19.789+08:00,0xB25B,1,4,50,1169,1169,0,32,49,-59
2026-07-29T15:42:19.846+08:00,0xB25B,1,4,50,1170,1170,0,32,49,-59
2026-07-29T15:42:19.892+08:00,0xB25B,1,4,50,1171,1171,0,32,49,-59
2026-07-29T15:42:19.945+08:00,0xB25B,1,4,50,1172,1172,0,32,49,-59
2026-07-29T15:42:20.001+08:00,0xB25B,1,4,50,1173,1173,0,32,49,-59
2026-07-29T15:42:20.048+08:00,0xB25B,1,4,50,1174,1174,0,32,49,-59
2026-07-29T15:42:20.097+08:00,0xB25B,1,4,50,1175,1175,0,32,49,-59
2026-07-29T15:42:20.148+08:00,0xB25B,1,4,50,1176,1176,0,32,49,-59
2026-07-29T15:42:20.204+08:00,0xB25B,1,4,50,1177,1177,0,32,49,-59
2026-07-29T15:42:20.252+08:00,0xB25B,1,4,50,1178,1178,0,32,49,-59
2026-07-29T15:42:20.301+08:00,0xB25B,1,4,50,1179,1179,0,32,49,-59
2026-07-29T15:42:20.361+08:00,0xB25B,1,4,50,1180,1180,0,32,49,-59
2026-07-29T15:42:20.407+08:00,0xB25B,1,4,50,1181,1181,0,32,49,-59
2026-07-29T15:42:20.455+08:00,0xB25B,1,4,50,1182,1182,0,32,49,-59
2026-07-29T15:42:20.504+08:00,0xB25B,1,4,50,1183,1183,0,32,49,-59
2026-07-29T15:42:20.564+08:00,0xB25B,1,4,50,1184,1184,0,32,49,-59
2026-07-29T15:42:20.611+08:00,0xB25B,1,4,50,1185,1185,0,32,49,-59
2026-07-29T15:42:20.658+08:00,0xB25B,1,4,50,1186,1186,0,32,49,-59
2026-07-29T15:42:20.708+08:00,0xB25B,1,4,50,1187,1187,0,32,49,-59
2026-07-29T15:42:20.766+08:00,0xB25B,1,4,50,1188,1188,0,32,49,-59
2026-07-29T15:42:20.813+08:00,0xB25B,1,4,50,1189,1189,0,32,49,-59
2026-07-29T15:42:20.858+08:00,0xB25B,1,4,50,1190,1190,0,32,49,-59
2026-07-29T15:42:20.908+08:00,0xB25B,1,4,50,1191,1191,0,32,49,-59
2026-07-29T15:42:20.960+08:00,0xB25B,1,4,50,1192,1192,0,32,49,-59
2026-07-29T15:42:21.016+08:00,0xB25B,1,4,50,1193,1193,0,32,49,-59
2026-07-29T15:42:21.061+08:00,0xB25B,1,4,50,1194,1194,0,32,49,-59
2026-07-29T15:42:21.109+08:00,0xB25B,1,4,50,1195,1195,0,32,49,-59
2026-07-29T15:42:21.159+08:00,0xB25B,1,4,50,1196,1196,0,32,49,-59
2026-07-29T15:42:21.218+08:00,0xB25B,1,4,50,1197,1197,0,32,49,-59
2026-07-29T15:42:21.264+08:00,0xB25B,1,4,50,1198,1198,0,32,49,-59
2026-07-29T15:42:21.313+08:00,0xB25B,1,4,50,1199,1199,0,32,49,-59
2026-07-29T15:42:21.374+08:00,0xB25B,1,4,50,1200,1200,0,32,49,-59
2026-07-29T15:42:21.418+08:00,0xB25B,1,4,50,1201,1201,0,32,49,-59
2026-07-29T15:42:21.466+08:00,0xB25B,1,4,50,1202,1202,0,32,49,-59
2026-07-29T15:42:21.517+08:00,0xB25B,1,4,50,1203,1203,0,32,49,-59
2026-07-29T15:42:21.575+08:00,0xB25B,1,4,50,1204,1204,0,32,49,-59
2026-07-29T15:42:21.622+08:00,0xB25B,1,4,50,1205,1205,0,32,49,-59
2026-07-29T15:42:21.669+08:00,0xB25B,1,4,50,1206,1206,0,32,49,-61
2026-07-29T15:42:21.719+08:00,0xB25B,1,4,50,1207,1207,0,32,49,-59
2026-07-29T15:42:21.777+08:00,0xB25B,1,4,50,1208,1208,0,32,49,-61
2026-07-29T15:42:21.823+08:00,0xB25B,1,4,50,1209,1209,0,32,49,-59
2026-07-29T15:42:21.870+08:00,0xB25B,1,4,50,1210,1210,0,32,49,-60
2026-07-29T15:42:21.921+08:00,0xB25B,1,4,50,1211,1211,0,32,49,-59
2026-07-29T15:42:21.977+08:00,0xB25B,1,4,50,1212,1212,0,32,49,-61
2026-07-29T15:42:22.023+08:00,0xB25B,1,4,50,1213,1213,0,32,49,-59
2026-07-29T15:42:22.069+08:00,0xB25B,1,4,50,1214,1214,0,32,49,-59
2026-07-29T15:42:22.118+08:00,0xB25B,1,4,50,1215,1215,0,32,49,-59
2026-07-29T15:42:22.210+08:00,0xB25B,1,4,50,1216,1216,0,32,49,-61
2026-07-29T15:42:22.256+08:00,0xB25B,1,4,50,1217,1217,0,32,49,-59
2026-07-29T15:42:22.304+08:00,0xB25B,1,4,50,1218,1218,0,32,49,-60
2026-07-29T15:42:22.350+08:00,0xB25B,1,4,50,1219,1219,0,32,49,-60
2026-07-29T15:42:22.395+08:00,0xB25B,1,4,50,1220,1220,0,32,49,-59
2026-07-29T15:42:22.444+08:00,0xB25B,1,4,50,1221,1221,0,32,49,-60
2026-07-29T15:42:22.491+08:00,0xB25B,1,4,50,1222,1222,0,32,49,-60
2026-07-29T15:42:22.537+08:00,0xB25B,1,4,50,1223,1223,0,32,49,-59
2026-07-29T15:42:22.585+08:00,0xB25B,1,4,50,1224,1224,0,32,49,-59
2026-07-29T15:42:22.631+08:00,0xB25B,1,4,50,1225,1225,0,32,49,-59
2026-07-29T15:42:22.679+08:00,0xB25B,1,4,50,1226,1226,0,32,49,-59
2026-07-29T15:42:22.730+08:00,0xB25B,1,4,50,1227,1227,0,32,49,-59
2026-07-29T15:42:22.787+08:00,0xB25B,1,4,50,1228,1228,0,32,49,-59
2026-07-29T15:42:22.834+08:00,0xB25B,1,4,50,1229,1229,0,32,49,-59
2026-07-29T15:42:22.881+08:00,0xB25B,1,4,50,1230,1230,0,32,49,-59
2026-07-29T15:42:22.934+08:00,0xB25B,1,4,50,1231,1231,0,32,49,-59
2026-07-29T15:42:22.991+08:00,0xB25B,1,4,50,1232,1232,0,32,49,-59
2026-07-29T15:42:23.040+08:00,0xB25B,1,4,50,1233,1233,0,32,49,-59
2026-07-29T15:42:23.087+08:00,0xB25B,1,4,50,1234,1234,0,32,49,-59
2026-07-29T15:42:23.133+08:00,0xB25B,1,4,50,1235,1235,0,32,49,-59
2026-07-29T15:42:23.227+08:00,0xB25B,1,4,50,1236,1236,0,32,49,-59
2026-07-29T15:42:23.273+08:00,0xB25B,1,4,50,1237,1237,0,32,49,-59
2026-07-29T15:42:23.319+08:00,0xB25B,1,4,50,1238,1238,0,32,49,-59
2026-07-29T15:42:23.366+08:00,0xB25B,1,4,50,1239,1239,0,32,49,-59
2026-07-29T15:42:23.412+08:00,0xB25B,1,4,50,1240,1240,0,32,49,-60
2026-07-29T15:42:23.458+08:00,0xB25B,1,4,50,1241,1241,0,32,49,-59
2026-07-29T15:42:23.505+08:00,0xB25B,1,4,50,1242,1242,0,32,49,-59
2026-07-29T15:42:23.552+08:00,0xB25B,1,4,50,1243,1243,0,32,49,-59
2026-07-29T15:42:23.599+08:00,0xB25B,1,4,50,1244,1244,0,32,49,-59
2026-07-29T15:42:23.645+08:00,0xB25B,1,4,50,1245,1245,0,32,49,-60
2026-07-29T15:42:23.693+08:00,0xB25B,1,4,50,1246,1246,0,32,49,-60
2026-07-29T15:42:23.739+08:00,0xB25B,1,4,50,1247,1247,0,32,49,-60
2026-07-29T15:42:23.788+08:00,0xB25B,1,4,50,1248,1248,0,32,49,-61
2026-07-29T15:42:23.839+08:00,0xB25B,1,4,50,1249,1249,0,32,49,-60
2026-07-29T15:42:23.895+08:00,0xB25B,1,4,50,1250,1250,0,32,49,-61
2026-07-29T15:42:23.941+08:00,0xB25B,1,4,50,1251,1251,0,32,49,-61
2026-07-29T15:42:23.989+08:00,0xB25B,1,4,50,1252,1252,0,32,49,-60
2026-07-29T15:42:24.041+08:00,0xB25B,1,4,50,1253,1253,0,32,49,-60
2026-07-29T15:42:24.096+08:00,0xB25B,1,4,50,1254,1254,0,32,49,-60
2026-07-29T15:42:24.143+08:00,0xB25B,1,4,50,1255,1255,0,32,49,-60
2026-07-29T15:42:24.238+08:00,0xB25B,1,4,50,1256,1256,0,32,49,-60
2026-07-29T15:42:24.283+08:00,0xB25B,1,4,50,1257,1257,0,32,49,-60
2026-07-29T15:42:24.330+08:00,0xB25B,1,4,50,1258,1258,0,32,49,-60
2026-07-29T15:42:24.376+08:00,0xB25B,1,4,50,1259,1259,0,32,49,-60
2026-07-29T15:42:24.422+08:00,0xB25B,1,4,50,1260,1260,0,32,49,-60
2026-07-29T15:42:24.470+08:00,0xB25B,1,4,50,1261,1261,0,32,49,-60
2026-07-29T15:42:24.515+08:00,0xB25B,1,4,50,1262,1262,0,32,49,-60
2026-07-29T15:42:24.562+08:00,0xB25B,1,4,50,1263,1263,0,32,49,-60
2026-07-29T15:42:24.609+08:00,0xB25B,1,4,50,1264,1264,0,32,49,-60
2026-07-29T15:42:24.656+08:00,0xB25B,1,4,50,1265,1265,0,32,49,-59
2026-07-29T15:42:24.703+08:00,0xB25B,1,4,50,1266,1266,0,32,49,-59
2026-07-29T15:42:24.749+08:00,0xB25B,1,4,50,1267,1267,0,32,49,-59
2026-07-29T15:42:24.800+08:00,0xB25B,1,4,50,1268,1268,0,32,49,-59
2026-07-29T15:42:24.858+08:00,0xB25B,1,4,50,1269,1269,0,32,49,-59
2026-07-29T15:42:24.906+08:00,0xB25B,1,4,50,1270,1270,0,32,49,-59
2026-07-29T15:42:24.955+08:00,0xB25B,1,4,50,1271,1271,0,32,49,-59
2026-07-29T15:42:25.014+08:00,0xB25B,1,4,50,1272,1272,0,32,49,-59
2026-07-29T15:42:25.061+08:00,0xB25B,1,4,50,1273,1273,0,32,49,-59
2026-07-29T15:42:25.108+08:00,0xB25B,1,4,50,1274,1274,0,32,49,-59
2026-07-29T15:42:25.157+08:00,0xB25B,1,4,50,1275,1275,0,32,49,-59
2026-07-29T15:42:25.215+08:00,0xB25B,1,4,50,1276,1276,0,32,49,-60
2026-07-29T15:42:25.264+08:00,0xB25B,1,4,50,1277,1277,0,32,49,-59
2026-07-29T15:42:25.310+08:00,0xB25B,1,4,50,1278,1278,0,32,49,-59
2026-07-29T15:42:25.358+08:00,0xB25B,1,4,50,1279,1279,0,32,49,-59
2026-07-29T15:42:25.408+08:00,0xB25B,1,4,50,1280,1280,0,32,49,-59
2026-07-29T15:42:25.465+08:00,0xB25B,1,4,50,1281,1281,0,32,49,-59
2026-07-29T15:42:25.512+08:00,0xB25B,1,4,50,1282,1282,0,32,49,-59
2026-07-29T15:42:25.559+08:00,0xB25B,1,4,50,1283,1283,0,32,49,-60
2026-07-29T15:42:25.607+08:00,0xB25B,1,4,50,1284,1284,0,32,49,-59
2026-07-29T15:42:25.657+08:00,0xB25B,1,4,50,1285,1285,0,32,49,-61
2026-07-29T15:42:25.715+08:00,0xB25B,1,4,50,1286,1286,0,32,49,-60
2026-07-29T15:42:25.761+08:00,0xB25B,1,4,50,1287,1287,0,32,49,-61
2026-07-29T15:42:25.813+08:00,0xB25B,1,4,50,1288,1288,0,32,49,-59
2026-07-29T15:42:25.871+08:00,0xB25B,1,4,50,1289,1289,0,32,49,-61
2026-07-29T15:42:25.918+08:00,0xB25B,1,4,50,1290,1290,0,32,49,-59
2026-07-29T15:42:25.967+08:00,0xB25B,1,4,50,1291,1291,0,32,49,-61
2026-07-29T15:42:26.025+08:00,0xB25B,1,4,50,1292,1292,0,32,49,-59
2026-07-29T15:42:26.074+08:00,0xB25B,1,4,50,1293,1293,0,32,49,-61
2026-07-29T15:42:26.120+08:00,0xB25B,1,4,50,1294,1294,0,32,49,-59
2026-07-29T15:42:26.215+08:00,0xB25B,1,4,50,1295,1295,0,32,49,-59
2026-07-29T15:42:26.260+08:00,0xB25B,1,4,50,1296,1296,0,32,49,-59
2026-07-29T15:42:26.306+08:00,0xB25B,1,4,50,1297,1297,0,32,49,-61
2026-07-29T15:42:26.354+08:00,0xB25B,1,4,50,1298,1298,0,32,49,-59
2026-07-29T15:42:26.399+08:00,0xB25B,1,4,50,1299,1299,0,32,49,-61
2026-07-29T15:42:26.448+08:00,0xB25B,1,4,50,1300,1300,0,32,49,-59
2026-07-29T15:42:26.495+08:00,0xB25B,1,4,50,1301,1301,0,32,49,-60
2026-07-29T15:42:26.541+08:00,0xB25B,1,4,50,1302,1302,0,32,49,-59
2026-07-29T15:42:26.589+08:00,0xB25B,1,4,50,1303,1303,0,32,49,-60
2026-07-29T15:42:26.636+08:00,0xB25B,1,4,50,1304,1304,0,32,49,-59
2026-07-29T15:42:26.682+08:00,0xB25B,1,4,50,1305,1305,0,32,49,-59
2026-07-29T15:42:26.729+08:00,0xB25B,1,4,50,1306,1306,0,32,49,-59
2026-07-29T15:42:26.782+08:00,0xB25B,1,4,50,1307,1307,0,32,49,-59
2026-07-29T15:42:26.839+08:00,0xB25B,1,4,50,1308,1308,0,32,49,-59
2026-07-29T15:42:26.888+08:00,0xB25B,1,4,50,1309,1309,0,32,49,-59
2026-07-29T15:42:26.935+08:00,0xB25B,1,4,50,1310,1310,0,32,49,-59
2026-07-29T15:42:26.984+08:00,0xB25B,1,4,50,1311,1311,0,32,49,-59
2026-07-29T15:42:27.036+08:00,0xB25B,1,4,50,1312,1312,0,32,49,-59
2026-07-29T15:42:27.089+08:00,0xB25B,1,4,50,1313,1313,0,32,49,-59
2026-07-29T15:42:27.637+08:00,0xB25B,1,4,50,1314,1314,0,32,49,-59
2026-07-29T15:42:27.637+08:00,0xB25B,1,4,50,1315,1315,0,32,49,-59
2026-07-29T15:42:27.637+08:00,0xB25B,1,4,50,1316,1316,0,32,49,-60
2026-07-29T15:42:27.637+08:00,0xB25B,1,4,50,1317,1317,0,32,49,-59
2026-07-29T15:42:27.637+08:00,0xB25B,1,4,50,1318,1318,0,32,49,-59
2026-07-29T15:42:27.637+08:00,0xB25B,1,4,50,1319,1319,0,32,49,-59
2026-07-29T15:42:27.637+08:00,0xB25B,1,4,50,1320,1320,0,32,49,-59
2026-07-29T15:42:27.637+08:00,0xB25B,1,4,50,1321,1321,0,32,49,-59
2026-07-29T15:42:27.637+08:00,0xB25B,1,4,50,1322,1322,0,32,49,-59
2026-07-29T15:42:27.637+08:00,0xB25B,1,4,50,1323,1323,0,32,49,-59
2026-07-29T15:42:27.693+08:00,0xB25B,1,4,50,1324,1324,0,32,49,-59
2026-07-29T15:42:27.740+08:00,0xB25B,1,4,50,1325,1325,0,32,49,-59
2026-07-29T15:42:27.740+08:00,0xB25B,1,4,50,1326,1326,0,32,49,-59
2026-07-29T15:42:27.788+08:00,0xB25B,1,4,50,1327,1327,0,32,49,-57
2026-07-29T15:42:27.837+08:00,0xB25B,1,4,50,1328,1328,0,32,49,-59
2026-07-29T15:42:27.894+08:00,0xB25B,1,4,50,1329,1329,0,32,49,-59
2026-07-29T15:42:27.941+08:00,0xB25B,1,4,50,1330,1330,0,32,49,-59
2026-07-29T15:42:27.991+08:00,0xB25B,1,4,50,1331,1331,0,32,49,-60
2026-07-29T15:42:28.041+08:00,0xB25B,1,4,50,1332,1332,0,32,49,-59
2026-07-29T15:42:28.098+08:00,0xB25B,1,4,50,1333,1333,0,32,49,-59
2026-07-29T15:42:28.144+08:00,0xB25B,1,4,50,1334,1334,0,32,49,-59
2026-07-29T15:42:28.238+08:00,0xB25B,1,4,50,1335,1335,0,32,49,-59
2026-07-29T15:42:28.287+08:00,0xB25B,1,4,50,1336,1336,0,32,49,-59
2026-07-29T15:42:28.332+08:00,0xB25B,1,4,50,1337,1337,0,32,49,-60
2026-07-29T15:42:28.380+08:00,0xB25B,1,4,50,1338,1338,0,32,49,-59
2026-07-29T15:42:28.424+08:00,0xB25B,1,4,50,1339,1339,0,32,49,-59
2026-07-29T15:42:28.471+08:00,0xB25B,1,4,50,1340,1340,0,32,49,-59
2026-07-29T15:42:28.518+08:00,0xB25B,1,4,50,1341,1341,0,32,49,-59
2026-07-29T15:42:28.566+08:00,0xB25B,1,4,50,1342,1342,0,32,49,-60
2026-07-29T15:42:28.613+08:00,0xB25B,1,4,50,1343,1343,0,32,49,-60
2026-07-29T15:42:28.659+08:00,0xB25B,1,4,50,1344,1344,0,32,49,-60
2026-07-29T15:42:28.706+08:00,0xB25B,1,4,50,1345,1345,0,32,49,-59
2026-07-29T15:42:28.753+08:00,0xB25B,1,4,50,1346,1346,0,32,49,-59
2026-07-29T15:42:28.798+08:00,0xB25B,1,4,50,1347,1347,0,32,49,-59
2026-07-29T15:42:28.850+08:00,0xB25B,1,4,50,1348,1348,0,32,49,-59
2026-07-29T15:42:28.901+08:00,0xB25B,1,4,50,1349,1349,0,32,49,-59
2026-07-29T15:42:28.954+08:00,0xB25B,1,4,50,1350,1350,0,32,49,-60
2026-07-29T15:42:29.002+08:00,0xB25B,1,4,50,1351,1351,0,32,49,-60
2026-07-29T15:42:29.052+08:00,0xB25B,1,4,50,1352,1352,0,32,49,-59
2026-07-29T15:42:29.109+08:00,0xB25B,1,4,50,1353,1353,0,32,49,-59
2026-07-29T15:42:29.158+08:00,0xB25B,1,4,50,1354,1354,0,32,49,-59
2026-07-29T15:42:29.251+08:00,0xB25B,1,4,50,1355,1355,0,32,49,-59
2026-07-29T15:42:29.298+08:00,0xB25B,1,4,50,1356,1356,0,32,49,-59
2026-07-29T15:42:29.344+08:00,0xB25B,1,4,50,1357,1357,0,32,49,-59
2026-07-29T15:42:29.390+08:00,0xB25B,1,4,50,1358,1358,0,32,49,-59
2026-07-29T15:42:29.439+08:00,0xB25B,1,4,50,1359,1359,0,32,49,-59
2026-07-29T15:42:29.483+08:00,0xB25B,1,4,50,1360,1360,0,32,49,-59
2026-07-29T15:42:29.531+08:00,0xB25B,1,4,50,1361,1361,0,32,49,-59
2026-07-29T15:42:29.577+08:00,0xB25B,1,4,50,1362,1362,0,32,49,-59
2026-07-29T15:42:29.623+08:00,0xB25B,1,4,50,1363,1363,0,32,49,-59
2026-07-29T15:42:29.672+08:00,0xB25B,1,4,50,1364,1364,0,32,49,-60
2026-07-29T15:42:29.718+08:00,0xB25B,1,4,50,1365,1365,0,32,49,-59
2026-07-29T15:42:29.764+08:00,0xB25B,1,4,50,1366,1366,0,32,49,-60
2026-07-29T15:42:29.811+08:00,0xB25B,1,4,50,1367,1367,0,32,49,-60
2026-07-29T15:42:29.860+08:00,0xB25B,1,4,50,1368,1368,0,32,49,-61
2026-07-29T15:42:29.906+08:00,0xB25B,1,4,50,1369,1369,0,32,49,-60
2026-07-29T15:42:29.954+08:00,0xB25B,1,4,50,1370,1370,0,32,49,-61
2026-07-29T15:42:30.005+08:00,0xB25B,1,4,50,1371,1371,0,32,49,-60
2026-07-29T15:42:30.059+08:00,0xB25B,1,4,50,1372,1372,0,32,49,-60
2026-07-29T15:42:30.107+08:00,0xB25B,1,4,50,1373,1373,0,32,49,-60
2026-07-29T15:42:30.157+08:00,0xB25B,1,4,50,1374,1374,0,32,49,-59
2026-07-29T15:42:30.213+08:00,0xB25B,1,4,50,1375,1375,0,32,49,-60
2026-07-29T15:42:30.261+08:00,0xB25B,1,4,50,1376,1376,0,32,49,-60
2026-07-29T15:42:30.312+08:00,0xB25B,1,4,50,1377,1377,0,32,49,-59
2026-07-29T15:42:30.368+08:00,0xB25B,1,4,50,1378,1378,0,32,49,-60
2026-07-29T15:42:30.415+08:00,0xB25B,1,4,50,1379,1379,0,32,49,-59
2026-07-29T15:42:30.465+08:00,0xB25B,1,4,50,1380,1380,0,32,49,-59
2026-07-29T15:42:30.522+08:00,0xB25B,1,4,50,1381,1381,0,32,49,-59
2026-07-29T15:42:30.570+08:00,0xB25B,1,4,50,1382,1382,0,32,49,-60
2026-07-29T15:42:30.617+08:00,0xB25B,1,4,50,1383,1383,0,32,49,-59
2026-07-29T15:42:30.666+08:00,0xB25B,1,4,50,1384,1384,0,32,49,-59
2026-07-29T15:42:30.724+08:00,0xB25B,1,4,50,1385,1385,0,32,49,-60
2026-07-29T15:42:30.770+08:00,0xB25B,1,4,50,1386,1386,0,32,49,-59
2026-07-29T15:42:30.817+08:00,0xB25B,1,4,50,1387,1387,0,32,49,-60
2026-07-29T15:42:30.866+08:00,0xB25B,1,4,50,1388,1388,0,32,49,-59
2026-07-29T15:42:30.916+08:00,0xB25B,1,4,50,1389,1389,0,32,49,-60
2026-07-29T15:42:30.974+08:00,0xB25B,1,4,50,1390,1390,0,32,49,-60
2026-07-29T15:42:31.021+08:00,0xB25B,1,4,50,1391,1391,0,32,49,-60
2026-07-29T15:42:31.069+08:00,0xB25B,1,4,50,1392,1392,0,32,49,-60
2026-07-29T15:42:31.115+08:00,0xB25B,1,4,50,1393,1393,0,32,49,-60
2026-07-29T15:42:31.167+08:00,0xB25B,1,4,50,1394,1394,0,32,49,-60
2026-07-29T15:42:31.223+08:00,0xB25B,1,4,50,1395,1395,0,32,49,-60
2026-07-29T15:42:31.270+08:00,0xB25B,1,4,50,1396,1396,0,32,49,-60
2026-07-29T15:42:31.320+08:00,0xB25B,1,4,50,1397,1397,0,32,49,-60
2026-07-29T15:42:31.370+08:00,0xB25B,1,4,50,1398,1398,0,32,49,-60
2026-07-29T15:42:31.427+08:00,0xB25B,1,4,50,1399,1399,0,32,49,-60
2026-07-29T15:42:31.473+08:00,0xB25B,1,4,50,1400,1400,0,32,49,-60
2026-07-29T15:42:31.521+08:00,0xB25B,1,4,50,1401,1401,0,32,49,-60
2026-07-29T15:42:31.572+08:00,0xB25B,1,4,50,1402,1402,0,32,49,-59
2026-07-29T15:42:31.630+08:00,0xB25B,1,4,50,1403,1403,0,32,49,-59
2026-07-29T15:42:31.680+08:00,0xB25B,1,4,50,1404,1404,0,32,49,-59
2026-07-29T15:42:31.738+08:00,0xB25B,1,4,50,1405,1405,0,32,49,-59
2026-07-29T15:42:31.786+08:00,0xB25B,1,4,50,1406,1406,0,32,49,-60
2026-07-29T15:42:31.832+08:00,0xB25B,1,4,50,1407,1407,0,32,49,-60
2026-07-29T15:42:31.880+08:00,0xB25B,1,4,50,1408,1408,0,32,49,-60
2026-07-29T15:42:31.926+08:00,0xB25B,1,4,50,1409,1409,0,32,49,-59
2026-07-29T15:42:31.976+08:00,0xB25B,1,4,50,1410,1410,0,32,49,-59
2026-07-29T15:42:32.027+08:00,0xB25B,1,4,50,1411,1411,0,32,49,-59
2026-07-29T15:42:32.081+08:00,0xB25B,1,4,50,1412,1412,0,32,49,-60
2026-07-29T15:42:32.127+08:00,0xB25B,1,4,50,1413,1413,0,32,49,-60
2026-07-29T15:42:32.223+08:00,0xB25B,1,4,50,1414,1414,0,32,49,-59
2026-07-29T15:42:32.268+08:00,0xB25B,1,4,50,1415,1415,0,32,49,-59
2026-07-29T15:42:32.315+08:00,0xB25B,1,4,50,1416,1416,0,32,49,-60
2026-07-29T15:42:32.362+08:00,0xB25B,1,4,50,1417,1417,0,32,49,-60
2026-07-29T15:42:32.409+08:00,0xB25B,1,4,50,1418,1418,0,32,49,-60
2026-07-29T15:42:32.456+08:00,0xB25B,1,4,50,1419,1419,0,32,49,-60
2026-07-29T15:42:32.503+08:00,0xB25B,1,4,50,1420,1420,0,32,49,-60
2026-07-29T15:42:32.549+08:00,0xB25B,1,4,50,1421,1421,0,32,49,-59
2026-07-29T15:42:32.596+08:00,0xB25B,1,4,50,1422,1422,0,32,49,-60
2026-07-29T15:42:32.641+08:00,0xB25B,1,4,50,1423,1423,0,32,49,-60
2026-07-29T15:42:32.689+08:00,0xB25B,1,4,50,1424,1424,0,32,49,-59
2026-07-29T15:42:32.740+08:00,0xB25B,1,4,50,1425,1425,0,32,49,-60
2026-07-29T15:42:32.797+08:00,0xB25B,1,4,50,1426,1426,0,32,49,-60
2026-07-29T15:42:32.844+08:00,0xB25B,1,4,50,1427,1427,0,32,49,-60
2026-07-29T15:42:32.892+08:00,0xB25B,1,4,50,1428,1428,0,32,49,-60
2026-07-29T15:42:32.942+08:00,0xB25B,1,4,50,1429,1429,0,32,49,-60
2026-07-29T15:42:32.992+08:00,0xB25B,1,4,50,1430,1430,0,32,49,-60
2026-07-29T15:42:33.049+08:00,0xB25B,1,4,50,1431,1431,0,32,49,-60
2026-07-29T15:42:33.096+08:00,0xB25B,1,4,50,1432,1432,0,32,49,-60
2026-07-29T15:42:33.147+08:00,0xB25B,1,4,50,1433,1433,0,32,49,-60
2026-07-29T15:42:33.205+08:00,0xB25B,1,4,50,1434,1434,0,32,49,-60
2026-07-29T15:42:33.251+08:00,0xB25B,1,4,50,1435,1435,0,32,49,-59
2026-07-29T15:42:33.299+08:00,0xB25B,1,4,50,1436,1436,0,32,49,-59
2026-07-29T15:42:33.349+08:00,0xB25B,1,4,50,1437,1437,0,32,49,-59
2026-07-29T15:42:33.407+08:00,0xB25B,1,4,50,1438,1438,0,32,49,-59
2026-07-29T15:42:33.454+08:00,0xB25B,1,4,50,1439,1439,0,32,49,-60
2026-07-29T15:42:33.502+08:00,0xB25B,1,4,50,1440,1440,0,32,49,-59
2026-07-29T15:42:33.552+08:00,0xB25B,1,4,50,1441,1441,0,32,49,-59
2026-07-29T15:42:33.609+08:00,0xB25B,1,4,50,1442,1442,0,32,49,-59
2026-07-29T15:42:33.657+08:00,0xB25B,1,4,50,1443,1443,0,32,49,-58
2026-07-29T15:42:33.706+08:00,0xB25B,1,4,50,1444,1444,0,32,49,-58
2026-07-29T15:42:33.758+08:00,0xB25B,1,4,50,1445,1445,0,32,49,-59
2026-07-29T15:42:33.813+08:00,0xB25B,1,4,50,1446,1446,0,32,49,-59
2026-07-29T15:42:33.859+08:00,0xB25B,1,4,50,1447,1447,0,32,49,-59
2026-07-29T15:42:33.906+08:00,0xB25B,1,4,50,1448,1448,0,32,49,-59
2026-07-29T15:42:33.955+08:00,0xB25B,1,4,50,1449,1449,0,32,49,-60
2026-07-29T15:42:34.015+08:00,0xB25B,1,4,50,1450,1450,0,32,49,-59
2026-07-29T15:42:34.061+08:00,0xB25B,1,4,50,1451,1451,0,32,49,-60
2026-07-29T15:42:34.110+08:00,0xB25B,1,4,50,1452,1452,0,32,49,-60
2026-07-29T15:42:34.161+08:00,0xB25B,1,4,50,1453,1453,0,32,49,-61
2026-07-29T15:42:34.218+08:00,0xB25B,1,4,50,1454,1454,0,32,49,-60
2026-07-29T15:42:34.265+08:00,0xB25B,1,4,50,1455,1455,0,32,49,-61
2026-07-29T15:42:34.314+08:00,0xB25B,1,4,50,1456,1456,0,32,49,-59
2026-07-29T15:42:34.363+08:00,0xB25B,1,4,50,1457,1457,0,32,49,-59
2026-07-29T15:42:34.412+08:00,0xB25B,1,4,50,1458,1458,0,32,49,-59
2026-07-29T15:42:34.468+08:00,0xB25B,1,4,50,1459,1459,0,32,49,-60
2026-07-29T15:42:34.514+08:00,0xB25B,1,4,50,1460,1460,0,32,49,-59
2026-07-29T15:42:34.564+08:00,0xB25B,1,4,50,1461,1461,0,32,49,-60
2026-07-29T15:42:34.613+08:00,0xB25B,1,4,50,1462,1462,0,32,49,-60
2026-07-29T15:42:34.671+08:00,0xB25B,1,4,50,1463,1463,0,32,49,-59
2026-07-29T15:42:34.717+08:00,0xB25B,1,4,50,1464,1464,0,32,49,-59
2026-07-29T15:42:34.764+08:00,0xB25B,1,4,50,1465,1465,0,32,49,-59
2026-07-29T15:42:34.815+08:00,0xB25B,1,4,50,1466,1466,0,32,49,-60
2026-07-29T15:42:34.872+08:00,0xB25B,1,4,50,1467,1467,0,32,49,-59
2026-07-29T15:42:34.918+08:00,0xB25B,1,4,50,1468,1468,0,32,49,-59
2026-07-29T15:42:34.965+08:00,0xB25B,1,4,50,1469,1469,0,32,49,-59
2026-07-29T15:42:35.014+08:00,0xB25B,1,4,50,1470,1470,0,32,49,-60
2026-07-29T15:42:35.066+08:00,0xB25B,1,4,50,1471,1471,0,32,49,-59
2026-07-29T15:42:35.121+08:00,0xB25B,1,4,50,1472,1472,0,32,49,-59
2026-07-29T15:42:35.167+08:00,0xB25B,1,4,50,1473,1473,0,32,49,-59
2026-07-29T15:42:35.259+08:00,0xB25B,1,4,50,1474,1474,0,32,49,-59
2026-07-29T15:42:35.306+08:00,0xB25B,1,4,50,1475,1475,0,32,49,-60
2026-07-29T15:42:35.352+08:00,0xB25B,1,4,50,1476,1476,0,32,49,-60
2026-07-29T15:42:35.400+08:00,0xB25B,1,4,50,1477,1477,0,32,49,-59
2026-07-29T15:42:35.447+08:00,0xB25B,1,4,50,1478,1478,0,32,49,-59
2026-07-29T15:42:35.494+08:00,0xB25B,1,4,50,1479,1479,0,32,49,-59
2026-07-29T15:42:35.541+08:00,0xB25B,1,4,50,1480,1480,0,32,49,-59
2026-07-29T15:42:35.588+08:00,0xB25B,1,4,50,1481,1481,0,32,49,-59
2026-07-29T15:42:35.635+08:00,0xB25B,1,4,50,1482,1482,0,32,49,-59
2026-07-29T15:42:35.682+08:00,0xB25B,1,4,50,1483,1483,0,32,49,-59
2026-07-29T15:42:35.728+08:00,0xB25B,1,4,50,1484,1484,0,32,49,-59
2026-07-29T15:42:35.776+08:00,0xB25B,1,4,50,1485,1485,0,32,49,-59
2026-07-29T15:42:35.823+08:00,0xB25B,1,4,50,1486,1486,0,32,49,-59
2026-07-29T15:42:35.869+08:00,0xB25B,1,4,50,1487,1487,0,32,49,-59
2026-07-29T15:42:35.921+08:00,0xB25B,1,4,50,1488,1488,0,32,49,-59
2026-07-29T15:42:35.979+08:00,0xB25B,1,4,50,1489,1489,0,32,49,-59
2026-07-29T15:42:36.025+08:00,0xB25B,1,4,50,1490,1490,0,32,49,-59
2026-07-29T15:42:36.072+08:00,0xB25B,1,4,50,1491,1491,0,32,49,-60
2026-07-29T15:42:36.126+08:00,0xB25B,1,4,50,1492,1492,0,32,49,-60
2026-07-29T15:42:36.181+08:00,0xB25B,1,4,50,1493,1493,0,32,49,-60
2026-07-29T15:42:36.227+08:00,0xB25B,1,4,50,1494,1494,0,32,49,-60
2026-07-29T15:42:36.273+08:00,0xB25B,1,4,50,1495,1495,0,32,49,-60
2026-07-29T15:42:36.321+08:00,0xB25B,1,4,50,1496,1496,0,32,49,-61
2026-07-29T15:42:36.372+08:00,0xB25B,1,4,50,1497,1497,0,32,49,-60
2026-07-29T15:42:36.430+08:00,0xB25B,1,4,50,1498,1498,0,32,49,-60
2026-07-29T15:42:36.475+08:00,0xB25B,1,4,50,1499,1499,0,32,49,-61
2026-07-29T15:42:36.525+08:00,0xB25B,1,4,50,1500,1500,0,32,49,-61
2026-07-29T15:42:36.577+08:00,0xB25B,1,4,50,1501,1501,0,32,49,-60
2026-07-29T15:42:36.632+08:00,0xB25B,1,4,50,1502,1502,0,32,49,-60
2026-07-29T15:42:36.679+08:00,0xB25B,1,4,50,1503,1503,0,32,49,-60
2026-07-29T15:42:36.729+08:00,0xB25B,1,4,50,1504,1504,0,32,49,-60
2026-07-29T15:42:36.779+08:00,0xB25B,1,4,50,1505,1505,0,32,49,-60
2026-07-29T15:42:36.835+08:00,0xB25B,1,4,50,1506,1506,0,32,49,-60
2026-07-29T15:42:36.882+08:00,0xB25B,1,4,50,1507,1507,0,32,49,-60
2026-07-29T15:42:36.930+08:00,0xB25B,1,4,50,1508,1508,0,32,49,-60
2026-07-29T15:42:36.981+08:00,0xB25B,1,4,50,1509,1509,0,32,49,-60
2026-07-29T15:42:37.039+08:00,0xB25B,1,4,50,1510,1510,0,32,49,-60
2026-07-29T15:42:37.084+08:00,0xB25B,1,4,50,1511,1511,0,32,49,-60
2026-07-29T15:42:37.132+08:00,0xB25B,1,4,50,1512,1512,0,32,49,-60
2026-07-29T15:42:37.224+08:00,0xB25B,1,4,50,1513,1513,0,32,49,-60
2026-07-29T15:42:37.272+08:00,0xB25B,1,4,50,1514,1514,0,32,49,-61
2026-07-29T15:42:37.319+08:00,0xB25B,1,4,50,1515,1515,0,32,49,-59
2026-07-29T15:42:37.366+08:00,0xB25B,1,4,50,1516,1516,0,32,49,-61
2026-07-29T15:42:37.412+08:00,0xB25B,1,4,50,1517,1517,0,32,49,-59
2026-07-29T15:42:37.459+08:00,0xB25B,1,4,50,1518,1518,0,32,49,-59
2026-07-29T15:42:37.506+08:00,0xB25B,1,4,50,1519,1519,0,32,49,-59
2026-07-29T15:42:37.551+08:00,0xB25B,1,4,50,1520,1520,0,32,49,-59
2026-07-29T15:42:37.599+08:00,0xB25B,1,4,50,1521,1521,0,32,49,-59
2026-07-29T15:42:37.646+08:00,0xB25B,1,4,50,1522,1522,0,32,49,-60
2026-07-29T15:42:37.693+08:00,0xB25B,1,4,50,1523,1523,0,32,49,-60
2026-07-29T15:42:37.740+08:00,0xB25B,1,4,50,1524,1524,0,32,49,-60
2026-07-29T15:42:37.786+08:00,0xB25B,1,4,50,1525,1525,0,32,49,-59
2026-07-29T15:42:37.836+08:00,0xB25B,1,4,50,1526,1526,0,32,49,-59
2026-07-29T15:42:37.896+08:00,0xB25B,1,4,50,1527,1527,0,32,49,-59
2026-07-29T15:42:37.941+08:00,0xB25B,1,4,50,1528,1528,0,32,49,-60
2026-07-29T15:42:37.989+08:00,0xB25B,1,4,50,1529,1529,0,32,49,-59
2026-07-29T15:42:38.039+08:00,0xB25B,1,4,50,1530,1530,0,32,49,-59
2026-07-29T15:42:38.089+08:00,0xB25B,1,4,50,1531,1531,0,32,49,-59
2026-07-29T15:42:38.146+08:00,0xB25B,1,4,50,1532,1532,0,32,49,-59
2026-07-29T15:42:38.193+08:00,0xB25B,1,4,50,1533,1533,0,32,49,-59
2026-07-29T15:42:38.244+08:00,0xB25B,1,4,50,1534,1534,0,32,49,-59
2026-07-29T15:42:38.301+08:00,0xB25B,1,4,50,1535,1535,0,32,49,-59
2026-07-29T15:42:38.348+08:00,0xB25B,1,4,50,1536,1536,0,32,49,-59
2026-07-29T15:42:38.394+08:00,0xB25B,1,4,50,1537,1537,0,32,49,-59
2026-07-29T15:42:38.441+08:00,0xB25B,1,4,50,1538,1538,0,32,49,-59
2026-07-29T15:42:38.492+08:00,0xB25B,1,4,50,1539,1539,0,32,49,-59
2026-07-29T15:42:38.550+08:00,0xB25B,1,4,50,1540,1540,0,32,49,-59
2026-07-29T15:42:38.597+08:00,0xB25B,1,4,50,1541,1541,0,32,49,-59
2026-07-29T15:42:38.644+08:00,0xB25B,1,4,50,1542,1542,0,32,49,-59
2026-07-29T15:42:38.692+08:00,0xB25B,1,4,50,1543,1543,0,32,49,-59
2026-07-29T15:42:38.742+08:00,0xB25B,1,4,50,1544,1544,0,32,49,-59
2026-07-29T15:42:38.799+08:00,0xB25B,1,4,50,1545,1545,0,32,49,-59
2026-07-29T15:42:38.845+08:00,0xB25B,1,4,50,1546,1546,0,32,49,-59
2026-07-29T15:42:38.895+08:00,0xB25B,1,4,50,1547,1547,0,32,49,-59
2026-07-29T15:42:38.955+08:00,0xB25B,1,4,50,1548,1548,0,32,49,-59
2026-07-29T15:42:38.999+08:00,0xB25B,1,4,50,1549,1549,0,32,49,-59
2026-07-29T15:42:39.049+08:00,0xB25B,1,4,50,1550,1550,0,32,49,-59
2026-07-29T15:42:39.100+08:00,0xB25B,1,4,50,1551,1551,0,32,49,-59
2026-07-29T15:42:39.156+08:00,0xB25B,1,4,50,1552,1552,0,32,49,-59
2026-07-29T15:42:39.202+08:00,0xB25B,1,4,50,1553,1553,0,32,49,-59
2026-07-29T15:42:39.252+08:00,0xB25B,1,4,50,1554,1554,0,32,49,-59
2026-07-29T15:42:39.311+08:00,0xB25B,1,4,50,1555,1555,0,32,49,-59
2026-07-29T15:42:39.357+08:00,0xB25B,1,4,50,1556,1556,0,32,49,-59
2026-07-29T15:42:39.405+08:00,0xB25B,1,4,50,1557,1557,0,32,49,-59
2026-07-29T15:42:39.453+08:00,0xB25B,1,4,50,1558,1558,0,32,49,-60
2026-07-29T15:42:39.510+08:00,0xB25B,1,4,50,1559,1559,0,32,49,-60
2026-07-29T15:42:39.558+08:00,0xB25B,1,4,50,1560,1560,0,32,49,-60
2026-07-29T15:42:39.605+08:00,0xB25B,1,4,50,1561,1561,0,32,49,-60
2026-07-29T15:42:39.657+08:00,0xB25B,1,4,50,1562,1562,0,32,49,-60
2026-07-29T15:42:39.714+08:00,0xB25B,1,4,50,1563,1563,0,32,49,-60
2026-07-29T15:42:39.762+08:00,0xB25B,1,4,50,1564,1564,0,32,49,-60
2026-07-29T15:42:39.808+08:00,0xB25B,1,4,50,1565,1565,0,32,49,-59
2026-07-29T15:42:39.855+08:00,0xB25B,1,4,50,1566,1566,0,32,49,-60
2026-07-29T15:42:39.905+08:00,0xB25B,1,4,50,1567,1567,0,32,49,-59
2026-07-29T15:42:39.963+08:00,0xB25B,1,4,50,1568,1568,0,32,49,-60
2026-07-29T15:42:40.009+08:00,0xB25B,1,4,50,1569,1569,0,32,49,-60
2026-07-29T15:42:40.057+08:00,0xB25B,1,4,50,1570,1570,0,32,49,-60
2026-07-29T15:42:40.108+08:00,0xB25B,1,4,50,1571,1571,0,32,49,-60
2026-07-29T15:42:40.166+08:00,0xB25B,1,4,50,1572,1572,0,32,49,-60
2026-07-29T15:42:40.213+08:00,0xB25B,1,4,50,1573,1573,0,32,49,-60
2026-07-29T15:42:40.262+08:00,0xB25B,1,4,50,1574,1574,0,32,49,-60
2026-07-29T15:42:40.311+08:00,0xB25B,1,4,50,1575,1575,0,32,49,-60
2026-07-29T15:42:40.362+08:00,0xB25B,1,4,50,1576,1576,0,32,49,-60
2026-07-29T15:42:40.418+08:00,0xB25B,1,4,50,1577,1577,0,32,49,-60
2026-07-29T15:42:40.465+08:00,0xB25B,1,4,50,1578,1578,0,32,49,-60
2026-07-29T15:42:40.514+08:00,0xB25B,1,4,50,1579,1579,0,32,49,-60
2026-07-29T15:42:40.569+08:00,0xB25B,1,4,50,1580,1580,0,32,49,-60
2026-07-29T15:42:40.621+08:00,0xB25B,1,4,50,1581,1581,0,32,49,-60
2026-07-29T15:42:40.669+08:00,0xB25B,1,4,50,1582,1582,0,32,49,-61
2026-07-29T15:42:40.717+08:00,0xB25B,1,4,50,1583,1583,0,32,49,-61
2026-07-29T15:42:40.767+08:00,0xB25B,1,4,50,1584,1584,0,32,49,-61
2026-07-29T15:42:40.818+08:00,0xB25B,1,4,50,1585,1585,0,32,49,-61
2026-07-29T15:42:40.875+08:00,0xB25B,1,4,50,1586,1586,0,32,49,-61
2026-07-29T15:42:40.922+08:00,0xB25B,1,4,50,1587,1587,0,32,49,-61
2026-07-29T15:42:40.970+08:00,0xB25B,1,4,50,1588,1588,0,32,49,-60
2026-07-29T15:42:41.021+08:00,0xB25B,1,4,50,1589,1589,0,32,49,-61
2026-07-29T15:42:41.072+08:00,0xB25B,1,4,50,1590,1590,0,32,49,-61
2026-07-29T15:42:41.127+08:00,0xB25B,1,4,50,1591,1591,0,32,49,-62
2026-07-29T15:42:41.221+08:00,0xB25B,1,4,50,1592,1592,0,32,49,-61
2026-07-29T15:42:41.268+08:00,0xB25B,1,4,50,1593,1593,0,32,49,-62
2026-07-29T15:42:41.315+08:00,0xB25B,1,4,50,1594,1594,0,32,49,-61
2026-07-29T15:42:41.362+08:00,0xB25B,1,4,50,1595,1595,0,32,49,-62
2026-07-29T15:42:41.409+08:00,0xB25B,1,4,50,1596,1596,0,32,49,-61
2026-07-29T15:42:41.455+08:00,0xB25B,1,4,50,1597,1597,0,32,49,-62
2026-07-29T15:42:41.501+08:00,0xB25B,1,4,50,1598,1598,0,32,49,-61
2026-07-29T15:42:41.547+08:00,0xB25B,1,4,50,1599,1599,0,32,49,-62
2026-07-29T15:42:41.595+08:00,0xB25B,1,4,50,1600,1600,0,32,49,-61
2026-07-29T15:42:41.641+08:00,0xB25B,1,4,50,1601,1601,0,32,49,-61
2026-07-29T15:42:41.689+08:00,0xB25B,1,4,50,1602,1602,0,32,49,-61
2026-07-29T15:42:41.735+08:00,0xB25B,1,4,50,1603,1603,0,32,49,-61
2026-07-29T15:42:41.782+08:00,0xB25B,1,4,50,1604,1604,0,32,49,-61
2026-07-29T15:42:41.831+08:00,0xB25B,1,4,50,1605,1605,0,32,49,-60
2026-07-29T15:42:41.882+08:00,0xB25B,1,4,50,1606,1606,0,32,49,-59
2026-07-29T15:42:41.939+08:00,0xB25B,1,4,50,1607,1607,0,32,49,-59
2026-07-29T15:42:41.987+08:00,0xB25B,1,4,50,1608,1608,0,32,49,-59
2026-07-29T15:42:42.034+08:00,0xB25B,1,4,50,1609,1609,0,32,49,-60
2026-07-29T15:42:42.082+08:00,0xB25B,1,4,50,1610,1610,0,32,49,-61
2026-07-29T15:42:42.135+08:00,0xB25B,1,4,50,1611,1611,0,32,49,-61
2026-07-29T15:42:42.188+08:00,0xB25B,1,4,50,1612,1612,0,32,49,-62
2026-07-29T15:42:42.239+08:00,0xB25B,1,4,50,1613,1613,0,32,49,-61
2026-07-29T15:42:42.289+08:00,0xB25B,1,4,50,1614,1614,0,32,49,-61
2026-07-29T15:42:42.346+08:00,0xB25B,1,4,50,1615,1615,0,32,49,-61
2026-07-29T15:42:42.393+08:00,0xB25B,1,4,50,1616,1616,0,32,49,-60
2026-07-29T15:42:42.442+08:00,0xB25B,1,4,50,1617,1617,0,32,49,-60
2026-07-29T15:42:42.501+08:00,0xB25B,1,4,50,1618,1618,0,32,49,-61
2026-07-29T15:42:42.547+08:00,0xB25B,1,4,50,1619,1619,0,32,49,-61
2026-07-29T15:42:42.596+08:00,0xB25B,1,4,50,1620,1620,0,32,49,-61
2026-07-29T15:42:42.655+08:00,0xB25B,1,4,50,1621,1621,0,32,49,-60
2026-07-29T15:42:42.701+08:00,0xB25B,1,4,50,1622,1622,0,32,49,-61
2026-07-29T15:42:42.749+08:00,0xB25B,1,4,50,1623,1623,0,32,49,-60
2026-07-29T15:42:42.808+08:00,0xB25B,1,4,50,1624,1624,0,32,49,-59
2026-07-29T15:42:42.854+08:00,0xB25B,1,4,50,1625,1625,0,32,49,-59
2026-07-29T15:42:42.902+08:00,0xB25B,1,4,50,1626,1626,0,32,49,-59
2026-07-29T15:42:42.950+08:00,0xB25B,1,4,50,1627,1627,0,32,49,-59
2026-07-29T15:42:43.000+08:00,0xB25B,1,4,50,1628,1628,0,32,49,-58
2026-07-29T15:42:43.057+08:00,0xB25B,1,4,50,1629,1629,0,32,49,-58
2026-07-29T15:42:43.104+08:00,0xB25B,1,4,50,1630,1630,0,32,49,-58
2026-07-29T15:42:43.160+08:00,0xB25B,1,4,50,1631,1631,0,32,49,-57
2026-07-29T15:42:43.212+08:00,0xB25B,1,4,50,1632,1632,0,32,49,-57
2026-07-29T15:42:43.258+08:00,0xB25B,1,4,50,1633,1633,0,32,49,-56
2026-07-29T15:42:43.306+08:00,0xB25B,1,4,50,1634,1634,0,32,49,-55
2026-07-29T15:42:43.351+08:00,0xB25B,1,4,50,1635,1635,0,32,49,-56
2026-07-29T15:42:43.399+08:00,0xB25B,1,4,50,1636,1636,0,32,49,-57
2026-07-29T15:42:43.451+08:00,0xB25B,1,4,50,1637,1637,0,32,49,-57
2026-07-29T15:42:43.518+08:00,0xB25B,1,5,20,1638,1638,0,32,49,-57
2026-07-29T15:42:43.571+08:00,0xB25B,1,5,20,1639,1639,0,32,49,-57
2026-07-29T15:42:43.617+08:00,0xB25B,1,5,20,1640,1640,0,32,49,-56
2026-07-29T15:42:43.664+08:00,0xB25B,1,5,20,1641,1641,0,32,49,-57
2026-07-29T15:42:43.710+08:00,0xB25B,1,5,20,1642,1642,0,32,49,-56
2026-07-29T15:42:43.755+08:00,0xB25B,1,5,20,1643,1643,0,32,49,-56
2026-07-29T15:42:43.801+08:00,0xB25B,1,5,20,1644,1644,0,32,49,-56
2026-07-29T15:42:43.849+08:00,0xB25B,1,5,20,1645,1645,0,32,49,-56
2026-07-29T15:42:43.895+08:00,0xB25B,1,5,20,1646,1646,0,32,49,-56
2026-07-29T15:42:43.941+08:00,0xB25B,1,5,20,1647,1647,0,32,49,-56
2026-07-29T15:42:43.990+08:00,0xB25B,1,5,20,1648,1648,0,32,49,-57
2026-07-29T15:42:44.036+08:00,0xB25B,1,5,20,1649,1649,0,32,49,-56
2026-07-29T15:42:44.083+08:00,0xB25B,1,5,20,1650,1650,0,32,49,-55
2026-07-29T15:42:44.130+08:00,0xB25B,1,5,20,1651,1651,0,32,49,-55
2026-07-29T15:42:44.222+08:00,0xB25B,1,5,20,1652,1652,0,32,49,-55
2026-07-29T15:42:44.222+08:00,0xB25B,1,5,20,1653,1653,0,32,49,-55
2026-07-29T15:42:44.268+08:00,0xB25B,1,5,20,1654,1654,0,32,49,-55
2026-07-29T15:42:44.316+08:00,0xB25B,1,5,20,1655,1655,0,32,49,-55
2026-07-29T15:42:44.361+08:00,0xB25B,1,5,20,1656,1656,0,32,49,-55
2026-07-29T15:42:44.410+08:00,0xB25B,1,5,20,1657,1657,0,32,49,-55
2026-07-29T15:42:44.457+08:00,0xB25B,1,5,20,1658,1658,0,32,49,-55
2026-07-29T15:42:44.508+08:00,0xB25B,1,5,20,1659,1659,0,32,49,-55
2026-07-29T15:42:44.552+08:00,0xB25B,1,5,20,1660,1660,0,32,49,-55
2026-07-29T15:42:44.597+08:00,0xB25B,1,5,20,1661,1661,0,32,49,-57
2026-07-29T15:42:44.648+08:00,0xB25B,1,5,20,1662,1662,0,32,49,-56
2026-07-29T15:42:44.706+08:00,0xB25B,1,5,20,1663,1663,0,32,49,-56
2026-07-29T15:42:44.753+08:00,0xB25B,1,5,20,1664,1664,0,32,49,-56
2026-07-29T15:42:44.799+08:00,0xB25B,1,5,20,1665,1665,0,32,49,-56
2026-07-29T15:42:44.845+08:00,0xB25B,1,5,20,1666,1666,0,32,49,-56
2026-07-29T15:42:44.891+08:00,0xB25B,1,5,20,1667,1667,0,32,49,-55
2026-07-29T15:42:44.936+08:00,0xB25B,1,5,20,1668,1668,0,32,49,-55
2026-07-29T15:42:44.983+08:00,0xB25B,1,5,20,1669,1669,0,32,49,-55
2026-07-29T15:42:45.030+08:00,0xB25B,1,5,20,1670,1670,0,32,49,-55
2026-07-29T15:42:45.077+08:00,0xB25B,1,5,20,1671,1671,0,32,49,-55
2026-07-29T15:42:45.129+08:00,0xB25B,1,5,20,1672,1672,0,32,49,-55
2026-07-29T15:42:45.185+08:00,0xB25B,1,5,20,1673,1673,0,32,49,-55
2026-07-29T15:42:45.232+08:00,0xB25B,1,5,20,1674,1674,0,32,49,-55
2026-07-29T15:42:45.278+08:00,0xB25B,1,5,20,1675,1675,0,32,49,-55
2026-07-29T15:42:45.326+08:00,0xB25B,1,5,20,1676,1676,0,32,49,-54
2026-07-29T15:42:45.374+08:00,0xB25B,1,5,20,1677,1677,0,32,49,-54
2026-07-29T15:42:45.421+08:00,0xB25B,1,5,20,1678,1678,0,32,49,-54
2026-07-29T15:42:45.469+08:00,0xB25B,1,5,20,1679,1679,0,32,49,-55
2026-07-29T15:42:45.516+08:00,0xB25B,1,5,20,1680,1680,0,32,49,-55
2026-07-29T15:42:45.564+08:00,0xB25B,1,5,20,1681,1681,0,32,49,-55
2026-07-29T15:42:45.612+08:00,0xB25B,1,5,20,1682,1682,0,32,49,-55
2026-07-29T15:42:45.659+08:00,0xB25B,1,5,20,1683,1683,0,32,49,-55
2026-07-29T15:42:45.706+08:00,0xB25B,1,5,20,1684,1684,0,32,49,-55
2026-07-29T15:42:45.754+08:00,0xB25B,1,5,20,1685,1685,0,32,49,-56
2026-07-29T15:42:45.801+08:00,0xB25B,1,5,20,1686,1686,0,32,49,-55
2026-07-29T15:42:45.849+08:00,0xB25B,1,5,20,1687,1687,0,32,49,-55
2026-07-29T15:42:45.895+08:00,0xB25B,1,5,20,1688,1688,0,32,49,-55
2026-07-29T15:42:45.942+08:00,0xB25B,1,5,20,1689,1689,0,32,49,-56
2026-07-29T15:42:45.990+08:00,0xB25B,1,5,20,1690,1690,0,32,49,-56
2026-07-29T15:42:46.038+08:00,0xB25B,1,5,20,1691,1691,0,32,49,-56
2026-07-29T15:42:46.086+08:00,0xB25B,1,5,20,1692,1692,0,32,49,-56
2026-07-29T15:42:46.132+08:00,0xB25B,1,5,20,1693,1693,0,32,49,-57
2026-07-29T15:42:46.179+08:00,0xB25B,1,5,20,1694,1694,0,32,49,-58
2026-07-29T15:42:46.226+08:00,0xB25B,1,5,20,1695,1695,0,32,49,-58
2026-07-29T15:42:46.272+08:00,0xB25B,1,5,20,1696,1696,0,32,49,-59
2026-07-29T15:42:46.319+08:00,0xB25B,1,5,20,1697,1697,0,32,49,-59
2026-07-29T15:42:46.365+08:00,0xB25B,1,5,20,1698,1698,0,32,49,-60
2026-07-29T15:42:46.414+08:00,0xB25B,1,5,20,1699,1699,0,32,49,-59
2026-07-29T15:42:46.460+08:00,0xB25B,1,5,20,1700,1700,0,32,49,-59
2026-07-29T15:42:46.508+08:00,0xB25B,1,5,20,1701,1701,0,32,49,-59
2026-07-29T15:42:46.555+08:00,0xB25B,1,5,20,1702,1702,0,32,49,-59
2026-07-29T15:42:46.603+08:00,0xB25B,1,5,20,1703,1703,0,32,49,-59
2026-07-29T15:42:46.650+08:00,0xB25B,1,5,20,1704,1704,0,32,49,-59
2026-07-29T15:42:46.696+08:00,0xB25B,1,5,20,1705,1705,0,32,49,-59
2026-07-29T15:42:46.742+08:00,0xB25B,1,5,20,1706,1706,0,32,49,-59
2026-07-29T15:42:46.789+08:00,0xB25B,1,5,20,1707,1707,0,32,49,-59
2026-07-29T15:42:46.835+08:00,0xB25B,1,5,20,1708,1708,0,32,49,-58
2026-07-29T15:42:46.882+08:00,0xB25B,1,5,20,1709,1709,0,32,49,-58
2026-07-29T15:42:46.929+08:00,0xB25B,1,5,20,1710,1710,0,32,49,-58
2026-07-29T15:42:46.977+08:00,0xB25B,1,5,20,1711,1711,0,32,49,-61
2026-07-29T15:42:47.023+08:00,0xB25B,1,5,20,1712,1712,0,32,49,-60
2026-07-29T15:42:47.071+08:00,0xB25B,1,5,20,1713,1713,0,32,49,-61
2026-07-29T15:42:47.116+08:00,0xB25B,1,5,20,1714,1714,0,32,49,-60
2026-07-29T15:42:47.163+08:00,0xB25B,1,5,20,1715,1715,0,32,49,-59
2026-07-29T15:42:47.210+08:00,0xB25B,1,5,20,1716,1716,0,32,49,-60
2026-07-29T15:42:47.257+08:00,0xB25B,1,5,20,1717,1717,0,32,49,-60
2026-07-29T15:42:47.305+08:00,0xB25B,1,5,20,1718,1718,0,32,49,-60
2026-07-29T15:42:47.351+08:00,0xB25B,1,5,20,1719,1719,0,32,49,-59
2026-07-29T15:42:47.398+08:00,0xB25B,1,5,20,1720,1720,0,32,49,-59
2026-07-29T15:42:47.447+08:00,0xB25B,1,5,20,1721,1721,0,32,49,-59
2026-07-29T15:42:47.494+08:00,0xB25B,1,5,20,1722,1722,0,32,49,-60
2026-07-29T15:42:47.541+08:00,0xB25B,1,5,20,1723,1723,0,32,49,-59
2026-07-29T15:42:47.588+08:00,0xB25B,1,5,20,1724,1724,0,32,49,-59
2026-07-29T15:42:47.634+08:00,0xB25B,1,5,20,1725,1725,0,32,49,-59
2026-07-29T15:42:47.681+08:00,0xB25B,1,5,20,1726,1726,0,32,49,-59
2026-07-29T15:42:47.730+08:00,0xB25B,1,5,20,1727,1727,0,32,49,-58
2026-07-29T15:42:47.778+08:00,0xB25B,1,5,20,1728,1728,0,32,49,-59
2026-07-29T15:42:47.825+08:00,0xB25B,1,5,20,1729,1729,0,32,49,-59
2026-07-29T15:42:47.872+08:00,0xB25B,1,5,20,1730,1730,0,32,49,-59
2026-07-29T15:42:47.920+08:00,0xB25B,1,5,20,1731,1731,0,32,49,-59
2026-07-29T15:42:47.969+08:00,0xB25B,1,5,20,1732,1732,0,32,49,-60
2026-07-29T15:42:48.016+08:00,0xB25B,1,5,20,1733,1733,0,32,49,-59
2026-07-29T15:42:48.064+08:00,0xB25B,1,5,20,1734,1734,0,32,49,-59
2026-07-29T15:42:48.111+08:00,0xB25B,1,5,20,1735,1735,0,32,49,-59
2026-07-29T15:42:48.160+08:00,0xB25B,1,5,20,1736,1736,0,32,49,-59
2026-07-29T15:42:48.207+08:00,0xB25B,1,5,20,1737,1737,0,32,49,-59
2026-07-29T15:42:48.255+08:00,0xB25B,1,5,20,1738,1738,0,32,49,-59
2026-07-29T15:42:48.302+08:00,0xB25B,1,5,20,1739,1739,0,32,49,-58
2026-07-29T15:42:48.350+08:00,0xB25B,1,5,20,1740,1740,0,32,49,-59
2026-07-29T15:42:48.397+08:00,0xB25B,1,5,20,1741,1741,0,32,49,-59
2026-07-29T15:42:48.444+08:00,0xB25B,1,5,20,1742,1742,0,32,49,-59
2026-07-29T15:42:48.491+08:00,0xB25B,1,5,20,1743,1743,0,32,49,-59
2026-07-29T15:42:48.538+08:00,0xB25B,1,5,20,1744,1744,0,32,49,-58
2026-07-29T15:42:48.586+08:00,0xB25B,1,5,20,1745,1745,0,32,49,-59
2026-07-29T15:42:48.635+08:00,0xB25B,1,5,20,1746,1746,0,32,49,-59
2026-07-29T15:42:48.682+08:00,0xB25B,1,5,20,1747,1747,0,32,49,-59
2026-07-29T15:42:48.730+08:00,0xB25B,1,5,20,1748,1748,0,32,49,-60
2026-07-29T15:42:48.778+08:00,0xB25B,1,5,20,1749,1749,0,32,49,-59
2026-07-29T15:42:48.827+08:00,0xB25B,1,5,20,1750,1750,0,32,49,-59
2026-07-29T15:42:48.872+08:00,0xB25B,1,5,20,1751,1751,0,32,49,-59
2026-07-29T15:42:48.919+08:00,0xB25B,1,5,20,1752,1752,0,32,49,-59
2026-07-29T15:42:48.966+08:00,0xB25B,1,5,20,1753,1753,0,32,49,-59
2026-07-29T15:42:49.014+08:00,0xB25B,1,5,20,1754,1754,0,32,49,-59
2026-07-29T15:42:49.061+08:00,0xB25B,1,5,20,1755,1755,0,32,49,-59
2026-07-29T15:42:49.107+08:00,0xB25B,1,5,20,1756,1756,0,32,49,-59
2026-07-29T15:42:49.155+08:00,0xB25B,1,5,20,1757,1757,0,32,49,-59
2026-07-29T15:42:49.202+08:00,0xB25B,1,5,20,1758,1758,0,32,49,-59
2026-07-29T15:42:49.250+08:00,0xB25B,1,5,20,1759,1759,0,32,49,-60
2026-07-29T15:42:49.298+08:00,0xB25B,1,5,20,1760,1760,0,32,49,-59
2026-07-29T15:42:49.345+08:00,0xB25B,1,5,20,1761,1761,0,32,49,-58
2026-07-29T15:42:49.393+08:00,0xB25B,1,5,20,1762,1762,0,32,49,-59
2026-07-29T15:42:49.440+08:00,0xB25B,1,5,20,1763,1763,0,32,49,-58
2026-07-29T15:42:49.489+08:00,0xB25B,1,5,20,1764,1764,0,32,49,-58
2026-07-29T15:42:49.536+08:00,0xB25B,1,5,20,1765,1765,0,32,49,-59
2026-07-29T15:42:49.584+08:00,0xB25B,1,5,20,1766,1766,0,32,49,-59
2026-07-29T15:42:49.632+08:00,0xB25B,1,5,20,1767,1767,0,32,49,-59
2026-07-29T15:42:49.681+08:00,0xB25B,1,5,20,1768,1768,0,32,49,-59
2026-07-29T15:42:49.728+08:00,0xB25B,1,5,20,1769,1769,0,32,49,-59
2026-07-29T15:42:49.775+08:00,0xB25B,1,5,20,1770,1770,0,32,49,-59
2026-07-29T15:42:49.823+08:00,0xB25B,1,5,20,1771,1771,0,32,49,-59
2026-07-29T15:42:49.870+08:00,0xB25B,1,5,20,1772,1772,0,32,49,-59
2026-07-29T15:42:49.917+08:00,0xB25B,1,5,20,1773,1773,0,32,49,-58
2026-07-29T15:42:49.965+08:00,0xB25B,1,5,20,1774,1774,0,32,49,-59
2026-07-29T15:42:50.012+08:00,0xB25B,1,5,20,1775,1775,0,32,49,-59
2026-07-29T15:42:50.060+08:00,0xB25B,1,5,20,1776,1776,0,32,49,-60
2026-07-29T15:42:50.108+08:00,0xB25B,1,5,20,1777,1777,0,32,49,-60
2026-07-29T15:42:50.108+08:00,0xB25B,1,5,20,1778,1778,0,32,49,-60
2026-07-29T15:42:50.156+08:00,0xB25B,1,5,20,1779,1779,0,32,49,-59
2026-07-29T15:42:50.249+08:00,0xB25B,1,5,20,1780,1780,0,32,49,-59
2026-07-29T15:42:50.297+08:00,0xB25B,1,5,20,1781,1781,0,32,49,-59
2026-07-29T15:42:50.297+08:00,0xB25B,1,5,20,1782,1782,0,32,49,-59
2026-07-29T15:42:50.345+08:00,0xB25B,1,5,20,1783,1783,0,32,49,-59
2026-07-29T15:42:50.392+08:00,0xB25B,1,5,20,1784,1784,0,32,49,-59
2026-07-29T15:42:50.440+08:00,0xB25B,1,5,20,1785,1785,0,32,49,-60
2026-07-29T15:42:50.487+08:00,0xB25B,1,5,20,1786,1786,0,32,49,-59
2026-07-29T15:42:50.536+08:00,0xB25B,1,5,20,1787,1787,0,32,49,-58
2026-07-29T15:42:50.582+08:00,0xB25B,1,5,20,1788,1788,0,32,49,-58
2026-07-29T15:42:50.627+08:00,0xB25B,1,5,20,1789,1789,0,32,49,-58
2026-07-29T15:42:50.675+08:00,0xB25B,1,5,20,1790,1790,0,32,49,-58
2026-07-29T15:42:50.722+08:00,0xB25B,1,5,20,1791,1791,0,32,49,-59
2026-07-29T15:42:50.770+08:00,0xB25B,1,5,20,1792,1792,0,32,49,-59
2026-07-29T15:42:50.819+08:00,0xB25B,1,5,20,1793,1793,0,32,49,-59
2026-07-29T15:42:50.864+08:00,0xB25B,1,5,20,1794,1794,0,32,49,-59
2026-07-29T15:42:50.911+08:00,0xB25B,1,5,20,1795,1795,0,32,49,-59
2026-07-29T15:42:50.958+08:00,0xB25B,1,5,20,1796,1796,0,32,49,-60
2026-07-29T15:42:51.005+08:00,0xB25B,1,5,20,1797,1797,0,32,49,-59
2026-07-29T15:42:51.054+08:00,0xB25B,1,5,20,1798,1798,0,32,49,-59
2026-07-29T15:42:51.112+08:00,0xB25B,1,5,20,1799,1799,0,32,49,-58
2026-07-29T15:42:51.158+08:00,0xB25B,1,5,20,1800,1800,0,32,49,-59
2026-07-29T15:42:51.204+08:00,0xB25B,1,5,20,1801,1801,0,32,49,-59
2026-07-29T15:42:51.249+08:00,0xB25B,1,5,20,1802,1802,0,32,49,-59
2026-07-29T15:42:51.294+08:00,0xB25B,1,5,20,1803,1803,0,32,49,-58
2026-07-29T15:42:51.338+08:00,0xB25B,1,5,20,1804,1804,0,32,49,-58
2026-07-29T15:42:51.384+08:00,0xB25B,1,5,20,1805,1805,0,32,49,-58
2026-07-29T15:42:51.429+08:00,0xB25B,1,5,20,1806,1806,0,32,49,-58
2026-07-29T15:42:51.479+08:00,0xB25B,1,5,20,1807,1807,0,32,49,-58
2026-07-29T15:42:51.525+08:00,0xB25B,1,5,20,1808,1808,0,32,49,-58
2026-07-29T15:42:51.572+08:00,0xB25B,1,5,20,1809,1809,0,32,49,-59
2026-07-29T15:42:51.617+08:00,0xB25B,1,5,20,1810,1810,0,32,49,-59
2026-07-29T15:42:51.662+08:00,0xB25B,1,5,20,1811,1811,0,32,49,-59
2026-07-29T15:42:51.708+08:00,0xB25B,1,5,20,1812,1812,0,32,49,-59
2026-07-29T15:42:51.756+08:00,0xB25B,1,5,20,1813,1813,0,32,49,-59
2026-07-29T15:42:51.802+08:00,0xB25B,1,5,20,1814,1814,0,32,49,-59
2026-07-29T15:42:51.850+08:00,0xB25B,1,5,20,1815,1815,0,32,49,-59
2026-07-29T15:42:51.897+08:00,0xB25B,1,5,20,1816,1816,0,32,49,-59
2026-07-29T15:42:51.955+08:00,0xB25B,1,5,20,1817,1817,0,32,49,-59
2026-07-29T15:42:52.003+08:00,0xB25B,1,5,20,1818,1818,0,32,49,-59
2026-07-29T15:42:52.050+08:00,0xB25B,1,5,20,1819,1819,0,32,49,-59
2026-07-29T15:42:52.097+08:00,0xB25B,1,5,20,1820,1820,0,32,49,-59
2026-07-29T15:42:52.143+08:00,0xB25B,1,5,20,1821,1821,0,32,49,-59
2026-07-29T15:42:52.190+08:00,0xB25B,1,5,20,1822,1822,0,32,49,-60
2026-07-29T15:42:52.237+08:00,0xB25B,1,5,20,1823,1823,0,32,49,-59
2026-07-29T15:42:52.285+08:00,0xB25B,1,5,20,1824,1824,0,32,49,-59
2026-07-29T15:42:52.329+08:00,0xB25B,1,5,20,1825,1825,0,32,49,-58
2026-07-29T15:42:52.377+08:00,0xB25B,1,5,20,1826,1826,0,32,49,-59
2026-07-29T15:42:52.423+08:00,0xB25B,1,5,20,1827,1827,0,32,49,-59
2026-07-29T15:42:52.470+08:00,0xB25B,1,5,20,1828,1828,0,32,49,-59
2026-07-29T15:42:52.516+08:00,0xB25B,1,5,20,1829,1829,0,32,49,-59
2026-07-29T15:42:52.563+08:00,0xB25B,1,5,20,1830,1830,0,32,49,-59
2026-07-29T15:42:52.611+08:00,0xB25B,1,5,20,1831,1831,0,32,49,-59
2026-07-29T15:42:52.660+08:00,0xB25B,1,5,20,1832,1832,0,32,49,-59
2026-07-29T15:42:52.708+08:00,0xB25B,1,5,20,1833,1833,0,32,49,-59
2026-07-29T15:42:52.754+08:00,0xB25B,1,5,20,1834,1834,0,32,49,-59
2026-07-29T15:42:52.801+08:00,0xB25B,1,5,20,1835,1835,0,32,49,-60
2026-07-29T15:42:52.850+08:00,0xB25B,1,5,20,1836,1836,0,32,49,-59
2026-07-29T15:42:52.897+08:00,0xB25B,1,5,20,1837,1837,0,32,49,-59
2026-07-29T15:42:52.945+08:00,0xB25B,1,5,20,1838,1838,0,32,49,-59
2026-07-29T15:42:52.992+08:00,0xB25B,1,5,20,1839,1839,0,32,49,-59
2026-07-29T15:42:53.041+08:00,0xB25B,1,5,20,1840,1840,0,32,49,-59
2026-07-29T15:42:53.088+08:00,0xB25B,1,5,20,1841,1841,0,32,49,-59
2026-07-29T15:42:53.136+08:00,0xB25B,1,5,20,1842,1842,0,32,49,-59
2026-07-29T15:42:53.184+08:00,0xB25B,1,5,20,1843,1843,0,32,49,-59
2026-07-29T15:42:53.233+08:00,0xB25B,1,5,20,1844,1844,0,32,49,-59
2026-07-29T15:42:53.279+08:00,0xB25B,1,5,20,1845,1845,0,32,49,-59
2026-07-29T15:42:53.327+08:00,0xB25B,1,5,20,1846,1846,0,32,49,-60
2026-07-29T15:42:53.373+08:00,0xB25B,1,5,20,1847,1847,0,32,49,-59
2026-07-29T15:42:53.421+08:00,0xB25B,1,5,20,1848,1848,0,32,49,-59
2026-07-29T15:42:53.470+08:00,0xB25B,1,5,20,1849,1849,0,32,49,-59
2026-07-29T15:42:53.517+08:00,0xB25B,1,5,20,1850,1850,0,32,49,-59
2026-07-29T15:42:53.564+08:00,0xB25B,1,5,20,1851,1851,0,32,49,-59
2026-07-29T15:42:53.612+08:00,0xB25B,1,5,20,1852,1852,0,32,49,-59
2026-07-29T15:42:53.660+08:00,0xB25B,1,5,20,1853,1853,0,32,49,-59
2026-07-29T15:42:53.708+08:00,0xB25B,1,5,20,1854,1854,0,32,49,-59
2026-07-29T15:42:53.756+08:00,0xB25B,1,5,20,1855,1855,0,32,49,-59
2026-07-29T15:42:53.805+08:00,0xB25B,1,5,20,1856,1856,0,32,49,-59
2026-07-29T15:42:53.852+08:00,0xB25B,1,5,20,1857,1857,0,32,49,-59
2026-07-29T15:42:53.898+08:00,0xB25B,1,5,20,1858,1858,0,32,49,-59
2026-07-29T15:42:53.945+08:00,0xB25B,1,5,20,1859,1859,0,32,49,-59
2026-07-29T15:42:53.991+08:00,0xB25B,1,5,20,1860,1860,0,32,49,-59
2026-07-29T15:42:54.038+08:00,0xB25B,1,5,20,1861,1861,0,32,49,-59
2026-07-29T15:42:54.084+08:00,0xB25B,1,5,20,1862,1862,0,32,49,-59
2026-07-29T15:42:54.132+08:00,0xB25B,1,5,20,1863,1863,0,32,49,-59
2026-07-29T15:42:54.178+08:00,0xB25B,1,5,20,1864,1864,0,32,49,-59
2026-07-29T15:42:54.224+08:00,0xB25B,1,5,20,1865,1865,0,32,49,-59
2026-07-29T15:42:54.270+08:00,0xB25B,1,5,20,1866,1866,0,32,49,-59
2026-07-29T15:42:54.317+08:00,0xB25B,1,5,20,1867,1867,0,32,49,-59
2026-07-29T15:42:54.365+08:00,0xB25B,1,5,20,1868,1868,0,32,49,-59
2026-07-29T15:42:54.411+08:00,0xB25B,1,5,20,1869,1869,0,32,49,-59
2026-07-29T15:42:54.458+08:00,0xB25B,1,5,20,1870,1870,0,32,49,-59
2026-07-29T15:42:54.504+08:00,0xB25B,1,5,20,1871,1871,0,32,49,-59
2026-07-29T15:42:54.550+08:00,0xB25B,1,5,20,1872,1872,0,32,49,-60
2026-07-29T15:42:54.598+08:00,0xB25B,1,5,20,1873,1873,0,32,49,-59
2026-07-29T15:42:54.644+08:00,0xB25B,1,5,20,1874,1874,0,32,49,-59
2026-07-29T15:42:54.692+08:00,0xB25B,1,5,20,1875,1875,0,32,49,-59
2026-07-29T15:42:54.740+08:00,0xB25B,1,5,20,1876,1876,0,32,49,-59
2026-07-29T15:42:54.785+08:00,0xB25B,1,5,20,1877,1877,0,32,49,-59
2026-07-29T15:42:54.831+08:00,0xB25B,1,5,20,1878,1878,0,32,49,-59
2026-07-29T15:42:54.878+08:00,0xB25B,1,5,20,1879,1879,0,32,49,-59
2026-07-29T15:42:54.925+08:00,0xB25B,1,5,20,1880,1880,0,32,49,-59
2026-07-29T15:42:54.971+08:00,0xB25B,1,5,20,1881,1881,0,32,49,-59
2026-07-29T15:42:55.018+08:00,0xB25B,1,5,20,1882,1882,0,32,49,-60
2026-07-29T15:42:55.065+08:00,0xB25B,1,5,20,1883,1883,0,32,49,-59
2026-07-29T15:42:55.112+08:00,0xB25B,1,5,20,1884,1884,0,32,49,-59
2026-07-29T15:42:55.158+08:00,0xB25B,1,5,20,1885,1885,0,32,49,-59
2026-07-29T15:42:55.205+08:00,0xB25B,1,5,20,1886,1886,0,32,49,-59
2026-07-29T15:42:55.252+08:00,0xB25B,1,5,20,1887,1887,0,32,49,-59
2026-07-29T15:42:55.300+08:00,0xB25B,1,5,20,1888,1888,0,32,49,-59
2026-07-29T15:42:55.346+08:00,0xB25B,1,5,20,1889,1889,0,32,49,-59
2026-07-29T15:42:55.394+08:00,0xB25B,1,5,20,1890,1890,0,32,49,-60
2026-07-29T15:42:55.440+08:00,0xB25B,1,5,20,1891,1891,0,32,49,-59
2026-07-29T15:42:55.487+08:00,0xB25B,1,5,20,1892,1892,0,32,49,-59
2026-07-29T15:42:55.534+08:00,0xB25B,1,5,20,1893,1893,0,32,49,-59
2026-07-29T15:42:55.581+08:00,0xB25B,1,5,20,1894,1894,0,32,49,-59
2026-07-29T15:42:55.628+08:00,0xB25B,1,5,20,1895,1895,0,32,49,-59
2026-07-29T15:42:55.675+08:00,0xB25B,1,5,20,1896,1896,0,32,49,-59
2026-07-29T15:42:55.722+08:00,0xB25B,1,5,20,1897,1897,0,32,49,-59
2026-07-29T15:42:55.769+08:00,0xB25B,1,5,20,1898,1898,0,32,49,-59
2026-07-29T15:42:55.814+08:00,0xB25B,1,5,20,1899,1899,0,32,49,-59
2026-07-29T15:42:55.861+08:00,0xB25B,1,5,20,1900,1900,0,32,49,-59
2026-07-29T15:42:55.909+08:00,0xB25B,1,5,20,1901,1901,0,32,49,-58
2026-07-29T15:42:55.956+08:00,0xB25B,1,5,20,1902,1902,0,32,49,-58
2026-07-29T15:42:56.003+08:00,0xB25B,1,5,20,1903,1903,0,32,49,-58
2026-07-29T15:42:56.049+08:00,0xB25B,1,5,20,1904,1904,0,32,49,-58
2026-07-29T15:42:56.096+08:00,0xB25B,1,5,20,1905,1905,0,32,49,-58
2026-07-29T15:42:56.143+08:00,0xB25B,1,5,20,1906,1906,0,32,49,-58
2026-07-29T15:42:56.189+08:00,0xB25B,1,5,20,1907,1907,0,32,49,-58
2026-07-29T15:42:56.234+08:00,0xB25B,1,5,20,1908,1908,0,32,49,-58
2026-07-29T15:42:56.282+08:00,0xB25B,1,5,20,1909,1909,0,32,49,-59
2026-07-29T15:42:56.328+08:00,0xB25B,1,5,20,1910,1910,0,32,49,-58
2026-07-29T15:42:56.375+08:00,0xB25B,1,5,20,1911,1911,0,32,49,-58
2026-07-29T15:42:56.421+08:00,0xB25B,1,5,20,1912,1912,0,32,49,-58
2026-07-29T15:42:56.469+08:00,0xB25B,1,5,20,1913,1913,0,32,49,-58
2026-07-29T15:42:56.516+08:00,0xB25B,1,5,20,1914,1914,0,32,49,-58
2026-07-29T15:42:56.562+08:00,0xB25B,1,5,20,1915,1915,0,32,49,-58
2026-07-29T15:42:56.609+08:00,0xB25B,1,5,20,1916,1916,0,32,49,-58
2026-07-29T15:42:56.656+08:00,0xB25B,1,5,20,1917,1917,0,32,49,-58
2026-07-29T15:42:56.703+08:00,0xB25B,1,5,20,1918,1918,0,32,49,-58
2026-07-29T15:42:56.750+08:00,0xB25B,1,5,20,1919,1919,0,32,49,-58
2026-07-29T15:42:56.795+08:00,0xB25B,1,5,20,1920,1920,0,32,49,-58
2026-07-29T15:42:56.843+08:00,0xB25B,1,5,20,1921,1921,0,32,49,-58
2026-07-29T15:42:56.889+08:00,0xB25B,1,5,20,1922,1922,0,32,49,-59
2026-07-29T15:42:56.936+08:00,0xB25B,1,5,20,1923,1923,0,32,49,-58
2026-07-29T15:42:56.984+08:00,0xB25B,1,5,20,1924,1924,0,32,49,-58
2026-07-29T15:42:57.031+08:00,0xB25B,1,5,20,1925,1925,0,32,49,-59
2026-07-29T15:42:57.077+08:00,0xB25B,1,5,20,1926,1926,0,32,49,-59
2026-07-29T15:42:57.123+08:00,0xB25B,1,5,20,1927,1927,0,32,49,-58
2026-07-29T15:42:57.218+08:00,0xB25B,1,5,20,1928,1928,0,32,49,-59
2026-07-29T15:42:57.218+08:00,0xB25B,1,5,20,1929,1929,0,32,49,-59
2026-07-29T15:42:57.269+08:00,0xB25B,1,5,20,1930,1930,0,32,49,-58
2026-07-29T15:42:57.329+08:00,0xB25B,1,5,20,1931,1931,0,32,49,-58
2026-07-29T15:42:57.374+08:00,0xB25B,1,5,20,1932,1932,0,32,49,-58
2026-07-29T15:42:57.422+08:00,0xB25B,1,5,20,1933,1933,0,32,49,-58
2026-07-29T15:42:57.467+08:00,0xB25B,1,5,20,1934,1934,0,32,49,-59
2026-07-29T15:42:57.514+08:00,0xB25B,1,5,20,1935,1935,0,32,49,-59
2026-07-29T15:42:57.560+08:00,0xB25B,1,5,20,1936,1936,0,32,49,-59
2026-07-29T15:42:57.608+08:00,0xB25B,1,5,20,1937,1937,0,32,49,-59
2026-07-29T15:42:57.653+08:00,0xB25B,1,5,20,1938,1938,0,32,49,-59
2026-07-29T15:42:57.699+08:00,0xB25B,1,5,20,1939,1939,0,32,49,-59
2026-07-29T15:42:57.746+08:00,0xB25B,1,5,20,1940,1940,0,32,49,-59
2026-07-29T15:42:57.793+08:00,0xB25B,1,5,20,1941,1941,0,32,49,-58
2026-07-29T15:42:57.839+08:00,0xB25B,1,5,20,1942,1942,0,32,49,-58
2026-07-29T15:42:57.887+08:00,0xB25B,1,5,20,1943,1943,0,32,49,-58
2026-07-29T15:42:57.934+08:00,0xB25B,1,5,20,1944,1944,0,32,49,-58
2026-07-29T15:42:57.981+08:00,0xB25B,1,5,20,1945,1945,0,32,49,-60
2026-07-29T15:42:58.027+08:00,0xB25B,1,5,20,1946,1946,0,32,49,-60
2026-07-29T15:42:58.074+08:00,0xB25B,1,5,20,1947,1947,0,32,49,-59
2026-07-29T15:42:58.121+08:00,0xB25B,1,5,20,1948,1948,0,32,49,-59
2026-07-29T15:42:58.168+08:00,0xB25B,1,5,20,1949,1949,0,32,49,-59
2026-07-29T15:42:58.214+08:00,0xB25B,1,5,20,1950,1950,0,32,49,-58
2026-07-29T15:42:58.262+08:00,0xB25B,1,5,20,1951,1951,0,32,49,-59
2026-07-29T15:42:58.309+08:00,0xB25B,1,5,20,1952,1952,0,32,49,-59
2026-07-29T15:42:58.356+08:00,0xB25B,1,5,20,1953,1953,0,32,49,-59
2026-07-29T15:42:58.403+08:00,0xB25B,1,5,20,1954,1954,0,32,49,-59
2026-07-29T15:42:58.449+08:00,0xB25B,1,5,20,1955,1955,0,32,49,-59
2026-07-29T15:42:58.496+08:00,0xB25B,1,5,20,1956,1956,0,32,49,-59
2026-07-29T15:42:58.543+08:00,0xB25B,1,5,20,1957,1957,0,32,49,-59
2026-07-29T15:42:58.588+08:00,0xB25B,1,5,20,1958,1958,0,32,49,-59
2026-07-29T15:42:58.635+08:00,0xB25B,1,5,20,1959,1959,0,32,49,-59
2026-07-29T15:42:58.684+08:00,0xB25B,1,5,20,1960,1960,0,32,49,-58
2026-07-29T15:42:58.731+08:00,0xB25B,1,5,20,1961,1961,0,32,49,-59
2026-07-29T15:42:58.778+08:00,0xB25B,1,5,20,1962,1962,0,32,49,-59
2026-07-29T15:42:58.825+08:00,0xB25B,1,5,20,1963,1963,0,32,49,-58
2026-07-29T15:42:58.873+08:00,0xB25B,1,5,20,1964,1964,0,32,49,-58
2026-07-29T15:42:58.920+08:00,0xB25B,1,5,20,1965,1965,0,32,49,-58
2026-07-29T15:42:58.965+08:00,0xB25B,1,5,20,1966,1966,0,32,49,-58
2026-07-29T15:42:59.014+08:00,0xB25B,1,5,20,1967,1967,0,32,49,-59
2026-07-29T15:42:59.059+08:00,0xB25B,1,5,20,1968,1968,0,32,49,-59
2026-07-29T15:42:59.107+08:00,0xB25B,1,5,20,1969,1969,0,32,49,-58
2026-07-29T15:42:59.154+08:00,0xB25B,1,5,20,1970,1970,0,32,49,-58
2026-07-29T15:42:59.200+08:00,0xB25B,1,5,20,1971,1971,0,32,49,-58
2026-07-29T15:42:59.246+08:00,0xB25B,1,5,20,1972,1972,0,32,49,-59
2026-07-29T15:42:59.293+08:00,0xB25B,1,5,20,1973,1973,0,32,49,-58
2026-07-29T15:42:59.339+08:00,0xB25B,1,5,20,1974,1974,0,32,49,-58
2026-07-29T15:42:59.384+08:00,0xB25B,1,5,20,1975,1975,0,32,49,-58
2026-07-29T15:42:59.431+08:00,0xB25B,1,5,20,1976,1976,0,32,49,-59
2026-07-29T15:42:59.477+08:00,0xB25B,1,5,20,1977,1977,0,32,49,-59
2026-07-29T15:42:59.523+08:00,0xB25B,1,5,20,1978,1978,0,32,49,-58
2026-07-29T15:42:59.571+08:00,0xB25B,1,5,20,1979,1979,0,32,49,-59
2026-07-29T15:42:59.618+08:00,0xB25B,1,5,20,1980,1980,0,32,49,-58
2026-07-29T15:42:59.665+08:00,0xB25B,1,5,20,1981,1981,0,32,49,-59
2026-07-29T15:42:59.714+08:00,0xB25B,1,5,20,1982,1982,0,32,49,-59
2026-07-29T15:42:59.759+08:00,0xB25B,1,5,20,1983,1983,0,32,49,-59
2026-07-29T15:42:59.805+08:00,0xB25B,1,5,20,1984,1984,0,32,49,-59
2026-07-29T15:42:59.852+08:00,0xB25B,1,5,20,1985,1985,0,32,49,-59
2026-07-29T15:42:59.900+08:00,0xB25B,1,5,20,1986,1986,0,32,49,-58
2026-07-29T15:42:59.958+08:00,0xB25B,1,5,20,1987,1987,0,32,49,-58
2026-07-29T15:43:00.007+08:00,0xB25B,1,5,20,1988,1988,0,32,49,-58
2026-07-29T15:43:00.054+08:00,0xB25B,1,5,20,1989,1989,0,32,49,-59
2026-07-29T15:43:00.102+08:00,0xB25B,1,5,20,1990,1990,0,32,49,-58
2026-07-29T15:43:00.147+08:00,0xB25B,1,5,20,1991,1991,0,32,49,-58
2026-07-29T15:43:00.239+08:00,0xB25B,1,5,20,1992,1992,0,32,49,-59
2026-07-29T15:43:00.287+08:00,0xB25B,1,5,20,1993,1993,0,32,49,-58
2026-07-29T15:43:00.333+08:00,0xB25B,1,5,20,1994,1994,0,32,49,-58
2026-07-29T15:43:00.381+08:00,0xB25B,1,5,20,1995,1995,0,32,49,-58
2026-07-29T15:43:00.426+08:00,0xB25B,1,5,20,1996,1996,0,32,49,-58
2026-07-29T15:43:00.474+08:00,0xB25B,1,5,20,1997,1997,0,32,49,-59
2026-07-29T15:43:00.521+08:00,0xB25B,1,5,20,1998,1998,0,32,49,-59
2026-07-29T15:43:00.568+08:00,0xB25B,1,5,20,1999,1999,0,32,49,-58
2026-07-29T15:43:00.614+08:00,0xB25B,1,5,20,2000,2000,0,32,49,-58
2026-07-29T15:43:00.660+08:00,0xB25B,1,5,20,2001,2001,0,32,49,-58
2026-07-29T15:43:00.709+08:00,0xB25B,1,5,20,2002,2002,0,32,49,-58
2026-07-29T15:43:00.756+08:00,0xB25B,1,5,20,2003,2003,0,32,49,-58
2026-07-29T15:43:00.803+08:00,0xB25B,1,5,20,2004,2004,0,32,49,-58
2026-07-29T15:43:00.849+08:00,0xB25B,1,5,20,2005,2005,0,32,49,-58
2026-07-29T15:43:00.895+08:00,0xB25B,1,5,20,2006,2006,0,32,49,-58
2026-07-29T15:43:00.943+08:00,0xB25B,1,5,20,2007,2007,0,32,49,-58
2026-07-29T15:43:00.990+08:00,0xB25B,1,5,20,2008,2008,0,32,49,-58
2026-07-29T15:43:01.036+08:00,0xB25B,1,5,20,2009,2009,0,32,49,-58
2026-07-29T15:43:01.083+08:00,0xB25B,1,5,20,2010,2010,0,32,49,-58
2026-07-29T15:43:01.130+08:00,0xB25B,1,5,20,2011,2011,0,32,49,-58
2026-07-29T15:43:01.178+08:00,0xB25B,1,5,20,2012,2012,0,32,49,-58
2026-07-29T15:43:01.223+08:00,0xB25B,1,5,20,2013,2013,0,32,49,-58
2026-07-29T15:43:01.271+08:00,0xB25B,1,5,20,2014,2014,0,32,49,-58
2026-07-29T15:43:01.317+08:00,0xB25B,1,5,20,2015,2015,0,32,49,-58
2026-07-29T15:43:01.365+08:00,0xB25B,1,5,20,2016,2016,0,32,49,-58
2026-07-29T15:43:01.411+08:00,0xB25B,1,5,20,2017,2017,0,32,49,-58
2026-07-29T15:43:01.459+08:00,0xB25B,1,5,20,2018,2018,0,32,49,-58
2026-07-29T15:43:01.504+08:00,0xB25B,1,5,20,2019,2019,0,32,49,-58
2026-07-29T15:43:01.551+08:00,0xB25B,1,5,20,2020,2020,0,32,49,-58
2026-07-29T15:43:01.599+08:00,0xB25B,1,5,20,2021,2021,0,32,49,-58
2026-07-29T15:43:01.645+08:00,0xB25B,1,5,20,2022,2022,0,32,49,-58
2026-07-29T15:43:01.691+08:00,0xB25B,1,5,20,2023,2023,0,32,49,-58
2026-07-29T15:43:01.739+08:00,0xB25B,1,5,20,2024,2024,0,32,49,-59
2026-07-29T15:43:01.786+08:00,0xB25B,1,5,20,2025,2025,0,32,49,-58
2026-07-29T15:43:01.833+08:00,0xB25B,1,5,20,2026,2026,0,32,49,-58
2026-07-29T15:43:01.880+08:00,0xB25B,1,5,20,2027,2027,0,32,49,-58
2026-07-29T15:43:01.926+08:00,0xB25B,1,5,20,2028,2028,0,32,49,-58
2026-07-29T15:43:01.972+08:00,0xB25B,1,5,20,2029,2029,0,32,49,-59
2026-07-29T15:43:02.020+08:00,0xB25B,1,5,20,2030,2030,0,32,49,-59
2026-07-29T15:43:02.067+08:00,0xB25B,1,5,20,2031,2031,0,32,49,-59
2026-07-29T15:43:02.112+08:00,0xB25B,1,5,20,2032,2032,0,32,49,-59
2026-07-29T15:43:02.160+08:00,0xB25B,1,5,20,2033,2033,0,32,49,-59
2026-07-29T15:43:02.205+08:00,0xB25B,1,5,20,2034,2034,0,32,49,-59
2026-07-29T15:43:02.252+08:00,0xB25B,1,5,20,2035,2035,0,32,49,-61
2026-07-29T15:43:02.298+08:00,0xB25B,1,5,20,2036,2036,0,32,49,-59
2026-07-29T15:43:02.344+08:00,0xB25B,1,5,20,2037,2037,0,32,49,-58
2026-07-29T15:43:02.392+08:00,0xB25B,1,5,20,2038,2038,0,32,49,-57
2026-07-29T15:43:02.439+08:00,0xB25B,1,5,20,2039,2039,0,32,49,-57
2026-07-29T15:43:02.487+08:00,0xB25B,1,5,20,2040,2040,0,32,49,-57
2026-07-29T15:43:02.534+08:00,0xB25B,1,5,20,2041,2041,0,32,49,-58
2026-07-29T15:43:02.581+08:00,0xB25B,1,5,20,2042,2042,0,32,49,-58
2026-07-29T15:43:02.629+08:00,0xB25B,1,5,20,2043,2043,0,32,49,-58
2026-07-29T15:43:02.676+08:00,0xB25B,1,5,20,2044,2044,0,32,49,-59
2026-07-29T15:43:02.722+08:00,0xB25B,1,5,20,2045,2045,0,32,49,-59
2026-07-29T15:43:02.768+08:00,0xB25B,1,5,20,2046,2046,0,32,49,-59
2026-07-29T15:43:02.815+08:00,0xB25B,1,5,20,2047,2047,0,32,49,-59
2026-07-29T15:43:02.863+08:00,0xB25B,1,5,20,2048,2048,0,32,49,-59
2026-07-29T15:43:02.909+08:00,0xB25B,1,5,20,2049,2049,0,32,49,-59
2026-07-29T15:43:02.956+08:00,0xB25B,1,5,20,2050,2050,0,32,49,-59
2026-07-29T15:43:03.002+08:00,0xB25B,1,5,20,2051,2051,0,32,49,-59
2026-07-29T15:43:03.050+08:00,0xB25B,1,5,20,2052,2052,0,32,49,-59
2026-07-29T15:43:03.096+08:00,0xB25B,1,5,20,2053,2053,0,32,49,-59
2026-07-29T15:43:03.143+08:00,0xB25B,1,5,20,2054,2054,0,32,49,-59
2026-07-29T15:43:03.191+08:00,0xB25B,1,5,20,2055,2055,0,32,49,-59
2026-07-29T15:43:03.237+08:00,0xB25B,1,5,20,2056,2056,0,32,49,-58
2026-07-29T15:43:03.284+08:00,0xB25B,1,5,20,2057,2057,0,32,49,-58
2026-07-29T15:43:03.331+08:00,0xB25B,1,5,20,2058,2058,0,32,49,-58
2026-07-29T15:43:03.377+08:00,0xB25B,1,5,20,2059,2059,0,32,49,-58
2026-07-29T15:43:03.423+08:00,0xB25B,1,5,20,2060,2060,0,32,49,-58
2026-07-29T15:43:03.471+08:00,0xB25B,1,5,20,2061,2061,0,32,49,-59
2026-07-29T15:43:03.516+08:00,0xB25B,1,5,20,2062,2062,0,32,49,-58
2026-07-29T15:43:03.564+08:00,0xB25B,1,5,20,2063,2063,0,32,49,-58
2026-07-29T15:43:03.611+08:00,0xB25B,1,5,20,2064,2064,0,32,49,-58
2026-07-29T15:43:03.658+08:00,0xB25B,1,5,20,2065,2065,0,32,49,-59
2026-07-29T15:43:03.704+08:00,0xB25B,1,5,20,2066,2066,0,32,49,-59
2026-07-29T15:43:03.752+08:00,0xB25B,1,5,20,2067,2067,0,32,49,-59
2026-07-29T15:43:03.798+08:00,0xB25B,1,5,20,2068,2068,0,32,49,-59
2026-07-29T15:43:03.845+08:00,0xB25B,1,5,20,2069,2069,0,32,49,-59
2026-07-29T15:43:03.891+08:00,0xB25B,1,5,20,2070,2070,0,32,49,-59
2026-07-29T15:43:03.937+08:00,0xB25B,1,5,20,2071,2071,0,32,49,-59
2026-07-29T15:43:03.984+08:00,0xB25B,1,5,20,2072,2072,0,32,49,-59
2026-07-29T15:43:04.031+08:00,0xB25B,1,5,20,2073,2073,0,32,49,-59
2026-07-29T15:43:04.079+08:00,0xB25B,1,5,20,2074,2074,0,32,49,-59
2026-07-29T15:43:04.125+08:00,0xB25B,1,5,20,2075,2075,0,32,49,-58
2026-07-29T15:43:04.172+08:00,0xB25B,1,5,20,2076,2076,0,32,49,-58
2026-07-29T15:43:04.218+08:00,0xB25B,1,5,20,2077,2077,0,32,49,-58
2026-07-29T15:43:04.265+08:00,0xB25B,1,5,20,2078,2078,0,32,49,-58
2026-07-29T15:43:04.313+08:00,0xB25B,1,5,20,2079,2079,0,32,49,-58
2026-07-29T15:43:04.360+08:00,0xB25B,1,5,20,2080,2080,0,32,49,-58
2026-07-29T15:43:04.407+08:00,0xB25B,1,5,20,2081,2081,0,32,49,-58
2026-07-29T15:43:04.453+08:00,0xB25B,1,5,20,2082,2082,0,32,49,-58
2026-07-29T15:43:04.499+08:00,0xB25B,1,5,20,2083,2083,0,32,49,-57
2026-07-29T15:43:04.546+08:00,0xB25B,1,5,20,2084,2084,0,32,49,-57
2026-07-29T15:43:04.593+08:00,0xB25B,1,5,20,2085,2085,0,32,49,-59
2026-07-29T15:43:04.640+08:00,0xB25B,1,5,20,2086,2086,0,32,49,-58
2026-07-29T15:43:04.686+08:00,0xB25B,1,5,20,2087,2087,0,32,49,-58
2026-07-29T15:43:04.732+08:00,0xB25B,1,5,20,2088,2088,0,32,49,-58
2026-07-29T15:43:04.780+08:00,0xB25B,1,5,20,2089,2089,0,32,49,-59
2026-07-29T15:43:04.824+08:00,0xB25B,1,5,20,2090,2090,0,32,49,-59
2026-07-29T15:43:04.872+08:00,0xB25B,1,5,20,2091,2091,0,32,49,-60
2026-07-29T15:43:04.919+08:00,0xB25B,1,5,20,2092,2092,0,32,49,-61
2026-07-29T15:43:04.965+08:00,0xB25B,1,5,20,2093,2093,0,32,49,-61
2026-07-29T15:43:05.012+08:00,0xB25B,1,5,20,2094,2094,0,32,49,-60
2026-07-29T15:43:05.058+08:00,0xB25B,1,5,20,2095,2095,0,32,49,-59
2026-07-29T15:43:05.104+08:00,0xB25B,1,5,20,2096,2096,0,32,49,-58
2026-07-29T15:43:05.150+08:00,0xB25B,1,5,20,2097,2097,0,32,49,-58
2026-07-29T15:43:05.197+08:00,0xB25B,1,5,20,2098,2098,0,32,49,-60
2026-07-29T15:43:05.244+08:00,0xB25B,1,5,20,2099,2099,0,32,49,-59
2026-07-29T15:43:05.291+08:00,0xB25B,1,5,20,2100,2100,0,32,49,-59
2026-07-29T15:43:05.337+08:00,0xB25B,1,5,20,2101,2101,0,32,49,-59
2026-07-29T15:43:05.385+08:00,0xB25B,1,5,20,2102,2102,0,32,49,-58
2026-07-29T15:43:05.432+08:00,0xB25B,1,5,20,2103,2103,0,32,49,-59
2026-07-29T15:43:05.479+08:00,0xB25B,1,5,20,2104,2104,0,32,49,-57
2026-07-29T15:43:05.525+08:00,0xB25B,1,5,20,2105,2105,0,32,49,-56
2026-07-29T15:43:05.573+08:00,0xB25B,1,5,20,2106,2106,0,32,49,-56
2026-07-29T15:43:05.619+08:00,0xB25B,1,5,20,2107,2107,0,32,49,-58
2026-07-29T15:43:05.666+08:00,0xB25B,1,5,20,2108,2108,0,32,49,-59
2026-07-29T15:43:05.713+08:00,0xB25B,1,5,20,2109,2109,0,32,49,-60
2026-07-29T15:43:05.760+08:00,0xB25B,1,5,20,2110,2110,0,32,49,-61
2026-07-29T15:43:05.807+08:00,0xB25B,1,5,20,2111,2111,0,32,49,-63
2026-07-29T15:43:05.853+08:00,0xB25B,1,5,20,2112,2112,0,32,49,-61
2026-07-29T15:43:05.899+08:00,0xB25B,1,5,20,2113,2113,0,32,49,-61
2026-07-29T15:43:05.946+08:00,0xB25B,1,5,20,2114,2114,0,32,49,-59
2026-07-29T15:43:05.994+08:00,0xB25B,1,5,20,2115,2115,0,32,49,-58
2026-07-29T15:43:06.041+08:00,0xB25B,1,5,20,2116,2116,0,32,49,-58
2026-07-29T15:43:06.086+08:00,0xB25B,1,5,20,2117,2117,0,32,49,-57
2026-07-29T15:43:06.132+08:00,0xB25B,1,5,20,2118,2118,0,32,49,-57
2026-07-29T15:43:06.179+08:00,0xB25B,1,5,20,2119,2119,0,32,49,-56
2026-07-29T15:43:06.225+08:00,0xB25B,1,5,20,2120,2120,0,32,49,-56
2026-07-29T15:43:06.273+08:00,0xB25B,1,5,20,2121,2121,0,32,49,-55
2026-07-29T15:43:06.320+08:00,0xB25B,1,5,20,2122,2122,0,32,49,-56
2026-07-29T15:43:06.368+08:00,0xB25B,1,5,20,2123,2123,0,32,49,-55
2026-07-29T15:43:06.414+08:00,0xB25B,1,5,20,2124,2124,0,32,49,-57
2026-07-29T15:43:06.460+08:00,0xB25B,1,5,20,2125,2125,0,32,49,-55
2026-07-29T15:43:06.507+08:00,0xB25B,1,5,20,2126,2126,0,32,49,-56
2026-07-29T15:43:06.552+08:00,0xB25B,1,5,20,2127,2127,0,32,49,-56
2026-07-29T15:43:06.618+08:00,0xB25B,1,6,10,2128,2128,0,32,49,-57
2026-07-29T15:43:06.673+08:00,0xB25B,1,6,10,2129,2129,0,32,49,-56
2026-07-29T15:43:06.726+08:00,0xB25B,1,6,10,2130,2130,0,32,49,-56
2026-07-29T15:43:06.773+08:00,0xB25B,1,6,10,2131,2131,0,32,49,-55
2026-07-29T15:43:06.818+08:00,0xB25B,1,6,10,2132,2132,0,32,49,-55
2026-07-29T15:43:06.864+08:00,0xB25B,1,6,10,2133,2133,0,32,49,-56
2026-07-29T15:43:06.910+08:00,0xB25B,1,6,10,2134,2134,0,32,49,-56
2026-07-29T15:43:06.958+08:00,0xB25B,1,6,10,2135,2135,0,32,49,-57
2026-07-29T15:43:07.003+08:00,0xB25B,1,6,10,2136,2136,0,32,49,-56
2026-07-29T15:43:07.049+08:00,0xB25B,1,6,10,2137,2137,0,32,49,-56
2026-07-29T15:43:07.098+08:00,0xB25B,1,6,10,2138,2138,0,32,49,-56
2026-07-29T15:43:07.144+08:00,0xB25B,1,6,10,2139,2139,0,32,49,-56
2026-07-29T15:43:07.192+08:00,0xB25B,1,6,10,2140,2140,0,32,49,-58
2026-07-29T15:43:07.237+08:00,0xB25B,1,6,10,2141,2141,0,32,49,-60
2026-07-29T15:43:07.285+08:00,0xB25B,1,6,10,2142,2142,0,32,49,-61
2026-07-29T15:43:07.332+08:00,0xB25B,1,6,10,2143,2143,0,32,49,-61
2026-07-29T15:43:07.378+08:00,0xB25B,1,6,10,2144,2144,0,32,49,-61
2026-07-29T15:43:07.426+08:00,0xB25B,1,6,10,2145,2145,0,32,49,-59
2026-07-29T15:43:07.472+08:00,0xB25B,1,6,10,2146,2146,0,32,49,-59
2026-07-29T15:43:07.517+08:00,0xB25B,1,6,10,2147,2147,0,32,49,-58
2026-07-29T15:43:07.565+08:00,0xB25B,1,6,10,2148,2148,0,32,49,-57
2026-07-29T15:43:07.614+08:00,0xB25B,1,6,10,2149,2149,0,32,49,-57
2026-07-29T15:43:07.661+08:00,0xB25B,1,6,10,2150,2150,0,32,49,-59
2026-07-29T15:43:07.707+08:00,0xB25B,1,6,10,2151,2151,0,32,49,-60
2026-07-29T15:43:07.755+08:00,0xB25B,1,6,10,2152,2152,0,32,49,-61
2026-07-29T15:43:07.802+08:00,0xB25B,1,6,10,2153,2153,0,32,49,-58
2026-07-29T15:43:07.848+08:00,0xB25B,1,6,10,2154,2154,0,32,49,-57
2026-07-29T15:43:07.894+08:00,0xB25B,1,6,10,2155,2155,0,32,49,-58
2026-07-29T15:43:07.940+08:00,0xB25B,1,6,10,2156,2156,0,32,49,-59
2026-07-29T15:43:07.988+08:00,0xB25B,1,6,10,2157,2157,0,32,49,-59
2026-07-29T15:43:08.036+08:00,0xB25B,1,6,10,2158,2158,0,32,49,-61
2026-07-29T15:43:08.083+08:00,0xB25B,1,6,10,2159,2159,0,32,49,-60
2026-07-29T15:43:08.130+08:00,0xB25B,1,6,10,2160,2160,0,32,49,-60
2026-07-29T15:43:08.645+08:00,0xB25B,1,6,10,2161,2161,0,32,49,-60
2026-07-29T15:43:08.645+08:00,0xB25B,1,6,10,2162,2162,0,32,49,-60
2026-07-29T15:43:08.645+08:00,0xB25B,1,6,10,2163,2163,0,32,49,-61
2026-07-29T15:43:08.645+08:00,0xB25B,1,6,10,2164,2164,0,32,49,-61
2026-07-29T15:43:08.645+08:00,0xB25B,1,6,10,2165,2165,0,32,49,-61
2026-07-29T15:43:08.645+08:00,0xB25B,1,6,10,2166,2166,0,32,49,-60
2026-07-29T15:43:08.645+08:00,0xB25B,1,6,10,2167,2167,0,32,49,-60
2026-07-29T15:43:08.645+08:00,0xB25B,1,6,10,2168,2168,0,32,49,-60
2026-07-29T15:43:08.645+08:00,0xB25B,1,6,10,2169,2169,0,32,49,-61
2026-07-29T15:43:08.645+08:00,0xB25B,1,6,10,2170,2170,0,32,49,-60
2026-07-29T15:43:08.688+08:00,0xB25B,1,6,10,2171,2171,0,32,49,-60
2026-07-29T15:43:08.736+08:00,0xB25B,1,6,10,2172,2172,0,32,49,-60
2026-07-29T15:43:08.784+08:00,0xB25B,1,6,10,2173,2173,0,32,49,-59
2026-07-29T15:43:08.784+08:00,0xB25B,1,6,10,2174,2174,0,32,49,-59
2026-07-29T15:43:08.830+08:00,0xB25B,1,6,10,2175,2175,0,32,49,-60
2026-07-29T15:43:08.886+08:00,0xB25B,1,6,10,2176,2176,0,32,49,-60
2026-07-29T15:43:08.942+08:00,0xB25B,1,6,10,2177,2177,0,32,49,-60
2026-07-29T15:43:08.987+08:00,0xB25B,1,6,10,2178,2178,0,32,49,-61
2026-07-29T15:43:09.034+08:00,0xB25B,1,6,10,2179,2179,0,32,49,-60
2026-07-29T15:43:09.083+08:00,0xB25B,1,6,10,2180,2180,0,32,49,-59
2026-07-29T15:43:09.130+08:00,0xB25B,1,6,10,2181,2181,0,32,49,-60
2026-07-29T15:43:09.178+08:00,0xB25B,1,6,10,2182,2182,0,32,49,-59
2026-07-29T15:43:09.225+08:00,0xB25B,1,6,10,2183,2183,0,32,49,-59
2026-07-29T15:43:09.271+08:00,0xB25B,1,6,10,2184,2184,0,32,49,-59
2026-07-29T15:43:09.317+08:00,0xB25B,1,6,10,2185,2185,0,32,49,-59
2026-07-29T15:43:09.365+08:00,0xB25B,1,6,10,2186,2186,0,32,49,-59
2026-07-29T15:43:09.413+08:00,0xB25B,1,6,10,2187,2187,0,32,49,-59
2026-07-29T15:43:09.460+08:00,0xB25B,1,6,10,2188,2188,0,32,49,-59
2026-07-29T15:43:09.507+08:00,0xB25B,1,6,10,2189,2189,0,32,49,-59
2026-07-29T15:43:09.555+08:00,0xB25B,1,6,10,2190,2190,0,32,49,-59
2026-07-29T15:43:09.603+08:00,0xB25B,1,6,10,2191,2191,0,32,49,-61
2026-07-29T15:43:09.650+08:00,0xB25B,1,6,10,2192,2192,0,32,49,-61
2026-07-29T15:43:09.696+08:00,0xB25B,1,6,10,2193,2193,0,32,49,-59
2026-07-29T15:43:09.744+08:00,0xB25B,1,6,10,2194,2194,0,32,49,-60
2026-07-29T15:43:09.791+08:00,0xB25B,1,6,10,2195,2195,0,32,49,-60
2026-07-29T15:43:09.840+08:00,0xB25B,1,6,10,2196,2196,0,32,49,-60
2026-07-29T15:43:09.887+08:00,0xB25B,1,6,10,2197,2197,0,32,49,-61
2026-07-29T15:43:09.935+08:00,0xB25B,1,6,10,2198,2198,0,32,49,-61
2026-07-29T15:43:09.983+08:00,0xB25B,1,6,10,2199,2199,0,32,49,-61
2026-07-29T15:43:10.032+08:00,0xB25B,1,6,10,2200,2200,0,32,49,-62
2026-07-29T15:43:10.079+08:00,0xB25B,1,6,10,2201,2201,0,32,49,-61
2026-07-29T15:43:10.127+08:00,0xB25B,1,6,10,2202,2202,0,32,49,-61
2026-07-29T15:43:10.175+08:00,0xB25B,1,6,10,2203,2203,0,32,49,-60
2026-07-29T15:43:10.224+08:00,0xB25B,1,6,10,2204,2204,0,32,49,-60
2026-07-29T15:43:10.269+08:00,0xB25B,1,6,10,2205,2205,0,32,49,-60
2026-07-29T15:43:10.314+08:00,0xB25B,1,6,10,2206,2206,0,32,49,-61
2026-07-29T15:43:10.362+08:00,0xB25B,1,6,10,2207,2207,0,32,49,-60
2026-07-29T15:43:10.410+08:00,0xB25B,1,6,10,2208,2208,0,32,49,-60
2026-07-29T15:43:10.460+08:00,0xB25B,1,6,10,2209,2209,0,32,49,-60
2026-07-29T15:43:10.506+08:00,0xB25B,1,6,10,2210,2210,0,32,49,-60
2026-07-29T15:43:10.554+08:00,0xB25B,1,6,10,2211,2211,0,32,49,-60
2026-07-29T15:43:10.603+08:00,0xB25B,1,6,10,2212,2212,0,32,49,-60
2026-07-29T15:43:10.650+08:00,0xB25B,1,6,10,2213,2213,0,32,49,-60
2026-07-29T15:43:10.698+08:00,0xB25B,1,6,10,2214,2214,0,32,49,-61
2026-07-29T15:43:10.746+08:00,0xB25B,1,6,10,2215,2215,0,32,49,-61
2026-07-29T15:43:10.793+08:00,0xB25B,1,6,10,2216,2216,0,32,49,-61
2026-07-29T15:43:10.840+08:00,0xB25B,1,6,10,2217,2217,0,32,49,-61
2026-07-29T15:43:10.887+08:00,0xB25B,1,6,10,2218,2218,0,32,49,-61
2026-07-29T15:43:10.935+08:00,0xB25B,1,6,10,2219,2219,0,32,49,-61
2026-07-29T15:43:10.981+08:00,0xB25B,1,6,10,2220,2220,0,32,49,-61
2026-07-29T15:43:11.030+08:00,0xB25B,1,6,10,2221,2221,0,32,49,-61
2026-07-29T15:43:11.077+08:00,0xB25B,1,6,10,2222,2222,0,32,49,-61
2026-07-29T15:43:11.125+08:00,0xB25B,1,6,10,2223,2223,0,32,49,-61
2026-07-29T15:43:11.173+08:00,0xB25B,1,6,10,2224,2224,0,32,49,-60
2026-07-29T15:43:11.220+08:00,0xB25B,1,6,10,2225,2225,0,32,49,-60
2026-07-29T15:43:11.267+08:00,0xB25B,1,6,10,2226,2226,0,32,49,-60
2026-07-29T15:43:11.315+08:00,0xB25B,1,6,10,2227,2227,0,32,49,-60
2026-07-29T15:43:11.362+08:00,0xB25B,1,6,10,2228,2228,0,32,49,-61
2026-07-29T15:43:11.411+08:00,0xB25B,1,6,10,2229,2229,0,32,49,-60
2026-07-29T15:43:11.457+08:00,0xB25B,1,6,10,2230,2230,0,32,49,-60
2026-07-29T15:43:11.505+08:00,0xB25B,1,6,10,2231,2231,0,32,49,-60
2026-07-29T15:43:11.552+08:00,0xB25B,1,6,10,2232,2232,0,32,49,-60
2026-07-29T15:43:11.600+08:00,0xB25B,1,6,10,2233,2233,0,32,49,-60
2026-07-29T15:43:11.648+08:00,0xB25B,1,6,10,2234,2234,0,32,49,-60
2026-07-29T15:43:11.695+08:00,0xB25B,1,6,10,2235,2235,0,32,49,-60
2026-07-29T15:43:11.742+08:00,0xB25B,1,6,10,2236,2236,0,32,49,-60
2026-07-29T15:43:11.790+08:00,0xB25B,1,6,10,2237,2237,0,32,49,-60
2026-07-29T15:43:11.838+08:00,0xB25B,1,6,10,2238,2238,0,32,49,-60
2026-07-29T15:43:11.885+08:00,0xB25B,1,6,10,2239,2239,0,32,49,-60
2026-07-29T15:43:11.932+08:00,0xB25B,1,6,10,2240,2240,0,32,49,-60
2026-07-29T15:43:11.980+08:00,0xB25B,1,6,10,2241,2241,0,32,49,-60
2026-07-29T15:43:12.027+08:00,0xB25B,1,6,10,2242,2242,0,32,49,-60
2026-07-29T15:43:12.076+08:00,0xB25B,1,6,10,2243,2243,0,32,49,-60
2026-07-29T15:43:12.121+08:00,0xB25B,1,6,10,2244,2244,0,32,49,-59
2026-07-29T15:43:12.169+08:00,0xB25B,1,6,10,2245,2245,0,32,49,-59
2026-07-29T15:43:12.218+08:00,0xB25B,1,6,10,2246,2246,0,32,49,-59
2026-07-29T15:43:12.264+08:00,0xB25B,1,6,10,2247,2247,0,32,49,-59
2026-07-29T15:43:12.312+08:00,0xB25B,1,6,10,2248,2248,0,32,49,-59
2026-07-29T15:43:12.361+08:00,0xB25B,1,6,10,2249,2249,0,32,49,-59
2026-07-29T15:43:12.408+08:00,0xB25B,1,6,10,2250,2250,0,32,49,-60
2026-07-29T15:43:12.455+08:00,0xB25B,1,6,10,2251,2251,0,32,49,-59
2026-07-29T15:43:12.503+08:00,0xB25B,1,6,10,2252,2252,0,32,49,-59
2026-07-29T15:43:12.549+08:00,0xB25B,1,6,10,2253,2253,0,32,49,-60
2026-07-29T15:43:12.599+08:00,0xB25B,1,6,10,2254,2254,0,32,49,-60
2026-07-29T15:43:12.599+08:00,0xB25B,1,6,10,2255,2255,0,32,49,-59
2026-07-29T15:43:12.646+08:00,0xB25B,1,6,10,2256,2256,0,32,49,-59
2026-07-29T15:43:12.693+08:00,0xB25B,1,6,10,2257,2257,0,32,49,-59
2026-07-29T15:43:12.741+08:00,0xB25B,1,6,10,2258,2258,0,32,49,-59
2026-07-29T15:43:12.790+08:00,0xB25B,1,6,10,2259,2259,0,32,49,-59
2026-07-29T15:43:12.839+08:00,0xB25B,1,6,10,2260,2260,0,32,49,-60
2026-07-29T15:43:12.883+08:00,0xB25B,1,6,10,2261,2261,0,32,49,-59
2026-07-29T15:43:12.931+08:00,0xB25B,1,6,10,2262,2262,0,32,49,-60
2026-07-29T15:43:12.979+08:00,0xB25B,1,6,10,2263,2263,0,32,49,-60
2026-07-29T15:43:13.026+08:00,0xB25B,1,6,10,2264,2264,0,32,49,-60
2026-07-29T15:43:13.075+08:00,0xB25B,1,6,10,2265,2265,0,32,49,-61
2026-07-29T15:43:13.125+08:00,0xB25B,1,6,10,2266,2266,0,32,49,-60
2026-07-29T15:43:13.169+08:00,0xB25B,1,6,10,2267,2267,0,32,49,-60
2026-07-29T15:43:13.216+08:00,0xB25B,1,6,10,2268,2268,0,32,49,-60
2026-07-29T15:43:13.263+08:00,0xB25B,1,6,10,2269,2269,0,32,49,-59
2026-07-29T15:43:13.310+08:00,0xB25B,1,6,10,2270,2270,0,32,49,-60
2026-07-29T15:43:13.359+08:00,0xB25B,1,6,10,2271,2271,0,32,49,-60
2026-07-29T15:43:13.406+08:00,0xB25B,1,6,10,2272,2272,0,32,49,-60
2026-07-29T15:43:13.453+08:00,0xB25B,1,6,10,2273,2273,0,32,49,-60
2026-07-29T15:43:13.500+08:00,0xB25B,1,6,10,2274,2274,0,32,49,-60
2026-07-29T15:43:13.548+08:00,0xB25B,1,6,10,2275,2275,0,32,49,-60
2026-07-29T15:43:13.596+08:00,0xB25B,1,6,10,2276,2276,0,32,49,-60
2026-07-29T15:43:13.644+08:00,0xB25B,1,6,10,2277,2277,0,32,49,-60
2026-07-29T15:43:13.691+08:00,0xB25B,1,6,10,2278,2278,0,32,49,-60
2026-07-29T15:43:13.738+08:00,0xB25B,1,6,10,2279,2279,0,32,49,-60
2026-07-29T15:43:13.785+08:00,0xB25B,1,6,10,2280,2280,0,32,49,-60
2026-07-29T15:43:13.834+08:00,0xB25B,1,6,10,2281,2281,0,32,49,-60
2026-07-29T15:43:13.881+08:00,0xB25B,1,6,10,2282,2282,0,32,49,-60
2026-07-29T15:43:13.929+08:00,0xB25B,1,6,10,2283,2283,0,32,49,-60
2026-07-29T15:43:13.975+08:00,0xB25B,1,6,10,2284,2284,0,32,49,-60
2026-07-29T15:43:14.023+08:00,0xB25B,1,6,10,2285,2285,0,32,49,-60
2026-07-29T15:43:14.071+08:00,0xB25B,1,6,10,2286,2286,0,32,49,-60
2026-07-29T15:43:14.120+08:00,0xB25B,1,6,10,2287,2287,0,32,49,-60
2026-07-29T15:43:14.167+08:00,0xB25B,1,6,10,2288,2288,0,32,49,-60
2026-07-29T15:43:14.214+08:00,0xB25B,1,6,10,2289,2289,0,32,49,-61
2026-07-29T15:43:14.261+08:00,0xB25B,1,6,10,2290,2290,0,32,49,-60
2026-07-29T15:43:14.310+08:00,0xB25B,1,6,10,2291,2291,0,32,49,-60
2026-07-29T15:43:14.356+08:00,0xB25B,1,6,10,2292,2292,0,32,49,-60
2026-07-29T15:43:14.404+08:00,0xB25B,1,6,10,2293,2293,0,32,49,-60
2026-07-29T15:43:14.451+08:00,0xB25B,1,6,10,2294,2294,0,32,49,-60
2026-07-29T15:43:14.499+08:00,0xB25B,1,6,10,2295,2295,0,32,49,-60
2026-07-29T15:43:14.546+08:00,0xB25B,1,6,10,2296,2296,0,32,49,-60
2026-07-29T15:43:14.593+08:00,0xB25B,1,6,10,2297,2297,0,32,49,-60
2026-07-29T15:43:14.641+08:00,0xB25B,1,6,10,2298,2298,0,32,49,-60
2026-07-29T15:43:14.689+08:00,0xB25B,1,6,10,2299,2299,0,32,49,-60
2026-07-29T15:43:14.735+08:00,0xB25B,1,6,10,2300,2300,0,32,49,-60
2026-07-29T15:43:14.783+08:00,0xB25B,1,6,10,2301,2301,0,32,49,-60
2026-07-29T15:43:14.831+08:00,0xB25B,1,6,10,2302,2302,0,32,49,-61
2026-07-29T15:43:14.878+08:00,0xB25B,1,6,10,2303,2303,0,32,49,-60
2026-07-29T15:43:14.926+08:00,0xB25B,1,6,10,2304,2304,0,32,49,-59
2026-07-29T15:43:14.975+08:00,0xB25B,1,6,10,2305,2305,0,32,49,-59
2026-07-29T15:43:15.022+08:00,0xB25B,1,6,10,2306,2306,0,32,49,-60
2026-07-29T15:43:15.069+08:00,0xB25B,1,6,10,2307,2307,0,32,49,-60
2026-07-29T15:43:15.116+08:00,0xB25B,1,6,10,2308,2308,0,32,49,-59
2026-07-29T15:43:15.162+08:00,0xB25B,1,6,10,2309,2309,0,32,49,-62
2026-07-29T15:43:15.210+08:00,0xB25B,1,6,10,2310,2310,0,32,49,-62
2026-07-29T15:43:15.258+08:00,0xB25B,1,6,10,2311,2311,0,32,49,-62
2026-07-29T15:43:15.305+08:00,0xB25B,1,6,10,2312,2312,0,32,49,-62
2026-07-29T15:43:15.353+08:00,0xB25B,1,6,10,2313,2313,0,32,49,-61
2026-07-29T15:43:15.403+08:00,0xB25B,1,6,10,2314,2314,0,32,49,-61
2026-07-29T15:43:15.450+08:00,0xB25B,1,6,10,2315,2315,0,32,49,-62
2026-07-29T15:43:15.498+08:00,0xB25B,1,6,10,2316,2316,0,32,49,-61
2026-07-29T15:43:15.544+08:00,0xB25B,1,6,10,2317,2317,0,32,49,-61
2026-07-29T15:43:15.592+08:00,0xB25B,1,6,10,2318,2318,0,32,49,-61
2026-07-29T15:43:15.637+08:00,0xB25B,1,6,10,2319,2319,0,32,49,-61
2026-07-29T15:43:15.684+08:00,0xB25B,1,6,10,2320,2320,0,32,49,-61
2026-07-29T15:43:15.731+08:00,0xB25B,1,6,10,2321,2321,0,32,49,-61
2026-07-29T15:43:15.779+08:00,0xB25B,1,6,10,2322,2322,0,32,49,-61
2026-07-29T15:43:15.827+08:00,0xB25B,1,6,10,2323,2323,0,32,49,-61
2026-07-29T15:43:15.873+08:00,0xB25B,1,6,10,2324,2324,0,32,49,-61
2026-07-29T15:43:15.921+08:00,0xB25B,1,6,10,2325,2325,0,32,49,-61
2026-07-29T15:43:15.970+08:00,0xB25B,1,6,10,2326,2326,0,32,49,-62
2026-07-29T15:43:16.018+08:00,0xB25B,1,6,10,2327,2327,0,32,49,-61
2026-07-29T15:43:16.065+08:00,0xB25B,1,6,10,2328,2328,0,32,49,-61
2026-07-29T15:43:16.112+08:00,0xB25B,1,6,10,2329,2329,0,32,49,-61
2026-07-29T15:43:16.159+08:00,0xB25B,1,6,10,2330,2330,0,32,49,-61
2026-07-29T15:43:16.208+08:00,0xB25B,1,6,10,2331,2331,0,32,49,-61
2026-07-29T15:43:16.255+08:00,0xB25B,1,6,10,2332,2332,0,32,49,-61
2026-07-29T15:43:16.302+08:00,0xB25B,1,6,10,2333,2333,0,32,49,-62
2026-07-29T15:43:16.350+08:00,0xB25B,1,6,10,2334,2334,0,32,49,-62
2026-07-29T15:43:16.397+08:00,0xB25B,1,6,10,2335,2335,0,32,49,-62
2026-07-29T15:43:16.444+08:00,0xB25B,1,6,10,2336,2336,0,32,49,-62
2026-07-29T15:43:16.493+08:00,0xB25B,1,6,10,2337,2337,0,32,49,-61
2026-07-29T15:43:16.540+08:00,0xB25B,1,6,10,2338,2338,0,32,49,-61
2026-07-29T15:43:16.588+08:00,0xB25B,1,6,10,2339,2339,0,32,49,-63
2026-07-29T15:43:16.635+08:00,0xB25B,1,6,10,2340,2340,0,32,49,-61
2026-07-29T15:43:16.681+08:00,0xB25B,1,6,10,2341,2341,0,32,49,-61
2026-07-29T15:43:16.728+08:00,0xB25B,1,6,10,2342,2342,0,32,49,-61
2026-07-29T15:43:16.776+08:00,0xB25B,1,6,10,2343,2343,0,32,49,-61
2026-07-29T15:43:16.823+08:00,0xB25B,1,6,10,2344,2344,0,32,49,-61
2026-07-29T15:43:16.871+08:00,0xB25B,1,6,10,2345,2345,0,32,49,-61
2026-07-29T15:43:16.918+08:00,0xB25B,1,6,10,2346,2346,0,32,49,-61
2026-07-29T15:43:16.967+08:00,0xB25B,1,6,10,2347,2347,0,32,49,-61
2026-07-29T15:43:17.013+08:00,0xB25B,1,6,10,2348,2348,0,32,49,-61
2026-07-29T15:43:17.060+08:00,0xB25B,1,6,10,2349,2349,0,32,49,-61
2026-07-29T15:43:17.108+08:00,0xB25B,1,6,10,2350,2350,0,32,49,-61
2026-07-29T15:43:17.156+08:00,0xB25B,1,6,10,2351,2351,0,32,49,-60
2026-07-29T15:43:17.203+08:00,0xB25B,1,6,10,2352,2352,0,32,49,-61
2026-07-29T15:43:17.249+08:00,0xB25B,1,6,10,2353,2353,0,32,49,-60
2026-07-29T15:43:17.297+08:00,0xB25B,1,6,10,2354,2354,0,32,49,-60
2026-07-29T15:43:17.345+08:00,0xB25B,1,6,10,2355,2355,0,32,49,-61
2026-07-29T15:43:17.391+08:00,0xB25B,1,6,10,2356,2356,0,32,49,-61
2026-07-29T15:43:17.438+08:00,0xB25B,1,6,10,2357,2357,0,32,49,-61
2026-07-29T15:43:17.487+08:00,0xB25B,1,6,10,2358,2358,0,32,49,-61
2026-07-29T15:43:17.532+08:00,0xB25B,1,6,10,2359,2359,0,32,49,-62
2026-07-29T15:43:17.580+08:00,0xB25B,1,6,10,2360,2360,0,32,49,-62
2026-07-29T15:43:17.626+08:00,0xB25B,1,6,10,2361,2361,0,32,49,-62
2026-07-29T15:43:17.673+08:00,0xB25B,1,6,10,2362,2362,0,32,49,-62
2026-07-29T15:43:17.721+08:00,0xB25B,1,6,10,2363,2363,0,32,49,-62
2026-07-29T15:43:17.767+08:00,0xB25B,1,6,10,2364,2364,0,32,49,-60
2026-07-29T15:43:17.815+08:00,0xB25B,1,6,10,2365,2365,0,32,49,-59
2026-07-29T15:43:17.862+08:00,0xB25B,1,6,10,2366,2366,0,32,49,-59
2026-07-29T15:43:17.909+08:00,0xB25B,1,6,10,2367,2367,0,32,49,-60
2026-07-29T15:43:17.957+08:00,0xB25B,1,6,10,2368,2368,0,32,49,-59
2026-07-29T15:43:18.004+08:00,0xB25B,1,6,10,2369,2369,0,32,49,-61
2026-07-29T15:43:18.050+08:00,0xB25B,1,6,10,2370,2370,0,32,49,-61
2026-07-29T15:43:18.098+08:00,0xB25B,1,6,10,2371,2371,0,32,49,-60
2026-07-29T15:43:18.144+08:00,0xB25B,1,6,10,2372,2372,0,32,49,-60
2026-07-29T15:43:18.191+08:00,0xB25B,1,6,10,2373,2373,0,32,49,-60
2026-07-29T15:43:18.240+08:00,0xB25B,1,6,10,2374,2374,0,32,49,-60
2026-07-29T15:43:18.285+08:00,0xB25B,1,6,10,2375,2375,0,32,49,-60
2026-07-29T15:43:18.334+08:00,0xB25B,1,6,10,2376,2376,0,32,49,-61
2026-07-29T15:43:18.381+08:00,0xB25B,1,6,10,2377,2377,0,32,49,-60
2026-07-29T15:43:18.428+08:00,0xB25B,1,6,10,2378,2378,0,32,49,-60
2026-07-29T15:43:18.476+08:00,0xB25B,1,6,10,2379,2379,0,32,49,-60
2026-07-29T15:43:18.524+08:00,0xB25B,1,6,10,2380,2380,0,32,49,-60
2026-07-29T15:43:18.572+08:00,0xB25B,1,6,10,2381,2381,0,32,49,-61
2026-07-29T15:43:18.619+08:00,0xB25B,1,6,10,2382,2382,0,32,49,-60
2026-07-29T15:43:18.665+08:00,0xB25B,1,6,10,2383,2383,0,32,49,-60
2026-07-29T15:43:18.713+08:00,0xB25B,1,6,10,2384,2384,0,32,49,-60
2026-07-29T15:43:18.762+08:00,0xB25B,1,6,10,2385,2385,0,32,49,-60
2026-07-29T15:43:18.808+08:00,0xB25B,1,6,10,2386,2386,0,32,49,-60
2026-07-29T15:43:18.856+08:00,0xB25B,1,6,10,2387,2387,0,32,49,-61
2026-07-29T15:43:18.903+08:00,0xB25B,1,6,10,2388,2388,0,32,49,-61
2026-07-29T15:43:18.950+08:00,0xB25B,1,6,10,2389,2389,0,32,49,-62
2026-07-29T15:43:18.997+08:00,0xB25B,1,6,10,2390,2390,0,32,49,-61
2026-07-29T15:43:19.044+08:00,0xB25B,1,6,10,2391,2391,0,32,49,-61
2026-07-29T15:43:19.092+08:00,0xB25B,1,6,10,2392,2392,0,32,49,-60
2026-07-29T15:43:19.139+08:00,0xB25B,1,6,10,2393,2393,0,32,49,-60
2026-07-29T15:43:19.139+08:00,0xB25B,1,6,10,2394,2394,0,32,49,-60
2026-07-29T15:43:19.187+08:00,0xB25B,1,6,10,2395,2395,0,32,49,-60
2026-07-29T15:43:19.235+08:00,0xB25B,1,6,10,2396,2396,0,32,49,-60
2026-07-29T15:43:19.283+08:00,0xB25B,1,6,10,2397,2397,0,32,49,-60
2026-07-29T15:43:19.330+08:00,0xB25B,1,6,10,2398,2398,0,32,49,-60
2026-07-29T15:43:19.378+08:00,0xB25B,1,6,10,2399,2399,0,32,49,-60
2026-07-29T15:43:19.427+08:00,0xB25B,1,6,10,2400,2400,0,32,49,-60
2026-07-29T15:43:19.475+08:00,0xB25B,1,6,10,2401,2401,0,32,49,-60
2026-07-29T15:43:19.520+08:00,0xB25B,1,6,10,2402,2402,0,32,49,-61
2026-07-29T15:43:19.567+08:00,0xB25B,1,6,10,2403,2403,0,32,49,-60
2026-07-29T15:43:19.615+08:00,0xB25B,1,6,10,2404,2404,0,32,49,-60
2026-07-29T15:43:19.664+08:00,0xB25B,1,6,10,2405,2405,0,32,49,-60
2026-07-29T15:43:19.711+08:00,0xB25B,1,6,10,2406,2406,0,32,49,-60
2026-07-29T15:43:19.757+08:00,0xB25B,1,6,10,2407,2407,0,32,49,-60
2026-07-29T15:43:19.806+08:00,0xB25B,1,6,10,2408,2408,0,32,49,-61
2026-07-29T15:43:19.853+08:00,0xB25B,1,6,10,2409,2409,0,32,49,-61
2026-07-29T15:43:19.901+08:00,0xB25B,1,6,10,2410,2410,0,32,49,-60
2026-07-29T15:43:19.948+08:00,0xB25B,1,6,10,2411,2411,0,32,49,-61
2026-07-29T15:43:19.997+08:00,0xB25B,1,6,10,2412,2412,0,32,49,-61
2026-07-29T15:43:20.044+08:00,0xB25B,1,6,10,2413,2413,0,32,49,-61
2026-07-29T15:43:20.090+08:00,0xB25B,1,6,10,2414,2414,0,32,49,-61
2026-07-29T15:43:20.137+08:00,0xB25B,1,6,10,2415,2415,0,32,49,-61
2026-07-29T15:43:20.184+08:00,0xB25B,1,6,10,2416,2416,0,32,49,-61
2026-07-29T15:43:20.231+08:00,0xB25B,1,6,10,2417,2417,0,32,49,-61
2026-07-29T15:43:20.278+08:00,0xB25B,1,6,10,2418,2418,0,32,49,-61
2026-07-29T15:43:20.325+08:00,0xB25B,1,6,10,2419,2419,0,32,49,-61
2026-07-29T15:43:20.372+08:00,0xB25B,1,6,10,2420,2420,0,32,49,-61
2026-07-29T15:43:20.421+08:00,0xB25B,1,6,10,2421,2421,0,32,49,-61
2026-07-29T15:43:20.469+08:00,0xB25B,1,6,10,2422,2422,0,32,49,-61
2026-07-29T15:43:20.516+08:00,0xB25B,1,6,10,2423,2423,0,32,49,-61
2026-07-29T15:43:20.562+08:00,0xB25B,1,6,10,2424,2424,0,32,49,-61
2026-07-29T15:43:20.610+08:00,0xB25B,1,6,10,2425,2425,0,32,49,-61
2026-07-29T15:43:20.659+08:00,0xB25B,1,6,10,2426,2426,0,32,49,-61
2026-07-29T15:43:20.704+08:00,0xB25B,1,6,10,2427,2427,0,32,49,-61
2026-07-29T15:43:20.753+08:00,0xB25B,1,6,10,2428,2428,0,32,49,-61
2026-07-29T15:43:20.799+08:00,0xB25B,1,6,10,2429,2429,0,32,49,-60
2026-07-29T15:43:20.846+08:00,0xB25B,1,6,10,2430,2430,0,32,49,-60
2026-07-29T15:43:20.893+08:00,0xB25B,1,6,10,2431,2431,0,32,49,-60
2026-07-29T15:43:20.941+08:00,0xB25B,1,6,10,2432,2432,0,32,49,-60
2026-07-29T15:43:20.990+08:00,0xB25B,1,6,10,2433,2433,0,32,49,-60
2026-07-29T15:43:21.037+08:00,0xB25B,1,6,10,2434,2434,0,32,49,-60
2026-07-29T15:43:21.084+08:00,0xB25B,1,6,10,2435,2435,0,32,49,-60
2026-07-29T15:43:21.132+08:00,0xB25B,1,6,10,2436,2436,0,32,49,-60
2026-07-29T15:43:21.180+08:00,0xB25B,1,6,10,2437,2437,0,32,49,-60
2026-07-29T15:43:21.229+08:00,0xB25B,1,6,10,2438,2438,0,32,49,-60
2026-07-29T15:43:21.276+08:00,0xB25B,1,6,10,2439,2439,0,32,49,-61
2026-07-29T15:43:21.325+08:00,0xB25B,1,6,10,2440,2440,0,32,49,-61
2026-07-29T15:43:21.372+08:00,0xB25B,1,6,10,2441,2441,0,32,49,-61
2026-07-29T15:43:21.418+08:00,0xB25B,1,6,10,2442,2442,0,32,49,-61
2026-07-29T15:43:21.466+08:00,0xB25B,1,6,10,2443,2443,0,32,49,-61
2026-07-29T15:43:21.513+08:00,0xB25B,1,6,10,2444,2444,0,32,49,-61
2026-07-29T15:43:21.561+08:00,0xB25B,1,6,10,2445,2445,0,32,49,-61
2026-07-29T15:43:21.607+08:00,0xB25B,1,6,10,2446,2446,0,32,49,-61
2026-07-29T15:43:21.654+08:00,0xB25B,1,6,10,2447,2447,0,32,49,-61
2026-07-29T15:43:21.702+08:00,0xB25B,1,6,10,2448,2448,0,32,49,-61
2026-07-29T15:43:21.749+08:00,0xB25B,1,6,10,2449,2449,0,32,49,-61
2026-07-29T15:43:21.798+08:00,0xB25B,1,6,10,2450,2450,0,32,49,-61
2026-07-29T15:43:21.845+08:00,0xB25B,1,6,10,2451,2451,0,32,49,-61
2026-07-29T15:43:21.893+08:00,0xB25B,1,6,10,2452,2452,0,32,49,-60
2026-07-29T15:43:21.941+08:00,0xB25B,1,6,10,2453,2453,0,32,49,-60
2026-07-29T15:43:21.989+08:00,0xB25B,1,6,10,2454,2454,0,32,49,-60
2026-07-29T15:43:22.038+08:00,0xB25B,1,6,10,2455,2455,0,32,49,-60
2026-07-29T15:43:22.085+08:00,0xB25B,1,6,10,2456,2456,0,32,49,-60
2026-07-29T15:43:22.133+08:00,0xB25B,1,6,10,2457,2457,0,32,49,-60
2026-07-29T15:43:22.181+08:00,0xB25B,1,6,10,2458,2458,0,32,49,-60
2026-07-29T15:43:22.228+08:00,0xB25B,1,6,10,2459,2459,0,32,49,-61
2026-07-29T15:43:22.274+08:00,0xB25B,1,6,10,2460,2460,0,32,49,-61
2026-07-29T15:43:22.322+08:00,0xB25B,1,6,10,2461,2461,0,32,49,-61
2026-07-29T15:43:22.370+08:00,0xB25B,1,6,10,2462,2462,0,32,49,-61
2026-07-29T15:43:22.418+08:00,0xB25B,1,6,10,2463,2463,0,32,49,-61
2026-07-29T15:43:22.465+08:00,0xB25B,1,6,10,2464,2464,0,32,49,-60
2026-07-29T15:43:22.514+08:00,0xB25B,1,6,10,2465,2465,0,32,49,-60
2026-07-29T15:43:22.561+08:00,0xB25B,1,6,10,2466,2466,0,32,49,-60
2026-07-29T15:43:22.609+08:00,0xB25B,1,6,10,2467,2467,0,32,49,-60
2026-07-29T15:43:22.656+08:00,0xB25B,1,6,10,2468,2468,0,32,49,-61
2026-07-29T15:43:22.705+08:00,0xB25B,1,6,10,2469,2469,0,32,49,-61
2026-07-29T15:43:22.753+08:00,0xB25B,1,6,10,2470,2470,0,32,49,-61
2026-07-29T15:43:22.800+08:00,0xB25B,1,6,10,2471,2471,0,32,49,-61
2026-07-29T15:43:22.846+08:00,0xB25B,1,6,10,2472,2472,0,32,49,-61
2026-07-29T15:43:22.894+08:00,0xB25B,1,6,10,2473,2473,0,32,49,-61
2026-07-29T15:43:22.942+08:00,0xB25B,1,6,10,2474,2474,0,32,49,-61
2026-07-29T15:43:22.990+08:00,0xB25B,1,6,10,2475,2475,0,32,49,-61
2026-07-29T15:43:23.039+08:00,0xB25B,1,6,10,2476,2476,0,32,49,-61
2026-07-29T15:43:23.086+08:00,0xB25B,1,6,10,2477,2477,0,32,49,-61
2026-07-29T15:43:23.134+08:00,0xB25B,1,6,10,2478,2478,0,32,49,-61
2026-07-29T15:43:23.182+08:00,0xB25B,1,6,10,2479,2479,0,32,49,-61
2026-07-29T15:43:23.231+08:00,0xB25B,1,6,10,2480,2480,0,32,49,-61
2026-07-29T15:43:23.278+08:00,0xB25B,1,6,10,2481,2481,0,32,49,-61
2026-07-29T15:43:23.326+08:00,0xB25B,1,6,10,2482,2482,0,32,49,-61
2026-07-29T15:43:23.373+08:00,0xB25B,1,6,10,2483,2483,0,32,49,-61
2026-07-29T15:43:23.421+08:00,0xB25B,1,6,10,2484,2484,0,32,49,-60
2026-07-29T15:43:23.468+08:00,0xB25B,1,6,10,2485,2485,0,32,49,-60
2026-07-29T15:43:23.516+08:00,0xB25B,1,6,10,2486,2486,0,32,49,-60
2026-07-29T15:43:23.563+08:00,0xB25B,1,6,10,2487,2487,0,32,49,-61
2026-07-29T15:43:23.610+08:00,0xB25B,1,6,10,2488,2488,0,32,49,-60
2026-07-29T15:43:23.658+08:00,0xB25B,1,6,10,2489,2489,0,32,49,-61
2026-07-29T15:43:23.706+08:00,0xB25B,1,6,10,2490,2490,0,32,49,-60
2026-07-29T15:43:23.754+08:00,0xB25B,1,6,10,2491,2491,0,32,49,-60
2026-07-29T15:43:23.800+08:00,0xB25B,1,6,10,2492,2492,0,32,49,-60
2026-07-29T15:43:23.848+08:00,0xB25B,1,6,10,2493,2493,0,32,49,-60
2026-07-29T15:43:23.896+08:00,0xB25B,1,6,10,2494,2494,0,32,49,-60
2026-07-29T15:43:23.897+08:00,0xB25B,1,6,10,2495,2495,0,32,49,-60
2026-07-29T15:43:23.945+08:00,0xB25B,1,6,10,2496,2496,0,32,49,-60
2026-07-29T15:43:23.992+08:00,0xB25B,1,6,10,2497,2497,0,32,49,-60
2026-07-29T15:43:24.039+08:00,0xB25B,1,6,10,2498,2498,0,32,49,-60
2026-07-29T15:43:24.086+08:00,0xB25B,1,6,10,2499,2499,0,32,49,-60
2026-07-29T15:43:24.133+08:00,0xB25B,1,6,10,2500,2500,0,32,49,-61
2026-07-29T15:43:24.180+08:00,0xB25B,1,6,10,2501,2501,0,32,49,-60
2026-07-29T15:43:24.229+08:00,0xB25B,1,6,10,2502,2502,0,32,49,-61
2026-07-29T15:43:24.277+08:00,0xB25B,1,6,10,2503,2503,0,32,49,-61
2026-07-29T15:43:24.324+08:00,0xB25B,1,6,10,2504,2504,0,32,49,-61
2026-07-29T15:43:24.373+08:00,0xB25B,1,6,10,2505,2505,0,32,49,-60
2026-07-29T15:43:24.419+08:00,0xB25B,1,6,10,2506,2506,0,32,49,-61
2026-07-29T15:43:24.465+08:00,0xB25B,1,6,10,2507,2507,0,32,49,-61
2026-07-29T15:43:24.513+08:00,0xB25B,1,6,10,2508,2508,0,32,49,-61
2026-07-29T15:43:24.561+08:00,0xB25B,1,6,10,2509,2509,0,32,49,-61
2026-07-29T15:43:24.609+08:00,0xB25B,1,6,10,2510,2510,0,32,49,-61
2026-07-29T15:43:24.658+08:00,0xB25B,1,6,10,2511,2511,0,32,49,-61
2026-07-29T15:43:24.705+08:00,0xB25B,1,6,10,2512,2512,0,32,49,-61
2026-07-29T15:43:24.753+08:00,0xB25B,1,6,10,2513,2513,0,32,49,-62
2026-07-29T15:43:24.801+08:00,0xB25B,1,6,10,2514,2514,0,32,49,-61
2026-07-29T15:43:24.850+08:00,0xB25B,1,6,10,2515,2515,0,32,49,-62
2026-07-29T15:43:24.897+08:00,0xB25B,1,6,10,2516,2516,0,32,49,-61
2026-07-29T15:43:24.945+08:00,0xB25B,1,6,10,2517,2517,0,32,49,-61
2026-07-29T15:43:24.994+08:00,0xB25B,1,6,10,2518,2518,0,32,49,-61
2026-07-29T15:43:25.041+08:00,0xB25B,1,6,10,2519,2519,0,32,49,-61
2026-07-29T15:43:25.088+08:00,0xB25B,1,6,10,2520,2520,0,32,49,-60
2026-07-29T15:43:25.136+08:00,0xB25B,1,6,10,2521,2521,0,32,49,-60
2026-07-29T15:43:25.184+08:00,0xB25B,1,6,10,2522,2522,0,32,49,-61
2026-07-29T15:43:25.232+08:00,0xB25B,1,6,10,2523,2523,0,32,49,-61
2026-07-29T15:43:25.278+08:00,0xB25B,1,6,10,2524,2524,0,32,49,-61
2026-07-29T15:43:25.325+08:00,0xB25B,1,6,10,2525,2525,0,32,49,-60
2026-07-29T15:43:25.371+08:00,0xB25B,1,6,10,2526,2526,0,32,49,-61
2026-07-29T15:43:25.418+08:00,0xB25B,1,6,10,2527,2527,0,32,49,-61
2026-07-29T15:43:25.466+08:00,0xB25B,1,6,10,2528,2528,0,32,49,-61
2026-07-29T15:43:25.512+08:00,0xB25B,1,6,10,2529,2529,0,32,49,-61
2026-07-29T15:43:25.558+08:00,0xB25B,1,6,10,2530,2530,0,32,49,-61
2026-07-29T15:43:25.606+08:00,0xB25B,1,6,10,2531,2531,0,32,49,-61
2026-07-29T15:43:25.653+08:00,0xB25B,1,6,10,2532,2532,0,32,49,-60
2026-07-29T15:43:25.702+08:00,0xB25B,1,6,10,2533,2533,0,32,49,-60
2026-07-29T15:43:25.749+08:00,0xB25B,1,6,10,2534,2534,0,32,49,-60
2026-07-29T15:43:25.796+08:00,0xB25B,1,6,10,2535,2535,0,32,49,-60
2026-07-29T15:43:25.843+08:00,0xB25B,1,6,10,2536,2536,0,32,49,-60
2026-07-29T15:43:25.891+08:00,0xB25B,1,6,10,2537,2537,0,32,49,-60
2026-07-29T15:43:25.939+08:00,0xB25B,1,6,10,2538,2538,0,32,49,-60
2026-07-29T15:43:25.988+08:00,0xB25B,1,6,10,2539,2539,0,32,49,-61
2026-07-29T15:43:26.036+08:00,0xB25B,1,6,10,2540,2540,0,32,49,-60
2026-07-29T15:43:26.083+08:00,0xB25B,1,6,10,2541,2541,0,32,49,-60
2026-07-29T15:43:26.131+08:00,0xB25B,1,6,10,2542,2542,0,32,49,-60
2026-07-29T15:43:26.177+08:00,0xB25B,1,6,10,2543,2543,0,32,49,-60
2026-07-29T15:43:26.224+08:00,0xB25B,1,6,10,2544,2544,0,32,49,-61
2026-07-29T15:43:26.272+08:00,0xB25B,1,6,10,2545,2545,0,32,49,-60
2026-07-29T15:43:26.319+08:00,0xB25B,1,6,10,2546,2546,0,32,49,-60
2026-07-29T15:43:26.367+08:00,0xB25B,1,6,10,2547,2547,0,32,49,-60
2026-07-29T15:43:26.414+08:00,0xB25B,1,6,10,2548,2548,0,32,49,-60
2026-07-29T15:43:26.461+08:00,0xB25B,1,6,10,2549,2549,0,32,49,-60
2026-07-29T15:43:26.508+08:00,0xB25B,1,6,10,2550,2550,0,32,49,-61
2026-07-29T15:43:26.557+08:00,0xB25B,1,6,10,2551,2551,0,32,49,-60
2026-07-29T15:43:26.604+08:00,0xB25B,1,6,10,2552,2552,0,32,49,-60
2026-07-29T15:43:26.652+08:00,0xB25B,1,6,10,2553,2553,0,32,49,-61
2026-07-29T15:43:26.700+08:00,0xB25B,1,6,10,2554,2554,0,32,49,-61
2026-07-29T15:43:26.748+08:00,0xB25B,1,6,10,2555,2555,0,32,49,-60
2026-07-29T15:43:26.797+08:00,0xB25B,1,6,10,2556,2556,0,32,49,-60
2026-07-29T15:43:26.842+08:00,0xB25B,1,6,10,2557,2557,0,32,49,-60
2026-07-29T15:43:26.890+08:00,0xB25B,1,6,10,2558,2558,0,32,49,-60
2026-07-29T15:43:26.937+08:00,0xB25B,1,6,10,2559,2559,0,32,49,-60
2026-07-29T15:43:26.985+08:00,0xB25B,1,6,10,2560,2560,0,32,49,-61
2026-07-29T15:43:27.033+08:00,0xB25B,1,6,10,2561,2561,0,32,49,-61
2026-07-29T15:43:27.082+08:00,0xB25B,1,6,10,2562,2562,0,32,49,-60
2026-07-29T15:43:27.130+08:00,0xB25B,1,6,10,2563,2563,0,32,49,-61
2026-07-29T15:43:27.176+08:00,0xB25B,1,6,10,2564,2564,0,32,49,-60
2026-07-29T15:43:27.224+08:00,0xB25B,1,6,10,2565,2565,0,32,49,-60
2026-07-29T15:43:27.272+08:00,0xB25B,1,6,10,2566,2566,0,32,49,-60
2026-07-29T15:43:27.319+08:00,0xB25B,1,6,10,2567,2567,0,32,49,-59
2026-07-29T15:43:27.366+08:00,0xB25B,1,6,10,2568,2568,0,32,49,-61
2026-07-29T15:43:27.412+08:00,0xB25B,1,6,10,2569,2569,0,32,49,-59
2026-07-29T15:43:27.460+08:00,0xB25B,1,6,10,2570,2570,0,32,49,-59
2026-07-29T15:43:27.508+08:00,0xB25B,1,6,10,2571,2571,0,32,49,-59
2026-07-29T15:43:27.556+08:00,0xB25B,1,6,10,2572,2572,0,32,49,-59
2026-07-29T15:43:27.603+08:00,0xB25B,1,6,10,2573,2573,0,32,49,-59
2026-07-29T15:43:27.652+08:00,0xB25B,1,6,10,2574,2574,0,32,49,-59
2026-07-29T15:43:27.699+08:00,0xB25B,1,6,10,2575,2575,0,32,49,-59
2026-07-29T15:43:27.747+08:00,0xB25B,1,6,10,2576,2576,0,32,49,-60
2026-07-29T15:43:27.794+08:00,0xB25B,1,6,10,2577,2577,0,32,49,-59
2026-07-29T15:43:27.840+08:00,0xB25B,1,6,10,2578,2578,0,32,49,-59
2026-07-29T15:43:27.888+08:00,0xB25B,1,6,10,2579,2579,0,32,49,-59
2026-07-29T15:43:27.936+08:00,0xB25B,1,6,10,2580,2580,0,32,49,-59
2026-07-29T15:43:27.983+08:00,0xB25B,1,6,10,2581,2581,0,32,49,-59
2026-07-29T15:43:28.030+08:00,0xB25B,1,6,10,2582,2582,0,32,49,-60
2026-07-29T15:43:28.078+08:00,0xB25B,1,6,10,2583,2583,0,32,49,-59
2026-07-29T15:43:28.126+08:00,0xB25B,1,6,10,2584,2584,0,32,49,-59
2026-07-29T15:43:28.173+08:00,0xB25B,1,6,10,2585,2585,0,32,49,-59
2026-07-29T15:43:28.220+08:00,0xB25B,1,6,10,2586,2586,0,32,49,-59
2026-07-29T15:43:28.267+08:00,0xB25B,1,6,10,2587,2587,0,32,49,-61
2026-07-29T15:43:28.315+08:00,0xB25B,1,6,10,2588,2588,0,32,49,-62
2026-07-29T15:43:28.364+08:00,0xB25B,1,6,10,2589,2589,0,32,49,-62
2026-07-29T15:43:28.410+08:00,0xB25B,1,6,10,2590,2590,0,32,49,-61
2026-07-29T15:43:28.457+08:00,0xB25B,1,6,10,2591,2591,0,32,49,-59
2026-07-29T15:43:28.505+08:00,0xB25B,1,6,10,2592,2592,0,32,49,-58
2026-07-29T15:43:28.552+08:00,0xB25B,1,6,10,2593,2593,0,32,49,-58
2026-07-29T15:43:28.600+08:00,0xB25B,1,6,10,2594,2594,0,32,49,-58
2026-07-29T15:43:28.647+08:00,0xB25B,1,6,10,2595,2595,0,32,49,-58
2026-07-29T15:43:28.695+08:00,0xB25B,1,6,10,2596,2596,0,32,49,-59
2026-07-29T15:43:28.744+08:00,0xB25B,1,6,10,2597,2597,0,32,49,-59
2026-07-29T15:43:28.792+08:00,0xB25B,1,6,10,2598,2598,0,32,49,-60
2026-07-29T15:43:28.839+08:00,0xB25B,1,6,10,2599,2599,0,32,49,-60
2026-07-29T15:43:28.839+08:00,0xB25B,1,6,10,2600,2600,0,32,49,-61
2026-07-29T15:43:28.887+08:00,0xB25B,1,6,10,2601,2601,0,32,49,-60
2026-07-29T15:43:28.935+08:00,0xB25B,1,6,10,2602,2602,0,32,49,-60
2026-07-29T15:43:28.982+08:00,0xB25B,1,6,10,2603,2603,0,32,49,-60
2026-07-29T15:43:29.029+08:00,0xB25B,1,6,10,2604,2604,0,32,49,-60
2026-07-29T15:43:29.076+08:00,0xB25B,1,6,10,2605,2605,0,32,49,-60
2026-07-29T15:43:29.124+08:00,0xB25B,1,6,10,2606,2606,0,32,49,-60
2026-07-29T15:43:29.172+08:00,0xB25B,1,6,10,2607,2607,0,32,49,-60
2026-07-29T15:43:29.219+08:00,0xB25B,1,6,10,2608,2608,0,32,49,-60
2026-07-29T15:43:29.266+08:00,0xB25B,1,6,10,2609,2609,0,32,49,-59
2026-07-29T15:43:29.313+08:00,0xB25B,1,6,10,2610,2610,0,32,49,-59
2026-07-29T15:43:29.361+08:00,0xB25B,1,6,10,2611,2611,0,32,49,-59
2026-07-29T15:43:29.409+08:00,0xB25B,1,6,10,2612,2612,0,32,49,-59
2026-07-29T15:43:29.457+08:00,0xB25B,1,6,10,2613,2613,0,32,49,-59
2026-07-29T15:43:29.504+08:00,0xB25B,1,6,10,2614,2614,0,32,49,-58
2026-07-29T15:43:29.552+08:00,0xB25B,1,6,10,2615,2615,0,32,49,-58
2026-07-29T15:43:29.601+08:00,0xB25B,1,6,10,2616,2616,0,32,49,-58
2026-07-29T15:43:29.648+08:00,0xB25B,1,6,10,2617,2617,0,32,49,-59
2026-07-29T15:43:29.695+08:00,0xB25B,1,6,10,2618,2618,0,32,49,-59
2026-07-29T15:43:29.743+08:00,0xB25B,1,6,10,2619,2619,0,32,49,-59
2026-07-29T15:43:29.790+08:00,0xB25B,1,6,10,2620,2620,0,32,49,-60
2026-07-29T15:43:29.837+08:00,0xB25B,1,6,10,2621,2621,0,32,49,-60
2026-07-29T15:43:29.894+08:00,0xB25B,1,7,0,2622,2622,0,32,49,-59
