:020000040000FA
:06000000020AC002022BFF
:03002B000208C305
:0300430002079120
:0300530002016047
:03006B0002076B1E
:100083000201BF0100F0FF0700080000FFFF0000AE
:10009300050400000003000147726F757000FF0440
:1000A30000100020FD000206FFFF010800F3150009
:1000B300000008FC08FC060008000104010301001D
:1000C30003EB1901E9190100F315F1190001E80324
:1000D300A413000000000000000000000000000066
:1000E300000001080401030101035C890350890135
:1000F300040000CB16000000E8030000FFFF1C17FC
:100103000188130000E803000064006400B801A044
:10011300BB0D00A0BB0D00020202070401051E0275
:10012300051E020A0A0108080103B80B02803E01FA
:1001330002FEFFE8030A050001FFFF020A011401A2
:10014300E00200000005030101FF0F742500000019
:1001530000482400000000FF000000FF00C0E0741E
:10016300F1120442A2AFE433F509D2AF85A708AF79
:10017300A1EF5508FE74105E6006120D9875A1EF8D
:1001830074085E6008120D9E75A1F78024EFA2E04B
:1001930092F0E508A2E082F05017906198E0F890A1
:1001A30007ADE0C398A2D265D0335002E8F075A141
:1001B300FEE509A2E092AF7F020204A1C0E074F25F
:1001C300120442A2AFE433FED2AF9061A4E0F8750B
:1001D3009B00E59158540860087591F7120DEC8067
:1001E30023E59158541060087591EF120DF28014B5
:1001F300E591A2E092F0E8A2E082F05007E0C2E0CD
:10020300F0120F3C9061A3E0F8E5E9585404600E46
:10021300120F1275E9FB906193E0A2E640F2EEA2A1
:10022300E092AF7F010204A1C0E074F2120442A283
:10023300AFE433FED2AF9061A5E0F8E5BF585404B4
:10024300600675BFFB120F5480D4C3E498F8E49999
:10025300F912028E8026C3E49AFAE49BFBE920E7B5
:10026300E912028EE498F8E499F922C3E498F8E4D9
:1002730099F912028EE498F8E499F9C3E49AFAE43E
:100283009BFB22EB20E7CFE920E7E0B90010BB009E
:1002930008E88AF084F8AAF022E4FBC8FA22EB709B
:1002A300227B10C833C8C933C9335007C39AC3DB91
:1002B300F280069A50012ADBEAC833F4C8C933F442
:1002C300C9FA2275F008E4C833C8C933C933C99AD7
:1002D300C99B5004C92AC93BD5F0ECFBC833F4C809
:1002E300E4C9FA22080808EAC0E0EBC0E086F0E7B8
:1002F300A4FA180986F0E7A42AFA180986F0E7A4F5
:100303002AFA180986F0E7A42AFA1986F0E7A4FB6B
:10031300E5F02AFA190886F0E7A42BFBE5F03AFA90
:10032300190886F0E7A42BFBE5F03AFA18180986BA
:10033300F0E7A4C5F02BFBE43AFA1908E7C5F0C6C9
:10034300A426F6E5F03BFBE43AFA1886F0E7A4F6B8
:10035300E5F00826F6E43B08F6E43A08F6D0E0FBBD
:10036300D0E0FA22E4CFC0E0E4CEC0E0E4CDC0E0C8
:10037300E4CCC0E075F020E626F608E633F608E69E
:1003830033F608E633F6181818EC33FCED33FDEEBC
:1003930033FEEF33FFC3EC9709ED9709EE9709EFAF
:1003A30097191919400FFFEC97FC09ED97FD09EE1A
:1003B30097FE191906D5F0BFECF709EDF709EEF72B
:1003C30009EFF7191919D0E0FCD0E0FDD0E0FED019
:1003D300E0FF222518C582C0E0E51934FFC583C0BC
:1003E300E0E518C3958224F810AF08858319858248
:1003F300188008858319858218D2AFCEF0A3E52033
:10040300F0A37808E608F0A3DEFAEFF0A3E5812471
:10041300FAF8E608F0A3E608F0A3E608F0A3080854
:10042300E608F0A3E608F0A315811581D0E0FED01D
:10043300E0F8158115811581E8C0E0EEC0E022C027
:10044300D02518C582C0E0E51934FFC583C0E0E5B7
:1004530018C3958224F310AF088583198582188009
:1004630008858319858218D2AFC8F0A3E9F0A3EAFF
:10047300F0A3EBF0A37908E709F0A3D8FAECF0A313
:10048300EDF0A3EEF0A3EFF0A3D0E0F0A3D0E0F003
:10049300A3D0E0F0A3E520F0A3E5F0F0A3228519B3
:1004A30083851882E0C0E0A3E0F9A3E0FAA3E0FBB0
:1004B300A37808E0F608A3DFFAE0FCA3E0FDA3E0DD
:1004C300FEA3E0FFA3E0C0E0A3E0C0E0A3E0F5D01B
:1004D300A3E0F520A3E0A3F5F010AF088583198509
:1004E30082188008858319858218D2AFD082D08381
:1004F300D0E0F8D0E032120B3AB90003020538E439
:1005030090030178BA79178002F0A3D8FCD9FA7A5C
:10051300BA7B1990008678DB79018015E493A3AD4B
:1005230082AE838A828B83F0A3AA82AB838D828E71
:1005330083D8E9D9E775821D7583DD7404120854E5
:100543007582BA7583217400120854E47375F01030
:100553008E1A8F1B85821F85831E851882851983BA
:10056300E0CEA3E0CF851F82851E83EBC9EAC8EDE9
:10057300CBECCAC3E833C8E933C9EA33CAEB33CB9C
:10058300C3EA9EF51DEB9FF51CB35004AB1CAA1DDB
:10059300EC33CCED33CDD5F0DAAE1AAF1B22D083DA
:1005A300D082ECC0E0EDC0E0E493A3FCE493A3FDB0
:1005B300ED4C600D120679EC24FFFCED34FFFD8059
:1005C300EFE493A3FCE493A3FDED4C600D12071637
:1005D300EC24FFFCED34FFFD80EFD0E0FDD0E0FC28
:1005E300E493A3C0E0E493C0E022851983851882D5
:1005F300E0A3FEE0A3F5207808E0A3F608DFFAE025
:10060300A3FFE0A3C0E0E0A3C0E0E0A3C0E0E0A359
:10061300C0E0E0A3C0E010AF08858218858319808D
:1006230008858218858319D2AFD083D08202085AF5
:10063300D083D082E9C0E0E493A3C386F0C5F095EC
:10064300F0F908E493A386F0C5F095F0700BE493FA
:10065300A3C3994005E9048002A3E475F002A4252D
:1006630082F582E5F03583F583D0E0F9E493A3C006
:10067300E0E493C0E022C0E0C3E4939608740193DE
:100683009618400FE4936670080874019366187017
:10069300007019A3A3C3E49396087401939618A357
:1006A300A3400DD0E0D0E0D0E00205DDA3A3A3A3D7
:1006B300A3A3D0E0227404800474028000CCC0E0C1
:1006C300EDC0E0E518C39CCCAD1950011D10AF0679
:1006D3008C188D1980068C188D19D2AF1207D6D0BD
:1006E300E0FDD0E0FC2274028000CCC0E0EDC0E06D
:1006F300E518C39CCCAD1950011D10AF068C188DA5
:100703001980068C188D19D2AF1207B4D0E0FDD032
:10071300E0FC22C0E0C0F088F0E49366700808743F
:10072300019366187000A8F0A3A3700BD0F0D0E07B
:10073300D0E0D0E00205DDA3A3D0F0D0E022D08347
:10074300D082CCC0E0E493A360061208161470FABA
:10075300E493A360061209561470FAD0E0FCE49304
:10076300A3C0E0E493C0E022C0E074F2120442A20A
:10077300AFE433FED2AFE589A2E15003120C6075FA
:100783008900C2C5EEA2E092AF7F010204A1C0E0DE
:1007930074F2120442A2AFE433FED2AFC2C0E5D179
:1007A300A2E45003120D08EEA2E092AF7F0102040F
:1007B300A1CAC0E0E493A3C582CCC582C583CDC5DD
:1007C30083F0A3C582CCC582C583CDC583DAE5D0CA
:1007D300E0CA22CAC0E0E0A3C582CCC582C583CDEE
:1007E300C583F0A3C582CCC582C583CDC583DAE6B4
:1007F300D0E0CA22C008C3E096F50808A3E09642F9
:100803000808A3E096420808A3E09645087001D3C0
:10081300D00822C0E0E493A3D39C5010E493A3C375
:100823009C400AD0E0D0E0D0E002075EA3A3A3D0AF
:10083300E0227009080808226016181818C6C33386
:10084300C608C633C608C633C608C633C6D5E0EAEB
:1008530022C09FF59FE473D09F22D083D082C09F94
:10086300E493C0E0740193C0E0740293F59F220007
:10087300C0D0251810AF08F518500C05198008F5DD
:100883001850020519D2AFD0D0222518F58210AF27
:1008930008F518400C15198008F51840021519D2EF
:1008A300AF851983227404800A740380067402805E
:1008B300027401C0E0F40412088DD0E0120AFD2294
:1008C300C0E0C0D0E8C0E0A8A8D2AFC2C7E8A2E7A2
:1008D30092AFD0E0F8D0D0D0E032BB0102E722C023
:1008E30082C08389828A83BB0003E08002E493D0C1
:1008F30083D082226016080808C6C313C618C6131D
:10090300C618C613C618C613C6D5E0EA22C3E0C686
:1009130096F608A3E0C696F608A3E0C696F608A3E3
:10092300E0C696F6222518F8E43519F9222518FAB7
:10093300E43519FB222518FCE43519FD222518108E
:10094300AF08F518400C15198008F5184002151961
:10095300D2AF22C0E0E493A36C7009D0E0D0E0D022
:10096300E002075EA3A3D0E022E066701008A3E0D4
:1009730066700A08A3E066700408A3E06622E766CF
:1009830070100809E766700A0809E7667004080929
:10099300E76622C3E09608A3E09608A3E09608A3BF
:1009A300E096A2D265D03322C3E096F008A3E09686
:1009B300F008A3E096F008A3E096F022C3E697F6CA
:1009C3000809E697F60809E697F60809E697F62276
:1009D300C3E493960874019396087402939608747B
:1009E30003939622E647F60809E647F60809E64721
:1009F300F60809E647F622700422600D18C6C333D1
:100A0300C608C633C6D5E0F41822E026F008A3E0F2
:100A130036F008A3E036F008A3E036F022E026F62D
:100A230008A3E036F608A3E036F608A3E036F6227C
:100A3300E657F60809E657F60809E657F60809E601
:100A430057F622E627F60809E637F60809E637F6E9
:100A53000809E637F622E056F008A3E056F008A3AB
:100A6300E056F008A3E056F022E056F608A3E0565D
:100A7300F608A3E056F608A3E056F622E4C396F67A
:100A830008E496F608E496F608E496F622C6F4C659
:100A930008C6F4C608C6F4C608C6F4C622C3E79659
:100AA3000809E7960809E7960809E79622C3E0963E
:100AB30008A3E09608A3E09608A3E0962275D00069
:100AC30075813F751801751903000204F9600C085C
:100AD300C6C313C618C613C6D5E0F422E6F008A3AE
:100AE300E6F008A3E6F008A3E6F022E0F608A3E0A8
:100AF300F608A3E0F608A3E0F622CAC0E0E6F0A3F6
:100B030008DAFAD0E0FA22EAF0A3EBF0A3ECF0A3C0
:100B1300EDF022E0FAA3E0FBA3E0FCA3E0FD22E07A
:100B2300F8A3E0F9A3E0FAA3E0FB22E8F0A3E9F0DD
:100B3300A3EAF0A3EBF022E5C754F84401F5C77923
:100B430001222518F582E43519F58322C2AF75D643
:100B53009F0200002212085DB19E0412085D23A0CB
:100B63000412085D76A00412085DAAA00412085DB1
:100B730028E00312085DA4E00312085DD7E0031226
:100B8300085D05E10312085D29E30312085D45E3EF
:100B93000312085D8AE30312085D0FE40312085D84
:100BA3005BE40312085DEBE40312085DC4E5031282
:100BB300085D15E60312085D7AE60312085DEDE6AB
:100BC3000312085D31E70312085D89E70312085D2C
:100BD300ABE70312085D3BE80312085DCCE80312A0
:100BE300085D18E90312085D44E90312085D85E90D
:100BF3000312085D26EB0312085D08EC0312085D7F
:100C0300E4EC0312085D53F30412085D64F3041269
:100C1300085DF57F0012085D7EF20412085DBDF3E6
:100C23000412085D45EF0412085D55EF0412085DD8
:100C330070EF0412085DD8EF0412085DA0EC0412F3
:100C4300085D24ED0412085D8CED0412085D1FFF9E
:100C53000212085D3BFF0212085D92FF0212085D5B
:100C6300CAFF0212085D87E70412085D95E70412C4
:100C7300085DF5E70412085D2DE80412085D49E8F4
:100C83000412085DD6E80412085D947F0012085D23
:100C9300B97F0012085DCC7F0012085DD77F001278
:100CA300085D69CE0412085D77CE0412085DF0CEAC
:100CB3000412085DC5CF0412085D97D10412085DC4
:100CC300A7D70412085DC2D70412085DEFD7041238
:100CD300085D03D90412085DA3D90412085DC7D9BE
:100CE3000412085DC6FF0312085D6BBD0412085DA4
:100CF300D7BD0412085D8FBE0412085D7CBF0412C9
:100D0300085DF1C00412085D58C10412085DACC14E
:100D13000412085DB5C10412085DC5C10412085D63
:100D230038C20412085D4EC20412085D58C2041290
:100D3300085DE8F90212085D14FA0212085DABFCC3
:100D43000212085DEBFC0212085D27FD0212085D2A
:100D53003BFD0212085D54FD0212085D45FE0212BE
:100D6300085DF7FE0212085D0BFF0212085D25E61F
:100D73000412085D49E60412085D62E60412085D88
:100D8300A0E60412085DD0E60412085DFDE6041235
:100D9300085D63E70412085D66E70412085D70E707
:100DA3000412085D7DE70412085D76DA0412085D1B
:100DB30096DA0412085DD5DA0412085DF3DA041238
:100DC300085D0EDB0412085D74DB0412085D80DB32
:100DD3000412085DDDDB0412085DECDB0412085D20
:100DE30010DC0412085DD1DC0412085DDEDC0412A1
:100DF300085DEFDC0412085DF1F10412085D09F2ED
:100E03000412085D35F20412085D6CFB0312085DE1
:100E1300C8FC0312085DD6FC0312085DE9FC03124B
:100E2300085DFEFC0312085D13FD0312085D26FD39
:100E33000312085DA2FD0312085D07FE0312085D9D
:100E43009DFE0312085D76FF0312085D86FF031201
:100E5300085D95FF0312085DACEE0412085DD0EE49
:100E63000412085DF8EE0412085D20EF0412085D19
:100E7300B1DF0412085DD8DF0412085DF6DF041247
:100E8300085D65E00412085DDED40412085DF7D442
:100E93000412085D03D50412085D17D50412085D1A
:100EA30035D50412085D3FD50412085D49D50412F7
:100EB300085D5CD50412085DE2D50412085D57D6BF
:100EC3000412085D86D60412085DD4D60412085DA8
:100ED30023D70412085D3ED70412085D48D70412D5
:100EE300085D59D70412085D9CD70412085D56F1BA
:100EF3000412085D87AA0412085DB3AA0412085DF0
:100F0300D0AA0412085DE3AA0412085DFEAA041223
:100F1300085D58AB0412085D86AB0412085D96AFFA
:100F23000412085DF4B00412085D26B10412085DD2
:100F330089B10412085DF5B20412085D1DB30412F1
:100F4300085D32B30412085D42B30412085D82B334
:100F53000412085DC4B30412085DD4B30412085D1F
:100F630070EB0412085D8AEB0412085DB2EB041205
:100F7300085DCBEB0412085DEFEB0412085D0DEC8A
:100F83000412085D24EC0412085D52EC0412085D9F
:100F93006DEC0412085D38F20412085DE0CA041215
:100FA300085DF0CA0412085DF5CB0412085D27CC76
:100FB3000412085D57CC0412085D7ACC0412085D54
:100FC30091CC0412085DCBCC0412085D30CD041221
:100FD300085D72CD0412085DB9CD0412085DE6CD3B
:100FE3000412085D11CE0412085D44E40412085D86
:100FF30056E40412085D6AE50412085DF7E504127D
:10100300085DE8E80412085D1EE90412085D3AE988
:101013000412085D7CE90412085D8CE90412085D82
:1010230026EA0412085DF0A00412085DFAA0041277
:10103300085D34A10412085D9DA10412085DBCA1E2
:101043000412085D5EA20412085DE6A40412085DA2
:10105300EFA40412085D40A50412085D69A50412FB
:10106300085D76A50412085DE7A50412085D75A660
:101073000412085DC3A60412085DF9A60412085DF4
:101083005AA70412085D83A70412085DFAA7041285
:10109300085D56A80412085D93A80412085DCAA847
:1010A3000412085DDCA80412085DEEA80412085DB2
:1010B3000DA90412085D16A90412085DD1A9041232
:1010C300085D1DAA0412085D5BAA0412085D30EADC
:1010D3000412085D06E20412085D3CE20412085D96
:1010E30084E20412085DDDE30412085D6FBB0312A2
:1010F300085DA0BC0312085DDCBC0312085D96BE4C
:101103000312085DC0BE0312085D39C10312085DF6
:1011130079C10312085D0DC30312085DACC303124A
:10112300085D04C40312085D97C40312085DD1C4AB
:101133000312085D13C50312085D86C60312085D1A
:1011430006C80312085D43CA0312085D71CA03127D
:10115300085D9DCA0312085DA6CA0312085DFCCA96
:101163000312085D8CCB0312085DCACE0312085D1F
:101173004CCF0312085DA7F30412085DA1F104121A
:10118300085DDBC60412085DF1C60412085D95C74D
:101193000412085DD4C70412085DF1C70412085D88
:1011A30022C80412085D6FC80412085DA3C80412A4
:1011B300085DDEC80412085DD3CA0412085DA5EDFC
:1011C3000412085D04EE0412085D42EE0412085D89
:1011D30083EE0412085D00800212085D0C80021287
:1011E300085D6E800212085D78800212085D058139
:1011F3000212085D41810212085D00820212085D3D
:1012030060820212085DE1820212085D5B830212B2
:10121300085DD6830212085D8A850212085D8787FE
:101223000212085D92880212085D25890212085D88
:101233007E8A0212085D7F8B0212085DC48C021243
:10124300085D51910212085D3A920212085DC39241
:101253000212085DE8920212085D0D930212085D06
:10126300A8930212085DC6930212085DE49302126A
:10127300085D55940212085D74940212085DA194EE
:101283000212085DA2950212085D99960212085D8A
:101293001E980212085DC4980212085D0B9902128F
:1012A300085D7D990212085D0C9A0212085D719A1D
:1012B3000212085DCE9A0212085D6D9B0212085D50
:1012C300DA9B0212085D159C0212085D7E9C0212D5
:1012D300085DE19D0212085D699F0212085D1BA073
:1012E3000212085D30A00212085D81A00212085D9F
:1012F300EEA00212085D1EA10212085D85A1021272
:10130300085D3EA20212085D33A40212085DB9A66D
:101313000212085DD9A70212085DE8AB0212085D4C
:10132300BBAC0212085DD8AD0212085D81AF021298
:10133300085DBEED0312085D76EE0312085DEFEE65
:101343000312085DEBEF0312085DF5F00312085D6D
:101353007FF10312085DABF20312085DCCF20312B6
:10136300085DB3F30312085DD6F40312085D84F538
:101373000312085D00F90312085D04B40412085D4A
:10138300DEB40412085D1FB50412085DF7B504123C
:10139300085D02B70412085D07BB0412085D0CBCAC
:1013A3000412085D67BC0412085D75BC0412085D75
:1013B3001CBD0412085D41BD0412085DF6F204125F
:1013C300085DAAA50312085DD9A50312085D51A6FD
:1013D3000312085D60A70312085DBCA70312085D32
:1013E30033A90312085D4FA90312085DA1A90312D3
:1013F300085DDFA90312085DF2A90312085D4AAA7A
:101403000312085DD9AA0312085D48AB0312085DF5
:101413007FAB0312085DB7AB0312085DB3AD0312D4
:10142300085D92AE0312085DE0AF0312085D22B0BF
:101433000312085D05B10312085D91B10312085D43
:10144300CAB10312085DE9B10312085D34B2031295
:10145300085D54B20312085DEDB20312085D7CB35C
:101463000312085DD7B30312085D17B40312085DB6
:1014730094B60312085DAFB70312085DF5B7031204
:10148300085DEAB80312085D12B90312085D15B9C5
:101493000312085D1FB90312085D3BB90312085D0F
:1014A300C3B90312085DFCB90312085D28BA03121D
:1014B300085D4FBA0312085D73BA0312085D0EBBD1
:1014C3000312085D21BB0312085D50BB0312085DC4
:1014D30078F00412085D84F00412085DC2F004126F
:1014E300085DF27F0012085D10E50112085D33E527
:1014F3000112085D8DE60112085DD6E60112085D52
:1015030034E70112085D9AE70112085D9DE70112B5
:10151300085DEEE70112085D68E80112085DECE87A
:101523000112085DEFE80112085D77E90112085D19
:10153300BAE90112085D08EE0112085DB9EF011264
:10154300085DF8EF0112085D7CF30112085DAAF44F
:101553000112085D35F60112085DBBF60112085D44
:10156300B3F70112085D26FA0112085DA9CF031231
:10157300085D49D00312085DB5D00312085DD0D0D1
:101583000312085D5AD10312085DB3D10312085D3B
:10159300FED10312085D65D20312085DE6D3031280
:1015A300085DFED40312085D81D50312085D89D757
:1015B3000312085D2DD80312085DCCD80312085D11
:1015C300BAD90312085D98DB0312085D39DD0312F3
:1015D300085D757C0012085DD8DE0312085DB7DE76
:1015E3000212085D1ADF0212085D62DF0212085D53
:1015F300A0DF0212085DFBDF0212085D58E0021251
:10160300085D93E00212085D15E10212085D6FE1C7
:101613000212085DE3E20212085D6DE30212085D47
:10162300C0E30212085DDAE30212085D5E9D041254
:10163300085D4EE40212085DD4E60212085DF3E68B
:101643000212085DDEE70212085D18E90212085D66
:1016530097E90212085DCEE90212085D3DEA021223
:10166300085DFEEA0212085DD7EC0212085DD8EDB0
:101673000212085D49EF0212085D3FF10212085D94
:10168300BAF30212085D94F50212085D55F60212D0
:10169300085DCDF60212085DE4F60212085DDEF77E
:1016A3000212085DD6F80212085D45F90212085DC0
:1016B300ECD10412085D43D30412085D02D4041272
:1016C300085D6AD40412085D937C0012085DAE7C49
:1016D3000012085DF27C0012085D187D0012085D9F
:1016E3003F7D0012085D577D0012085DF97D0012F1
:1016F300085D0E7E0012085D307F0012085D397FA1
:101703000012085D427F0012085D4B7F0012085DE6
:101713006BC20412085D6DC60412085D72C6041222
:10172300085D74C60412085D3EDE0412085D27F3EB
:101733000412085DF7F00412085D07F10412085D56
:10174300A7FB0112085DE2EF0412085D0CF004121E
:10175300085DBFF20412085D7EF30412085DDFFF2B
:101763000112085D00800312085D33800312085DD7
:101773009A800312085D26810312085DCB81031250
:10178300085D13820312085D38820312085D5182DB
:101793000312085D77820312085D99820312085DC4
:1017A300D7820312085D26830312085D4F83031259
:1017B300085DAE830312085D87840312085D3D85CF
:1017C3000312085D9B850312085D62860312085DA0
:1017D300B9860312085D24870312085D628703122A
:1017E300085DB8870312085D30880312085D878897
:1017F3000312085D8A880312085D0B890312085DD2
:10180300AA890312085D268A0312085D488A031217
:10181300085DAB8B0312085DB88B0312085DBC8CAB
:101823000312085DC98C0312085DD28C0312085D94
:10183300CD8E0312085DE78F0312085D5B900312E0
:10184300085DC8900312085DF0900312085D829151
:101853000312085D65930312085D3C970312085D4C
:1018630050970312085D60970312085D6A9703128D
:10187300085D73970312085D7C970312085D8697D2
:101883000312085DB5970312085DE8970312085D1C
:10189300F3970312085D17980312085D3B98031230
:1018A300085D98980312085DDE980312085DFA98A4
:1018B3000312085D6D990312085DA4990312085D74
:1018C300E3990312085D309A0312085DB69A031276
:1018D300085D929C0312085D1C9D0312085D019E26
:1018E3000312085D76A00312085DC9A00312085D08
:1018F300F1A00312085D1BA20312085D48A20312A4
:10190300085D9AA20312085D4FA30312085DFFA3AB
:101913000312085D34A40312085DCAA40312085D10
:101923004EA50312085DEC890112085D1E8A01129F
:10193300085D4E8A0112085D228C0112085D038D39
:101943000112085D5B8D0112085D9E8E0112085D18
:10195300EA8E0112085D1E920112085D3495011290
:10196300085D7E960112085D14970112085D2097A9
:101973000112085D60970112085DEA980112085D83
:10198300DE990112085D089A0112085D6F9A01122F
:10199300085DC89A0112085D3F9B0112085D869D90
:1019A3000112085D1D9F0112085DF19F0112085D80
:1019B30030A10112085D75A30112085D46A601124C
:1019C300085D55A60112085DD9A60112085D80A71E
:1019D3000112085DC3A70112085D0CA80112085D7E
:1019E30060A80112085DC5A80112085D28A90112AB
:1019F300085D44A90112085D76A90112085DB5A925
:101A03000112085D9AAA0112085D49AB0112085D33
:101A1300CDAD0112085D0FAF0112085DEEAF0112EB
:101A2300085D6EB00112085D90B40112085DCEB47A
:101A33000112085D29B50112085D5CB50112085D4C
:101A4300D8B50112085DF4B50112085D8FB6011215
:101A5300085DDDB60112085DB0B70112085D75B807
:101A63000112085D13B90112085D1CBC0112085D67
:101A730030BD0112085DCDC00112085DD5C1011250
:101A8300085DD8C10112085D07C20112085D06C4D2
:101A93000112085DDFC40112085D26C50112085D4D
:101AA30073C60112085DADC60112085D5AC7011263
:101AB300085D8EC70112085D40C80112085D4FCA58
:101AC3000112085DBACA0112085D02CB0112085D5A
:101AD3009FCB0112085DCECC0112085D95CD01129A
:101AE300085D8BCF0112085D9FCF0112085DB3CF54
:101AF3000112085DE9CF0112085D19D00112085DDA
:101B0300A7D10112085D88D20112085DF8D2011233
:101B1300085DA8D30112085DD8D30112085DA2D4D1
:101B23000112085D5FD50112085D68D70112085DD7
:101B3300A7D70112085D14D80112085D59D9011203
:101B4300085D0CDA0112085D40DA0112085D58DA0B
:101B53000112085DFBDA0112085DE9DD0112085D7F
:101B6300B4DF0112085DD8DF0112085DF6DF011250
:101B7300085DCAE00112085DF2E40112085DB527B1
:101B83000012085DE7270012085DE62B0012085DCE
:101B9300322C0012085D782C0012085D202D0012F3
:101BA300085D8A2D0012085DD22D0012085D302FCA
:101BB3000012085D35300012085D27340012085DFD
:101BC300B8340012085DE0350012085D3D3600129E
:101BD300085D0C380012085D83380012085D8D38EB
:101BE3000012085D9A380012085DC5380012085DBE
:101BF300AC390012085D653A0012085DE83A00123C
:101C0300085D013B0012085D2A3B0012085D573B4B
:101C13000012085DB13D0012085D753E0012085DBB
:101C2300BA3E0012085D313F0012085DDF3F00122B
:101C3300085D11400012085D57400012085D934093
:101C43000012085DE4400012085D38410012085D8F
:101C5300C3410012085D0E420012085D7342001278
:101C6300085DEC420012085DAB440012085DBA4502
:101C73000012085DD9460012085D354A0012085D5E
:101C8300644D0012085D1D4E0012085D654E001282
:101C9300085D04500012085D18500012085D2250C0
:101CA3000012085D2C500012085D38500012085DC8
:101CB30057500012085D0D510012085D6651001265
:101CC300085D70510012085D7A510012085DEA51F7
:101CD3000012085D31520012085D36530012085D90
:101CE30085530012085D28540012085D0155001247
:101CF300085D21560012085D63570012085D5D58A8
:101D03000012085D75580012085DA9580012085D9D
:101D1300C7580012085D26590012085D4D5900127C
:101D2300085DE8590012085DA75A0012085D175BA9
:101D33000012085D8F5B0012085D995C0012085D5C
:101D4300665D0012085D605E0012085DA55E00120C
:101D5300085D005F0012085D675F0012085D955F14
:101D63000012085DB95F0012085DEE5F0012085DA6
:101D73001B600012085D61600012085D856000123F
:101D8300085DEE600012085DD6610012085D2162F5
:101D93000012085D4A620012085DE2620012085DEB
:101DA30065630012085D91630012085D866400128A
:101DB300085D00800412085D38800412085D5980B4
:101DC3000412085D9D800412085D01810412085D00
:101DD3000B810412085D1B810412085D52810412F9
:101DE300085D4A850412085D58870412085D458919
:101DF3000412085DDC890412085D7E8A0412085D02
:101E03009FB20212085D0FB30212085D6FB3021294
:101E1300085DBAB30212085DD5B30212085DFCB3C4
:101E23000212085D19B40212085D25B40212085D9E
:101E3300D0B50212085DE9B50212085D72B602124E
:101E4300085D85B60212085DA4B60212085D3FB7AD
:101E53000212085DAFB80212085D56BA0212085D9D
:101E6300E5BA0212085DE8BA0212085D58BB021215
:101E7300085D76BB0212085D1BBC0212085D57BCED
:101E83000212085D5ABC0212085D20BD0212085DF1
:101E930083BD0212085DBCBD0212085D31BE021291
:101EA300085D4FBE0212085D9DBE0212085D72BF3F
:101EB3000212085DC0BF0212085D08C00212085D6D
:101EC30095C00212085DCAC00212085DFFC002126B
:101ED300085D0DC10212085D6CC10212085DE4C108
:101EE3000212085D25C20212085D75C20212085D66
:101EF300A0C20212085DBAC20212085DD4C2021265
:101F0300085DAFC30212085DB9C30212085DF4C3D2
:101F13000212085D04C40212085D0DC40212085DBA
:101F230065C40212085D79C40212085DAFC50212CE
:101F3300085DC4C50212085D52C60212085DBAC626
:101F43000212085D6DC70212085D78C70212085DB0
:101F5300C5C80212085DE1C80212085D2DC902124C
:101F6300085D9CC90212085DD5C90212085DEFC95C
:101F73000212085D31CA0212085DF3CC0212085D39
:101F8300A9CD0212085D39CE0212085D81D002127A
:101F9300085D99D00212085D9CD00212085DA8D09A
:101FA3000212085DBCD00212085DC4D00212085DA3
:101FB300F7D00212085DEAD10212085D75D202124F
:101FC300085D08D30212085D81D30212085D45D46F
:101FD3000212085D67D40212085D00D50212085D83
:101FE3005DD50212085D60D50212085DDAD50212D2
:101FF300085D26D70212085D31D80212085DBCD8ED
:102003000212085DC1D90212085D81DA0212085D6D
:10201300B2DA0212085DD8DA0212085DE1DA0212BE
:10202300085D0FDB0212085DA7DB0212085D5CDCB2
:102033000212085DCDDC0212085D74DD0212085D38
:10204300FBDD0212085D3ADE0212085D7DDE02123C
:10205300085DFB9D0412085D087C0012085D397A57
:102063000012085DF7790012085D05790012085D1A
:10207300D9780012085D90780012085DCD770012C0
:10208300085D9F740012085D78720012085D487243
:102093000012085DEF710012085D82710012085D85
:1020A30041710012085D7A700012085D147000120D
:1020B300085DB36F0012085D536F0012085D2A6E4E
:1020C3000012085DBE6D0012085D3A6D0012085DD6
:1020D300356D0012085D296D0012085D6A690012F2
:1020E300085D44690012085DF99C0412085DE59CD3
:1020F3000412085D2E9C0412085D289B0412085DDF
:102103004C9A0412085DA7970412085DBC9604124A
:10211300085DE2680012085D9C680012085D836830
:102123000012085D6B960412085D78680012085D62
:1021330047680012085D63660012085DD6650012E9
:10214300085DF4E30212085D92650012085D7F7C6E
:102153000012085D6B650012085D20960412085D8D
:10216300CB950412085D9E950412085D6B950412CD
:10217300085D43950412085DE4940412085DC49459
:102183000412085D8F940412085D53910412085DD4
:10219300288F0412085D188D0412085D958C0412B3
:1021A300085D498C0412085D578B0412085DFD8B92
:1021B3000412085DCCDD0300000080FB0000228FC9
:1021C300000100741A87000100721A350004003CF4
:1021D3001A25000200401A26000200421A270002B4
:1021E30000441A280001004E1A290001004F1A84E6
:1021F300000400A61786000100C8192A0001005038
:102203001A2B000100511A2C000100551A2D000849
:1022130000B2172E000100561A2F000100571A3082
:10222300000100581A31000100591A32000100BAA6
:102233001733000100BB17340001005A1A3600019E
:1022430000BC17380001005B1A39000100541A83DF
:10225300000200701A63000100C8176400010052F5
:102263001A65000100531A6D000100C917710008B7
:1022730000AA17660001006F1A43000100601A44A8
:10228300000200611A45000100631A46000200645F
:102293001A47000800C01748000100661A4B0001E6
:1022A30000671A04000100731AA1000100771A37AE
:1022B300000100761A88000100751A3C000100BD78
:1022C300173D0001005C1A49000200681A6700010B
:1022D30000CA174D0002006A1A4E0001006C1A4F23
:1022E3000002006D1A3E0001005F1A51000100BE9A
:1022F30017520001005D1A530001005E1A540001D9
:1023030000BF170000000000000001363601010085
:102313000102010001030100010401060605020098
:1023230000070100340801000F090401010D010039
:10233300FF0E08000017020000190100FF1A010038
:10234300011B0100FE1C0100081D0200001F01000B
:102353000120010001210200002301000F240200DB
:10236300002601000127010008280200FF2A0100BE
:10237300072B0102402C0100002D0100012E01005A
:10238300012F0100FF30010B1D310800003A01004D
:10239300083B01000F3C0100013D0100FF3E04002A
:1023A3000042040000460400004A0400004E0400FA
:1023B3000052040000560400005A0400000000000C
:1023C300002001EA89000003002001E989000004DC
:1023D300004201EC87000005004201DB8700000694
:1023E300004201CA87000007003001EB890000109A
:1023F3000042038E160000110030039F16000012E6
:10240300001003191A0000FDFF2101E489030000F5
:10241300002103A0160300FDFF2141E4890700000A
:10242300003001E119070010003003F4150700FD27
:10243300FF2101E4890600FDFF2181E4890400FDF9
:10244300FF2181E4890103710301030103010301F6
:10245300030103220302030103100300030003002B
:1024630003000300030003000342030003240306E5
:10247300030003000304031203250323032503239B
:1024830003040304030003000300034403000300E5
:1024930003230300036503210035038103000305C0
:1024A3000300030003000300032503230303027156
:1024B3000230016002110270020102020202028074
:1024C30002100261023A0041006302730272026267
:1024D3000243020002130238000002000204021247
:1024E3000200020002000200020402040237003765
:1024F300003C0244020002390000020002650200AF
:1025030002350281020002050282028302000201F7
:1025130001710101010101110101013101010101F8
:10252300018001100161013B00140063017301721A
:1025330001620143010001130106013D013500045D
:102543000112010001000100010001040104013333
:102553000133013C014401320136000001000165F1
:1025630001000135008101000105018201830100A1
:10257300010300710030016000110070003102207E
:102583000350048000100061000000140063007316
:102593000072006200430000001300060000000008
:1025A300000400120000000000000000000400040A
:1025B30000370037003C0244000000000000000028
:1025C3000065000000350081000000050000008365
:1025D30000000036000100060000000F00000000AC
:1025E30000000000000000000003FFFF00000403E0
:1025F300FFFF0000FFFF0FF4010005C404032000E8
:102603000100000B000000000000000003010F00A8
:1026130000000000000000000000000000000000B7
:1026230000000000000000000000000000000000A7
:1026330000C6120213CC12F411D2120813D21214D0
:1026430013D812F411D21208130000000000000086
:1026530000000000000000000000000000DE12F493
:1026630011E4121A13EA12F4110000000000000032
:102673000000000000F0122C13F612F411F0122CDB
:1026830013F612F411E4121A13FC12F4110000965B
:10269300150100961502000C1502800615030012A1
:1026A300150400181504801E1505002415060030B6
:1026B30015310042153300481534004E15FFFF0055
:1026C3000007ECFDFDFDECDCDCCCBCACAC9C9C8CD5
:1026D3007C7C6C6C5C5C5C4C4C3C3C2C2C1C1C0370
:1026E300EAF5E5D5D5C5B5A5959585857575656572
:1026F30055554545353525251515050AF61B02C0E3
:102703001B05CC1B07C61B0CA81B0DB41BFF00002D
:1027130000160F00000B150B020002220F330000FE
:102723000E0F5A6967426565416C6C69616E63653A
:102733003039D0D1D2D3D4D5D6D7D8D9DADBDCDD72
:10274300DEDF303016181920231A1C1E3000034D0B
:102753004C4651181A2505020001191618161618A9
:10276300230300303017181921301B1D1F30003C84
:1027730040423A3F3F392F47300C0E020B040B0AFD
:102783000708000F020402010101010902E8030026
:102793000000BE040A01000E000300E803FF040961
:1027A3001103101E030A0C04040828020C05081563
:1027B3001E0474F71203D6E990189FF0901854E49E
:1027C300F0120FEA9018B7E4F0A3F09018A0F0A36A
:1027D300F0121D46120FF09017D8E4F0A3F0121672
:1027E300F802419374F01203D674D312094085188A
:1027F30082851983125DC75480606890189FE0F941
:102803001210688A088B09AE08AF09EE4F604C7C42
:102813000080010CEC75F003A4F8A9F074FE28F510
:1028230082742639F583E493F46029E493F88E8265
:102833008F83E06870DDEC75F003A4F874FF28F56E
:1028430082742639F583E493C0E0740193F583D051
:102853008212054EEEFAEFFB12105612635A648091
:10286300022BCC851882851983A3E05420602112A2
:102873001C5C8A088B09AE08AF09EE4F600A121B75
:10288300B4EEFAEFFB12105612635A6420022BCCFB
:10289300851882851983E0A2E05025901859E064D9
:1028A3000F70117900121B8AE96009901A3C120B10
:1028B30016121BA2851882851983E06401022BABD3
:1028C30054207003022BB07A207B0090189FE0F90C
:1028D3001211ACEA4B4C4D701A9018B3120B22E84C
:1028E300494A4B700E750801750900750A00750B8E
:1028F30000806A750C00750D00750E00750F0012CF
:1029030011B88A088B098C0A8D0B9018B3120B220D
:10291300E8494A4B60319018B378081207F7400E24
:10292300750CFF750DFF750EFF750F7F80198508F8
:102933000C85090D8C0E8D0F9018B3780C120910AD
:102943007401780C1208F7850C08850D09850E0AA9
:10295300850F0BE508122DCB7003022AEB7C00795F
:10296300047A007B00121C328A0C8B0DAE0CAF0D67
:10297300022A2C7402120B4574FFF07403120B45E8
:1029830074FFF07404120B4574FF1260E7740712AE
:10299300093812584412591C121C7AE96401706BED
:1029A3001249BD4480F8A3E0F97428120B45E8F0FE
:1029B300A3E9126016E0C0E0742A120B45D0E012BE
:1029C30042CF540860167428120B45A3E044011249
:1029D3002BDFC0E0742C120B45D0E0F0125C756065
:1029E30012124172125D2DE0F87416120B45E8F0D5
:1029F300A3E4F09089C41206B87406120938740B64
:102A030012093012185474041208728E828F83A331
:102A1300A3A3A3A3A3A3A3A37406122BDFF9121CDE
:102A2300147405120B45125D41EE4F7003022AEB3D
:102A33007C007904EEFAEFFB121C327405120B458D
:102A4300EAF0A3EB124FEBE0F50CA3E0F50DE4F590
:102A53000EF50F7808790C120AA04023EE2404F82F
:102A6300E43FF985080C85090D88828983C3E095C5
:102A73000CF0A3E0950D126463E84970A4800C8EFA
:102A8300828F83A3A3A3A3E4F0A3F08E828F83A3F7
:102A9300A3A3A3A3A3A3A3A3A3E064018E828F8311
:102AA300A3A3A3A3A3A37023E05404600302297682
:102AB3008E828F83A3A3A3A3A3A3A3A3A37406F0CC
:102AC3007AB7122D0E121B9C022A24A3A3A3A3E000
:102AD30060030229768E828F83A3A3A3A3A3A3A358
:102AE300A3A37401F0022A24121C027C0079017A48
:102AF300007B00121C328B0DEA450D600C7A207BA3
:102B03000090189FE0F91210927C0079047A007B00
:102B130000121C32EA4B7013804D8A828B83A3A36D
:102B2300A3A3125E15EE98EF99400B8A828B83A3C1
:102B3300A3A3A3125D417C007904121C328B0BA961
:102B43000BEA4970D5C3E5089EE5099F500DC3EE16
:102B53009508FEEF9509FFEE4F70167A207B0090E3
:102B6300189FE0F91210929018B3122BD8A3F0809B
:102B73002EEE2EFEEF33FF8E088F09E4F50AF50BD8
:102B830078081208A87A207B0090189FE0F91211A8
:102B93009A74041208721211B89018B3120B0A85B2
:102BA3001882851983E06420FAA3E0801CA3E05413
:102BB3000460191254E41221187901901852125921
:102BC3001C12186612635A6404FB80047A007B00AB
:102BD300742D025C4AE4F0A3F0A3F0221242D4A3C2
:102BE300A3E022C082C08374EA1209407C167D00F0
:102BF3007900AA18AB191210387408120B45740225
:102C0300F0901848125744122C267409120B4512DF
:102C1300575D7413120B45E41254221216EC74160A
:102C2300024598E8F0A3E9F0901852125C932274DD
:102C3300F71203D674DA120940EAFEEBFFEE4F6097
:102C43002DAC18AD19121C7A7406120B45E0601EE8
:102C53007417120B45E0FD7401120B45E0FCEEFA0C
:102C6300EFFB7900121B60E9600479A4800279000C
:102C7300742602419074F71203D6EAFEEBFF8E82AC
:102C83008F83A3A3A3A3A3A3E054406017125C57AD
:102C930012591C121D10E960067AFF7BFF80151282
:102CA3005C57800390184812591C74FE6A700374B1
:102CB300FF6B6047125C57125DC7121D10E98E82CD
:102CC3008F83600E1263F21245A538F583E4F0A3F7
:102CD3008003126417F07C907D1B8E828F831259C0
:102CE3001C1216F2E9F5087015EE4F60097901EE32
:102CF300FAEFFB121C0EA9080241937508CDAA082E
:102D0300122D0E121B9CE960E080EB8E828F8312E2
:102D130063F6240CF582E438F583E0F92274F612A5
:102D230003D6E9FEEAFF7A0F7B00121050EA4B60EC
:102D33001F8A828B83740CF0EEA3A3F0EF8A828B3D
:102D430083123F2890189FE0F912105C79008034B9
:102D5300EEF9121C388A088B09A808A909E849600A
:102D63002188828983A3A3A3A3A3A3A3A3A37406F4
:102D7300125E28A3A3A3A3A3E0F91218F6EEF91297
:102D83001C1479100251E574F41203D68A088B09D6
:102D93008C0A8D0B901859E0640F7028122DCA60AD
:102DA30023901854E064086005E064047016780802
:102DB3001208A87A017B0090189FE0F912119A7407
:102DC30004120872023030EA4509450A450B2274A1
:102DD300F41203D674FC120940EAFEEBFF8E828FD5
:102DE30083A3A3E0F9121C388A088B09EA4509700A
:102DF30003022F118E828F83A3A882A983E0C0E0F0
:102E0300EA1253D4D0E0123D9364F160288E828F8E
:102E130083A3E064CD601E8E828F83A3E0641A6077
:102E2300148E828F83A3E064E9600A8E828F83A36A
:102E3300E064E170307900121C0EE96028E5082493
:102E430004F50AE43509F50B850882850983122FF9
:102E530022123D7912591C120FFC850A82850B83BD
:102E6300125DC780788E828F83A3E0C0E074021264
:102E73000B45D0E01245AB126451EE240B1244977C
:102E8300C0E07403120B45D0E0F0E5081260D912DC
:102E9300349CE0AA18AB19700512184E8003121C5B
:102EA300F87402120B45E064E970328508828509E3
:102EB30083123635750A01780A1208B4750AE9785F
:102EC3000A1208B4123D5D1241A0A3A3A3A3A31247
:102ED300419812591C121CB07402120872850882A0
:102EE300850983A3A3A3A3A3A3A3A3A3E06402705D
:102EF30012850882850983A3A3A3A3A3A3A3A3A3E2
:102F03007406F08E828F83A3A3E0F9121C14121CA3
:102F130002901A42123400121BA2740402302DA331
:102F2300A3A3A3A3A31258318E828F832274F41216
:102F330003D6EAFEEBFF7508008E828F83A3A3A35B
:102F4300A3A3E0603B75080812590F79FF1219CE4D
:102F53008B0BEA450B601075082C8E828F83A3A31D
:102F6300A3A3A3E0D2E0F08E828F83A3A3A3A3A3A2
:102F7300E054036401600302302743081102302741
:102F8300EE24181244976036EE241A124497600315
:102F9300F47012125DCD7003A3E069600302302761
:102FA300750822807FEE241B125827EE241A124440
:102FB30097FAEE2419124497F91218E4806612590D
:102FC3000F121D10E964027003750801125DCD70C4
:102FD30003A3E0697006E508D2E1F508E50860158A
:102FE3008E828F83A3A3E07006E508D2E58004E513
:102FF30008D2E6F50812590F121D10E96401700694
:10300300E508D2E0F5088E828F83A3A3E06015EE76
:10301300241D124CD7F9121CFEE964016006E50871
:10302300C2E0F508A908800574091208727F04023A
:1030330005ED74F01203D674D7120940EAFEEBFFD4
:103043008E828F83A3A3A3A3E06011901A40125C26
:103053007E6009901A40123400121BA274031209F5
:10306300388E828F83A3A3A31255F612591A121C0A
:103073007AE970030231CB78017405120B45E0C382
:103083009402400278007407120B45E0C394024097
:10309300027800740C120B45E064F87003A3E0F4AB
:1030A30070030231CB740C120B45E064F97003A377
:1030B300E0F470030231CB740C120B45E064FA7038
:1030C30003A3E0F470030231CB740C120B45E064EC
:1030D300FB7003A3E0F470030231CB7406120B45BB
:1030E300E0F9901842E06960030231CBE8A2E040C6
:1030F300030231CB7427120B45E060030231CBEEA0
:103103002413125C897422120B45125600241C12DC
:103113005C897410120B4512575D7409120B45E05C
:10312300601D741A120B45E0FD7404120B45E0FC9C
:103133008E828F8312591A7901121B60E9703D74D4
:1031430003120930121BAEE9F50C7409120B45E0AA
:10315300702E90183CE060287422550C6422602085
:103163007442550C644270147420120B4512340CD3
:10317300600E7420120B451233F960047ACF804A33
:10318300E9A2E6504D7420120B45124CDD24FD607C
:103193000F14600C24FD600824FD600424FE7028D5
:1031A3007420120B451233F2700E7420120B451269
:1031B3005331A3E0640D601A7403120930121D2801
:1031C300E96401700D0233ED7AD37B001214E2023D
:1031D30033EDEE242DF582E43FF58312362C700394
:1031E300A3E069702275080078081208B478081201
:1031F30008B4EE242F124497F912341212591C12F8
:103203001CB074021208727409120B45E0700302B9
:1032130032AF12341212591C121D768A0E8B0FEA2A
:10322300450F70030233467404120B45E0F88E8297
:103233008F83A3A3E028F8A3E03400F9E81245A59F
:1032430039F583E0F88A828B83A3A3A3E068600E39
:10325300E88A828B83A3A3A3123F21122BD979047B
:10326300E9120B451249DEA3E02AF8A3E0340088F3
:1032730082F583A3AA82AB8312103E8A088B098C42
:103283000A8D0B850E82850F83A3A3A3A37808124F
:1032930007F740030233ED9089A47808120A2085CA
:1032A3000E82850F8312644DA31246D1901854E009
:1032B30064046008E0640960030233EDE50CA2E5F1
:1032C3004003023380EE242F1249AEF0EE24301275
:1032D3004497C0E07401120B45D0E0F0EE243112A4
:1032E3004497C0E07402120B45D0E0F07414120B43
:1032F30045E06401702C740E120B45123D8A2413B1
:10330300124497687003A3E0697017740C120B459D
:1033130012591C121D10E9640270077414120B4534
:10332300E4F0EE2425F582E43FF5831206B8740435
:1033330012093874071209301218547404120872EF
:103343000233ED901899E0640160030232AF7420F8
:10335300120B4512340C7009E50CA2E6500302323D
:10336300AF7410120B45E0F47003A3E0F4607BEE3E
:10337300FCEFFD7403120930121BBA806DA2E650F4
:10338300697420120B4512583E7016741A120B45BD
:10339300E06402705574031209307900121CF28044
:1033A300497420120B451233F97014741A120B4529
:1033B300E0640470357403120930121CE6802B7428
:1033C30020120B451233F2700C790074031209308A
:1033D300121D3480157420120B45125331E0640C16
:1033E30070087403120930121D407429025C4A12DA
:1033F3005C61E0640322125C61E0640722E0F5088B
:10340300A3E0AA08FBE4FCFD22124CE1640622EED1
:10341300242BF582E43F12342012449022F58312C8
:103423005831EE2274F41203D6EAFEEBFF8C088DBA
:10343300099017BAE0600F125DCD7003A3E06970C5
:10344300051218D28049790012590F1219028A8283
:103453008B83E5824583602FA3A3A3A3A3A3E05497
:10346300186024E508241C1234991206BC12349502
:103473001206BCEE2418124497F91234A11219143F
:103483007404120872800879001234A11218D80249
:103493003030E5082413F582E43509F583228E8262
:1034A3008F83A3A3A3A3A3A3A3A3A312342212577B
:1034B3003B1259202274F71203D674F7120940EA1B
:1034C300FEEBFF901854E06403600DE064016008B4
:1034D300E0640960030235D38E828F83A3E0600327
:1034E3000235967C007D007A027B00120FF61235BE
:1034F300D88A828B83125C8F90184512575D79535B
:103503001216DA901854E06409600990185212599F
:103513001C121D7085188285198374011254227937
:10352300421216DA9018547404F0740112093079B7
:103533004A1216D474011209387A4A7B181211D030
:103543009016CEE0640B70057406F0800B79009042
:10355300185212591C12186690184512582D7A03E6
:103563007B00120FF690184812582D7A047B001234
:103573000FF690183FE0A2E35004D2F08002C2F0AD
:1035830012541879521216DA901A3C120B16121BA7
:10359300A2803AFC7D007A037B10120FF69016CEC0
:1035A300E0640B7003740AF09017BEE4F0FA7B40FA
:1035B30090189FE0F91211A68E828F83A3E0F990F1
:1035C300185212591C121866901854E4F0121BE496
:1035D3007409024190EE2402FAE43FFB22C082C048
:1035E300839017D8125C7E7017901854E024FB6008
:1035F30005146007800A9017DE80209017E0801B77
:10360300E84960089017D9123804700C8A828B83BA
:10361300A3E0F912185A800E9018CE125C7E600651
:1036230012533212054E024E5E125C93901852E012
:103633006822125C93E8FAE9FB2274F51203D6744C
:10364300D81209408A088B098A828B83A3A3A3A378
:10365300A3A3A3A3E0C3940F50030237FF8A828B73
:1036630083A3A3A3125D4174151209388A828B8345
:10367300A3A3A3A3A3A3A3A3E0F98A828B831259D1
:1036830013121BF07415120B45E0702E850882850A
:103693000983A3A3A3A3A3A3A3A3E0C3940B401AE7
:1036A3008E828F83A3A3A3A3A3A3A3A3E064027027
:1036B30009EE240B124497F460030237FF741712C8
:1036C3000B45E06007640260030237FF901854E083
:1036D3006402601AE0640660159017D8125C7E706D
:1036E300030237FF12380460030237FF803290175A
:1036F300D8125C7E702A75080078081208B478081E
:103703001208B4EE2410F582E43FF5831255F7A3B3
:10371300A3A3122F2212591C121CB0740212087296
:103723008E828F83125744E8F0A3E9123D9C125C0A
:103733008F7402120B451256001249BEC0E0740486
:10374300120B45D0E0F0EE240B125E1A740F7808CA
:10375300120AD07405120B45E508F07419120B45D3
:10376300E0C0E07406120B45D0E0F0741B120B4569
:10377300E0C0E07407120B45D0E0F07416120B455D
:10378300E0C0E07409120B45D0E0F07417120B454A
:10379300E0C0E07408120B45D0E0F0EE24101244B0
:1037A30097C0E0740A120B45D0E0F0741A120B456F
:1037B300E0C0E0740B120B45D0E0F07427120B4508
:1037C300E0C0E0740C120B45D0E0F0741C120B4502
:1037D300A982AA8389088A09750A0078081208ACA5
:1037E3007C087D007410120B45AA82AB8312102C47
:1037F3007403120872AA18AB1912186074280242D3
:10380300E4E0C812581D64012274F21203D674F85E
:103813001209408A0A8B0B8C0C8D0D890890893A0A
:10382300AC18AD1974081207D6C200AC0AAD0BAAC6
:1038330018AB191211CAE97002D2009018A08014B3
:10384300AC0AAD0BEE240BFAE43FFB1211CAE9708C
:103853001B12447D1240DC601EA20040E38E828F67
:1038630083E0650C7004A3E0650D70E58E828F83A1
:10387300A3A3E0650870DAEEFAEFFB7408023DA932
:10388300C082C0839018A0024E5BC082C083901890
:10389300A0E4F0A3023AFD74F71203D69018A01225
:1038A3006360800FEA2414F582E4125D3E1210E691
:1038B300EEFAEFFBEA4B70EC9018A0E4F0A3F002F1
:1038C300419374F21203D68A0C8B0DECFEEDFF8943
:1038D3000B8A828B831253DFF0A3A882A9838A8287
:1038E3008B8312398E123F1CA3E0C454F0FA8882F2
:1038F3008983E04A124A02850C828B83A3A312397F
:103903008E1239A1E0333354FC123995E03333334B
:1039130054F8123995A3E0A2E0E4331313FA888232
:103923008983E04AF0EE2403FE50010FE50C2407DF
:10393300F508E4350DF509750A0078081208AC7C22
:10394300087D00EEFAEFFB12102C7403120872EEDE
:103953002408FE50010FE50C240FF508E4350DF59E
:103963000978081208AC7C037D00EEFAEFFB121015
:103973002C7403120872E50BC3940F400BE50C1271
:10398300459F350D124FAAF0023DACA3E088828912
:103993008322FA88828983E04A1239A1A322F0851F
:1039A3000C828B83A3A3A3A32274F21203D6EAFE91
:1039B300EBFF8C0C8D0D8E828F83E08C828D8312B6
:1039C3004FE0A882A983E0540F8C828D83123D922D
:1039D300C4124E011249F8124E09123D90A2E2E4BC
:1039E300338C828D83123D8F131313541F124E0198
:1039F300123D8FA2E7E4338C828D83A3A3A3A3A3F9
:103A0300A3F0EE2403FE50010F8E088F09750A0000
:103A130078081208AC7C087D00E50C2407FAE4352D
:103A23000DFB12102C7403120872EE2408FE5001D1
:103A33000F8E088F0978081208AC7C037D00E50C13
:103A4300240FFAE4350DFB12102C74031208728E46
:103A5300828F83A3A3A3E0C0E012646BD0E0F002E3
:103A63003DAC74F61203D6EAFEEBFF8E828F83A37E
:103A7300858208858309E0F912187E850882850905
:103A830083E064EB601E8E828F83A3E064E16014A5
:103A93008E828F83A3E064F1600A8E828F83A3E01A
:103AA300641A70078E828F83A3E4F0901A3C120B82
:103AB30016121BA275080178081208B48E828F8330
:103AC300A3E0F50878081208B47900901852125848
:103AD3002D90184812591C121CB07402120872124D
:103AE3001C020251E5C082C083E99018B27003E45E
:103AF300800274018004EAF0A3EBF0024E5E74F6D8
:103B03001203D69018B2E0701B7C0079017A007B17
:103B130000121C32EA4B600C8A828B83125C7E603B
:103B230003121B960251E5C082C0837904121C2C38
:103B3300E9F89027B0E493C398401079FF121C2C46
:103B4300E9F89027AFE493C3985004790180027990
:103B530000024E5E74F21203D68A0A8B0B8909C2E5
:103B6300008A828B83A3A3A3A3A3A3A3A3E0F91235
:103B73001C388A0C8B0DAE0CAF0D750801EE4F602F
:103B830003023C40850A82850B83A3A3A3A3A3A3BB
:103B930012582D850A82850B83A3A3A3A3A3A3A3F2
:103BA300123D7912591C121C208A0C8B0DAE0CAFDE
:103BB3000DEE4F7003023D568E828F83A3A3A3A302
:103BC300E4F0A3F0E50A240CFAE4350BFB8A828BBC
:103BD30083E0C0E0123D5DD0E0F0E50A240D123D24
:103BE30083240D125757121D16EE240F125DC1E5E3
:103BF3000A2411123D832411125757E50A24131284
:103C03005E0CC0E012448BD0E0F0D200EE2406122A
:103C130049A5123D70123D9354046003023CAE90DB
:103C23001A4EE0F50A750B007407780A1209FA8E2A
:103C3300828F83A3A3A3A3A3A3123D67F08E828FD6
:103C430083A3A3A3A3A3A3E0F50AA3E0F50B74073F
:103C5300780A120AD0E50A5407FCE509605C8E82F3
:103C63008F83A3A3A3A3A3A3A3A3A37402124FE5C8
:103C7300124050600B901840124A2BA3A312575DB9
:103C8300EC7003023D21EE24061263D4123D70F062
:103C9300EC24FFF50AE434FFF50B7407780A1209E4
:103CA300FA8A828B83123D67F080738E828F83A39F
:103CB300A3A3A3A3A3E044808082EC70057508004E
:103CC300805C8E828F83A3A3A3A3A3A3E05420606D
:103CD3000C12104AEA547F7900245F80198E828F78
:103CE30083A3A3A3A3A3A3E05410601A12104AEA68
:103CF300540F7900240A5001098E828F83A3A3A352
:103D0300A3F0A3E9800D8E828F83A3A3A3A37401E1
:103D1300F0A3E4123D9C7404123FD4121092A2004B
:103D230050348E828F83122F24A3A3A3A3A3A3A310
:103D3300A3A3E0F9EEFAEFFB121C26E96018125C6C
:103D430075600912417212591C1210E6EEFAEFFB6C
:103D53001210E6750800A908804FEE240CF582E4E2
:103D63003FF58322E0450AF0A3E0450B22E0547FB0
:103D7300F0A3E054FC22A3E0F9850A82850B832299
:103D8300F582E4350BF583125C93EE22A3A3A3A380
:103D9300123D9722125E33E022123DA0221242D836
:103DA300A3A3A32274031208727F060205ED74F421
:103DB3001203D674F71209407E00121C38EA4B70C6
:103DC30003023E708A828B83A3A3A3A3A3A3A3A30B
:103DD300A3E064066003023E708A828B83A3A3A3DD
:103DE300A3A3A3A3E0FF8A828B831263FCE0C0E05A
:103DF3007408120B45D0E01241B612574912575DB1
:103E0300121C4AEF5408606385188285198312587F
:103E13002D7A007B00121C1A8B0BEA450B704C1297
:103E230064771217047C007D007A007B0080288E63
:103E3300828F83124CDDF47003A3E0F4602D90189D
:103E430052122F2812591C1216FEE9641A601C7CA8
:103E5300007D00EEFAEFFB121C1A8A0A8B0BAE0AE6
:103E6300AF0BEE4F70C9790012170A7E01EEF9020B
:103E7300302BC082C0838A828B83E582458370099D
:103E83009018B780068A828B83A3A3124084602094
:103E93008A828B83A3A3A3A3A3A3A3E0540860E50F
:103EA300EC4D601012408A7003A3E06D70D780045C
:103EB3007A007B00024E5E74F21203D68A088B09E5
:103EC300890AECFEEDFF7A147B001210E0EA4B60E6
:103ED3003B8A828B83A3A3A3A3A3A3A3A3A3E412D9
:103EE30041ABA3E50A125DEEA3A3A3EEF0A3EF1289
:103EF3003F211241BD123F288A828B83126451EA0B
:103F0300240F123F12123F1BA3F0A3F0023DACF5A6
:103F130082E43BF583E4F022A3126434A322125D0E
:103F2300FEE4F0A322A3F0125D37123F152274F5CD
:103F33001203D6EAFEEBFF890A8C088D09EE4F7057
:103F430003023FCF7401650A70127901121C2CE938
:103F5300F89027B1E493C398502280167404650A3D
:103F630070147904121C2CE9F89027B0E493C398D9
:103F7300500A791180587402650A70508E828F83BB
:103F8300A3A3A3A3A3A3A3A3A3E50A124FE51264C8
:103F93004D8E828F83A3A3E4F0A3F09018B7125C35
:103FA3007E60188003125C8F88828983A3A31240EA
:103FB3008488828983A3A370EC80039018B7EEF002
:103FC300A3EF123FD41210927900800279C102420A
:103FD300E7F07A207B0090189FE0F922C082C0832B
:103FE300E9F879009018B7801D8A828B83A3A3A375
:103FF300A3A3A3A3A3A3E068600574FF68700109EA
:104003008A828B83A3A312408470DE024E5E74F710
:104013001203D6EA4B70059018B780068A828B8309
:10402300A3A3124084601F8A828B83A3A3A3A3A3A9
:10403300A3A3A3A3E06970E4EC600F8A828B8312CD
:10404300405070D880047A007B00024193126420B0
:10405300E0540422C082C0839018B780068A828B02
:1040630083A3A312408460128A828B83A3A3A3A396
:10407300A3A3A3A3E06970E580047A007B00024E4A
:104083005E125920EA4B228A828B83124CE16C2206
:1040930074F21203D68A0A8B0B8C0C8D0D750800F3
:1040A300750900EA450B602A9018B780068E828F47
:1040B30083A3A31240DC601AAC0CAD0DEEFAEFFB48
:1040C300850A82850B8312054EE9640170DF8E0831
:1040D3008F09AA08AB09023DACE0FEA3E0FFEE4F57
:1040E3002274F71203D69018B7125C8F7C007D0000
:1040F300800DE8FCE9FD88828983A3A3125C8FE825
:10410300496030EA687002EB6970E79018B712599A
:104113001CE86A7002E96B88828983A3A370081282
:104123005C8F9018B78009125C8F8C828D83A3A358
:1041330012575D805B74F71203D6EAFEEBFFEE4F76
:10414300602B121C4412418012591C1210E68E82FD
:104153008F8312591C1210E6125C756009124172AA
:1041630012591C1210E6EEFAEFFB1210E68021EE54
:1041730012417722240FF582E43FF583228E828F4A
:1041830083E0F8A3E0C812585738F5832212087267
:104193007F010205ED1258318A828B8322E0F98A6E
:1041A300828B83A3A3A3A3221241AF22125E02A395
:1041B300A3A322126434124CE1221241AFA3A3221F
:1041C30074F61203D69018B7125D4180308E828F39
:1041D30083A3A3125E2012418012591C1210E68E93
:1041E300828F8312591C1210E612417212591C124B
:1041F30010E6EEFAEFFB1210E6AE08AF09EE4F70D1
:10420300CC9018B7E4F0A3F00251E5C082C083EA72
:10421300FCEBFDEC4D6017EC24FBF582ED34FF1253
:104223005C7C7007124268E0F4600712105679054F
:10423300803090189FE0C0E0124268D0E0F09027F1
:10424300A8E493F97AB97B1812108CE96401701011
:104253007A007B2090189FE0F91210927900800277
:104263007904024E5EEC24FFF582ED34FFF58322E0
:1042730074F41203D6A2AFE433F508C2AF9018B9B1
:104283001240DC603AEE24FBF582EF34FF125C7CD3
:104293007A007B2090189F6007E0F9121092800546
:1042A300E0F9121098E4F50AF50B780A1208B0EE5B
:1042B300FCEFFD7AB97B181210867402120872E5BE
:1042C30008A2E092AFEEFAEFFB0230301242D4E0E4
:1042D300221242D822F08E828F83A3A3A3A3A3A387
:1042E300221208727F030205ED74F21203D674FAE8
:1042F300120940EAFEEBFF7508FE7509FF121C0860
:10430300E960057911024478124494603B901A677E
:10431300E0C43354E0F8E0333354FC48C0E0125BAC
:104323000DD0E0125E39FAA3E0FB79FF1219CE8BB0
:104333000BEA450B60127508FFEE240F12449744F5
:1043430004F0124494D2E0F08E828F8312591A1231
:104353001D10E96006EE2412125E50EE241312447F
:1043630097700D9027B3E493C0E012448BD0E0F034
:104373008E828F83E0A2E7500454038019EE241445
:104383001244977012901831E0C0E012447DD0E0DF
:10439300F0901831E004F0EE241112449764017098
:1043A30016901A52E0600D90183CE0700A8E828FCE
:1043B30083E07003125E4D8E828F83E0640170137D
:1043C300EE240B124CD764027009EE240F124497AB
:1043D3004440F0AC18AD19EEFAEFFB121C748A0AD4
:1043E3008B0B74FE6508700374FFF470098E828F63
:1043F30083A3A3125E20EA450B60768E828F83E04F
:10440300C0E07401120B45D0E0F07404120B45EECA
:10441300F0A3EFF0EE241E125C897402120B451216
:10442300575D7401120928880C890D780C1208B0A5
:10443300EE242012449F1208B41241721206BCEEFD
:10444300240E12449F1208B49018451206BC740837
:10445300120B45E0F9AC08AD09121C6E7408120882
:1044630072E9FE74106E700BAA0AAB0B1210E68091
:10447300027E10EEF97406023DA912448122EE2455
:1044830014F582E43FF58322EE1244902212540F76
:1044930022EE2415F582E43FF583E022F582E43F22
:1044A300F583E0F50C780C22C082C08374D712091F
:1044B30040908792740312093874261207D68A82B1
:1044C3008B83A3A3A3A3125C8F740E120B451264F8
:1044D3002CA3A3125C8F740C120B451245B3124527
:1044E300A5125108C0E0741A120B45D0E0F0125B1C
:1044F3008A125C8D7420120B451245B31253CE12EF
:104503005108C0E07408120B45D0E0F0EA241CF512
:1045130082E43B125C8D7412120B451245B32411D5
:10452300F582E4125108C0E07409120B45D0E0F0A3
:1045330012459E125108C0E07407120B45D0E0F0FB
:10454300EA241EF582E43B125C8D7424120B45129F
:1045530045B32420F582E4125108C0E07426120BFF
:1045630045D0E01245AB74FFF07401120B4574FFA4
:10457300F07402120B4574FFF09089C41206B874EC
:1045830004120938740712093012185474041208FB
:104593007279007429120872024E5EEA2412F582BF
:1045A300E422240DF582E422F08518828519832202
:1045B300E8F0A3E9F0EA2274F41203D674EC1209CA
:1045C300408A0A8B0B8C088D09E9FF7E107A217BC8
:1045D300001210E0851882851983EAF0A3EB125CC0
:1045E30084E84970030246C87C217D007900851860
:1045F30082851983E0FA12103890185212591C85DB
:1046030018828519831263F22409F582E438125D56
:10461300C57420120B45125C8F7411120B45124D99
:1046230054125C3738F5837402124D5812640374C4
:1046330002124D41E508F0A3E509124D581263E15A
:10464300EFF07422120B45124CF5F9A3E0C9126086
:10465300D939F583E81249F3A3E0C912585739123F
:1046630046CF7423120B4512591C7406120B4512C4
:104673005DC77408120B45E8F07426120B45125CF3
:104683005BC082C083740C120B45AC82AD83D083B4
:10469300D08274051207D67425120B45E0C0E0746E
:1046A30013120B45D0E0F07900AA18AB19121C0EB7
:1046B300E9640170047E00800C85188285198312D9
:1046C300591C1210E6EEF9741402302DF583E50A35
:1046D300F0A3E50BF02274F01203D674FF12094025
:1046E300EAFEEBFF8C088D098E828F83A37408F09A
:1046F300EE241612449760088E828F83A37410F001
:10470300EE241712449760098E828F83A3E0240856
:10471300F012449460088E828F83A3E004F08E82AB
:104723008F83A3A3A3A3A3A3E060198E828F83A384
:10473300A3A3A3A3A3A3E0C3332402F88E828F838E
:10474300A3E028F0EE24111249AE6004740E800138
:10475300E4F0901A5FE0640170168E828F83E06448
:1047630001600D9017BEE0600712499B740180043D
:1047730012499BE41249F38E828F83A3E01249BC52
:1047830028298C828D83F0EE2411124497601390B4
:10479300183DE0F9121B66E9F8850882850983E074
:1047A30029F0850882850983E0C394754009750C57
:1047B30000750D00024992E0FA7B001210E08A0CAA
:1047C3008B0DEA450D70030249928E828F83E0FAC6
:1047D3009018421249EC740278081209FAEA450863
:1047E300FAAB09EE24121249E6740678081209FAA4
:1047F300A808EA48FCEBFD124494600478018002A7
:104803007800EE2416FAE43FFBE4C8F9ED49FDEE27
:104813002411124497F5088809740978081209FAD3
:10482300ED4509FD8A828B831249EC740B780812DB
:1048330009FAED4509FDEE24171249E6740C7808D0
:104843001209FAED4509FD8E828F83A3A3A3A3A3C7
:10485300A31249EC740A78081209FAED4509FDEE32
:1048630024231249E6740D78081209FAECF8ED4591
:1048730009F9E8850C82850D83F0E91249F8850C66
:1048830082850D83124A1BF0EE24041249A51249B6
:10489300D0124A1BA3A31254051249D0A3A3A3A366
:1048A300126447850C82850D83A3A3A3A3A3A3A3AB
:1048B300F0750B088A828B83E06015EE241812587A
:1048C30027E50C2408FAE4350DFB1211D0750B1003
:1048D300EE24171244976019EE241A125827A80BD6
:1048E300E50C28FAE4350DFB1211D07408250BF5FD
:1048F3000B8E828F83A3A3A3A3A3A3E06055EE240F
:1049030007F50EE43FF50F850E82F583E0C0E01254
:1049130049C3D0E0124A0BE0C0E0081249C5D0E019
:10492300124A0BA3125C681208AC850E82850F83B2
:10493300E0124CA7A80BE50C28FAE4350DFB121086
:104943002C7403120872850E82850F83E0C333250E
:104953000BF50B1244946008C0E01249C3D0E0F099
:10496300125736125C681208AC1249BDFC7D007404
:1049730003120B451249DEE0F8E50C28F8E4350D87
:10498300F9E82AFAE439FB12102C7403120872AA0C
:104993000CAB0D7401025C4AEE2423F582E43FF56F
:1049A3008322F8E43FF98882898322F582E43FF584
:1049B30083E085188285198322F8EE1262C9E0220A
:1049C300A80BE50C28F582E4350DF583221249D4B2
:1049D30022E0850C82850D83A3A322E0FA8E828FC9
:1049E30083A322F582E43FF583E0F50875090022ED
:1049F30012643AF922A3124A0288828983E022F0E0
:104A0300EE2402F8E43FF922F0050B8E828F83A394
:104A1300A3A3A3A3A3A3A322A3A3125E33A3124915
:104A2300D4A322740302302D125C938E828F83A34E
:104A3300A32274F01203D674FD12094085188285EF
:104A43001983125DC77402120B45E9F08C0C8D0DAE
:104A5300750B017C267D007900AA0CAB0D12103872
:104A63007402120B45E0C394085003024C31E085F5
:104A73000C82850D83F0AC0CAD0D851882851983EE
:104A8300124CDDFA851882851983125331124FD4E3
:104A9300121C80E96003750B008518828519831247
:104AA3005C5B124CFFE0F9EA850C82850D83A3A3BE
:104AB300A3A3A3A3A3A3A3F0A3E9124D41A3A3120A
:104AC3004CFFA3A3E0F9EAF8E50C125C3712647219
:104AD300124D54125819C0E0E50C241112646FD022
:104AE300E0124D582407F582E438F583E0C0E01264
:104AF300646BD0E0124D2B7408124D38A3E0602094
:104B0300851882851983E02408F8A3E03400F9E5C9
:104B13000C241312646FE8F0A3E9125C322408F04A
:104B2300850C82850D83A3A3A3A3A3A3A3A3E06002
:104B33002A850C82850D83A385820E85830F124CF3
:104B4300ECF8A3E03400F9E50C1253CE350D1257FF
:104B53005B850E82850F83E02408F0124CAEE4F0EF
:104B6300124CBEE4F0A3124D2BA3A3A3A3E0601148
:104B7300124D10850C82850D83A3A3A3A3A3124D0D
:104B830049E50C124CCFE07003024C1D124D10FA94
:104B9300124CAEEA124D49F8851882851983E02834
:104BA300FBA3E034008B82F583E0F8E50C241A12B2
:104BB300646FE8124D49E8C39AE50C5058124CCA89
:104BC300F89027A9E493C39850047E0C8006E50C63
:104BD300124CCAFE850C82850D83124CEBF508A39B
:104BE300E03400F509750A0078081208ACEE124C9F
:104BF300A77AFD7B0B12102C7403120872124CBEA1
:104C030074FDF0A3740BF0EEC333F8850E82850FA9
:104C130083E0288004124CCFE4F0850C82850D8359
:104C2300A3E0F8850C82850D83E0C39850047900D6
:104C3300806F124CEBFAA3E03400FBE50C125E47E5
:104C4300350D125DC5850C82850D83E0C398C0E0E8
:104C5300E50C241712646FD0E0124D38E06040E594
:104C63000C2417FEE4350DFF8E828F83E024F2F0CF
:104C7300E50C241DF8E4350DF988828983E0240EC0
:104C8300FAA3E03400FB88828983125DC790183D44
:104C9300E0F9121B66E9F88E828F83E0C398F0A9CE
:104CA3000B025C4825E0FCE433FD22E50C124CB416
:104CB300222419F582E4350DF58322E50C241BF536
:104CC30082E4350DF58322124CB4E022125C2C35BC
:104CD3000DF58322F582E43FF583124CE122E0F8DF
:104CE300A3E0F5838882E022A3124CF022124CF554
:104CF3002822E0F8851882851983E022A3A3E0FA2D
:104D0300851882851983125C61A3A3A322850C8273
:104D1300850D83A385820E85830F124CF0FAA3E0E1
:104D230034008A82F583E022124D2F22F0850C8213
:104D3300850D83A322124D2FA3A3A3A3A322124D58
:104D43005DF583888222F0850E82850F83E004F06F
:104D530022E8F0A3E9124D5DC82212643EF8A3E0F5
:104D63002274F41203D68A088B09EA124E09A3A30C
:104D7300F0EA1313543F124E01A3A3F0EAC4131332
:104D8300124E09124E137409780A120AD0124DF802
:104D9300A3A3A3A3A3A3F0EB124DFA124E12740A1A
:104DA300780A120AD0E50A5401C0E0EC125C2C3DEB
:104DB300F583D0E0124E17740B780A120AD0124D05
:104DC300F8124E10740C780A120AD0124DF8A3127E
:104DD3004E10740D780A120AD0E50A5401C0E0ECB3
:104DE3002424F582E43DF583D0E0F0740E780812B4
:104DF3000AD0023027E50A54018C828D8322540F96
:104E03008C828D83A32254038C828D8322A3A3A33C
:104E1300A3A3A3A3F08A0A8B0B22C082C0837900C9
:104E23008A828B83A3A3A3A3A3A3E090183C600E61
:104E3300E070238A828B83A3A3E0701A8016E0605C
:104E4300158A828B83125913901845E06A7003A365
:104E5300E06B60027901800312591CD083D0820277
:104E6300085A74F21203D68A0A8B0B890CECFEEDF6
:104E7300FF8A828B83124FD2121C80850A82850B94
:104E830083A3A3124FC6E0F9EA8E828F83A3A3A361
:104E9300A3A3A3A3A3A3124FF1124FC6A3A3E0F9A5
:104EA300EAF8125736E8124FF1A3A3E0C0E0EE246C
:104EB30011F582E43FF583D0E0124FF8A3A3A3E0FA
:104EC300C0E0EE12459F3FF583D0E0124FE0740837
:104ED300124FEBA3A3A3E06016E50A2408F8E43518
:104EE3000BF9EE24131253E5124FE0E02408F08E81
:104EF300828F83A3A3A3A3A3A3A3A3E060148E829F
:104F03008F83A3124FB5EE24151253E512561824BE
:104F130008F08E828F83A3A3A3A3A3E0601F8E82D6
:104F23008F83A3858208858309E0F8E50A28F58243
:104F3300E4350B124FAAA3A312561804F0EEFAEFAE
:104F4300FB121C86E9F50D70598E828F83A3A3A3F0
:104F53001253DCA37014E0F8E50A28FAE4350BFBDE
:104F6300EE241D125DC1E50C8028124FB5E8240E16
:104F7300F8500109EE241D12575790183DE0F9121D
:104F83001B66E9F8850882850983E0F9E50CC39976
:104F930024F2C398C0E0EE2417F582E43FF583D0F2
:104FA300E0F0A90D023DACF583E08E828F83A3A3CD
:104FB300A322858208858309E0F8E50A28F8E43509
:104FC3000BF922E0FA850A82850B83A3A3A322E0CF
:104FD300FAA3E0F8E4C8F9EA28E439FB22124FE522
:104FE300A322F08E828F8322125E3EA3A322F0A31C
:104FF300E9124FF822F0850A82850B83A3A3A3A3AA
:1050030022C082C0837AC57B1879E21216D47AC58E
:105013007B18024E5EC082C083901845024E5BC06F
:1050230082C083901848024E5BC082C083794A12C3
:1050330016D4024E5E74F61203D69018CDE0FE0429
:10504300F0EEF9121C388B09EA450970EDEE60EABF
:10505300F90251E574F21203D6EAFEEBFF8C088DD8
:1050630009890A121D76740E120B45E0F9740F12AA
:105073000B45E0F8EA4B7012E8701BA90AAC08ADC7
:1050830009EEFAEFFB121D948071E86017E97006D0
:105093008A828B83E4F07401687060E99018D070A1
:1050A30027E48021E97054EA2402F582E4125108CE
:1050B300A80A28F8E4340013E813F0703E8A828BC0
:1050C30083A3A37401F08033E004F0901A4FE0F857
:1050D3009018D0E0C3984023E4F0901848E06E7035
:1050E30003A3E06F7015EEFAEFFB79011218787ADB
:1050F300017B0090189FE0F91211A6023DAC748960
:105103002AF582740A3BF583E02274F41203D68AEB
:10511300088B098C0A8D0B9089A4780812096C708E
:105123000E7A017B0090189FE0F912109280319063
:105133001A3C7808120ADF122DCA60187808120880
:10514300A87A017B0090189FE0F912119A74041257
:105153000872800C7A017B0090189FE0F91211A667
:10516300023030C082C083901A40023AF9C082C034
:1051730083901A42023AF974F61203D67E00750838
:105183003175091878081208B07C6E7D007A217B8E
:10519300001211587402120872E9640A70027E0147
:1051A3001217D6E9640A7004EED2E1FE90033612B8
:1051B3005C7E600F12533212054EE9640A7004EEEE
:1051C300D2E3FE1219F2E9640A7004EED2E4FE128D
:1051D3001656E9640A7004EED2E5FEEEF980031276
:1051E30008727F020205ED74F61203D6120FF075F2
:1051F300083175091878081208B075086E7509002A
:1052030078081208B07C007D007A217B00121164BB
:1052130074041208721217DC900338125C7E600665
:1052230012533212054E1219F812166880B474F62E
:105233001203D674FF1209407E00750831750918F0
:1052430078081208B07C6E7D007A217B0012115819
:105253007402120872E9600302531678081208B048
:1052630075086E8E0978081208B07C007D007A21DB
:105273007B0012116A7404120872E9600302531668
:10528300901845E064FE7003A3E0F4700302531624
:105293007E01901854E064086005E06404706F8533
:1052A3001882851983EE12542279421216DA7A5C37
:1052B3007B1879431216DA7A597B1879471216DA72
:1052C3007A4A7B18794A1216DA7A487B18794B1294
:1052D30016DA7A527B1879501216DA7A457B1879E6
:1052E300531216DA7A5A7B1879541216DA7A477BF4
:1052F3001879E11216DA90183FE0A2E35004D2F0D5
:105303008002C2F012541879521216DA8005120F75
:10531300F07E001217CA90033A125C7E60061253A5
:105323003212054E121A04EEF974010251E2A3126D
:105333005C622274F61203D6E9FEA2E050267508D9
:105343003175091878081208B075086E7509007868
:10535300081208B07C007D007A217B00121164746E
:1053630004120872EEA2E350031217D0EEA2E25029
:105373000E90033C125C7E600612533212054E02FD
:1053830051E574F71203D674ED120940E9FE901843
:105393009EF0AC18AD19901A81E0F97AA27B18122D
:1053A3001BF07412120B45EE1253C3AA18AB191259
:1053B3001BEA7AA27B1879451216DA74130241901C
:1053C300F0901A81E0F97CA27D18222415F582E47D
:1053D30022125D383509F58322A3A3A3E08E828FC1
:1053E3008322F582E43FF583E8F0A3E922EE125D20
:1053F300383FF5831253FB22E0F8A3E0F988828952
:10540300832212540922F0EE12540F222413F58240
:10541300E43FF58322A2F0E433851882851983F0F3
:10542300AA18AB192274F41203D68A088B097A00DE
:105433007B0490189FE0F91211A61254E4901854BB
:105443007409F0121C928A0A8B0BAC0AAD0B12344E
:105453009512591C1211CAE96401706B7A0F7B0013
:105463001210508A0A8B0BAE0AAF0BEE4F60588EA8
:10547300828F837402F0E508125E4735091254CD1A
:10548300FC88828983A3A3E0FBEC8E828F83A3A392
:10549300125DC8888289831253DC1254D5FAA3E0C3
:1054A300FB794A1216DA850882850983A3A3A3A38D
:1054B300A3A3E070069016CE7405F0EEFAEFFB900E
:1054C300189FE0F912105C023030F5831253FBA3EE
:1054D300E022A3F0E5082415F582E43509F583E01D
:1054E300229017DA125C93901A42E8F0A3E9F09045
:1054F30017DC125C93901A40E8F0A3E9F02274F4ED
:105503001203D674FD1209408A088B097401120B29
:10551300457402125422121D048A0A8B0BAE0AAF81
:105523000BEE4F70030255F012640CE412560CE0BC
:105533006401700888828983A37420F085088285BA
:105543000983A3A3A3A3A3E06401700988828983C9
:10555300A3E0D2E6F0850882850983A3A3A3A3A3CE
:10556300A3E06401700A88828983A3E0D2E78005FF
:1055730012448B7401125607E06401701E85088281
:10558300850983A3A3125C7E6003125E598508829A
:10559300850983A3A3125C8F12575485088285095A
:1055A30083A3A3A3A3A3A3A3E064017009EE240F21
:1055B300125E5CA3E4F085088285098312591C12EC
:1055C3001D10E96009EE240F1244974404F0EE2401
:1055D30017125E5C121C92125D061256181255F5D4
:1055E3001255FEFAEFFB1217F4E9F9800279100263
:1055F3004A26F8A3E0F98E828F8322A3A3E8F0A3BF
:10560300E9F0EE2212560CA322F085088285098365
:10561300A3A3A3A322F0850882850983E02274F55E
:105623001203D674F3120940890AEAFEEBFF7508E8
:10563300007509007C0D7D007900AA18AB191210C2
:1056430038125C22125837741F58600C7AD37B00CF
:105653001214E27900025731E8A2E55008740C12E3
:105663000B457401F0E8A2E75008740B120B457464
:1056730001F0E8A2E6740A5008120B457401F080A9
:1056830008120B45E0640170138E828F83A3A3A3DA
:10569300A3A3A3A3E06030EE241380128E828F8332
:1056A300A3A3A3A3A3A3A3A3E0601CEE2415125EEC
:1056B3001AE50845096010AC08AD097402120B45E0
:1056C300AA82AB831211D012573612574412575D78
:1056D300740A120B45E06401704B901A72E0604C3F
:1056E30064017006901A5CE06042EE240B125C8940
:1056F300901848E0687003A3E069703012590F12E4
:105703001D10E97027E5084509601A121C928A08E2
:105713008B09AC08AD097402120B45AA82AB831244
:1057230011CAE96007AA18AB19121872A90A740DF5
:105733000242E412573A22EE240BF582E43FF5834A
:105743002212574822E0F8A3E0F9851882851983CD
:1057530022EE2418F582E43FF583E8F0A3E9F02272
:1057630074F71203D674CD1209401263EA12581962
:10577300A2E040030258148E828F831253F7A3A32F
:10578300A3A3A3A3E054FE1260DF740D1209381221
:10579300584412591C121C8CE97076742A120B455A
:1057A30012583E706C7C0D7D007900AA18AB19125B
:1057B30010387416120B4512574412575D742A128F
:1057C3000B45125837A2E55008740B120B457401B0
:1057D300F0E8A2E75008740A120B457401F0E8A23E
:1057E300E65004742080027422120B4512582D7463
:1057F30002120B45AA82AB831211D08E828F83A330
:10580300A3E0C0E0740C120B45D0E012542212182E
:105813006C743302419012581D222406F582E43839
:10582300F583E022F582E43FF58312583122E0FC50
:10583300A3E0FD22125C5FA3E0F822124CE16404B2
:1058430022EA241EF582E43BF583E0F9EA12585775
:105853003BF58322241FF582E422E9F879007404DE
:1058630068600A740A68600574036870027901024B
:10587300085A74F61203D68A828B837424F0A3A386
:105883007401F01217FA8A088B09AE08AF09EE4FBC
:10589300600D8E828F83125D52121C92125DBEEEDA
:1058A300FAEFFB0251E5C082C0839018BB7401F08C
:1058B300E9A2E350037403F0E9A2E15004E0D2E269
:1058C300F0024E5E74F61203D679007C008A088BD0
:1058D300097808120633F8FF07FC58FA58FA58FA01
:1058E30058FA58F258F658FC58EE587C01800A7C56
:1058F3000480067C0280027C089018BBE05C600494
:1059030079028005EC600279010251E58E828F8372
:10591300A3A3A3A3A3A3A3A3A312592022E0FAA39F
:10592300E0FB2274F61203D68A828B83E07014A301
:10593300A3A3125C7E600C8A828B83125919121AFC
:105943005280047A007B000251E5C082C083780054
:10595300E875F003A4FCA9F0E9FD1259DC6A7003B1
:10596300A3E06B70189027A1E493C0E074BC2CF5FE
:1059730082741839F583D0E0F079C5805908E8C3FB
:10598300940340CC7800E875F003A4FCADF0125901
:10599300DC64FE7003A3E0F4601E08E8C3940340D4
:1059A300E57800E875F003A4FCADF074BC2CF58237
:1059B30074183DF583E07015E8125E90125DC79090
:1059C30027A1E49388828983F07900800908E8C3DA
:1059D300940340CF79C7024E5E74BD2CF5827418D0
:1059E3003DF583E02274F41203D674F3120940EAFE
:1059F300FEEBFF8C088D09750A12EE4F70057900D6
:105A0300025AA2901845E06E7003A3E06F701D1256
:105A13001C928A0A8B0BAC0AAD0BAA08AB091211B4
:105A2300CAE97005750A018003750A008518828525
:105A33001983E4F004120B45EEF0A3EF1254221283
:105A430017B2E9602A7403120B45AA82AB831217BB
:105A53008EE964017019750A017403120B45AC8257
:105A6300AD83AA08AB091211CAE96003750A00AC39
:105A730008AD09EEFAEFFB121D7CE9F8740A6870B1
:105A830005750A01801774A0687012AC08AD09EEA1
:105A9300FAEFFB121D88EEFAEFFB121D9AA90A74A6
:105AA3000D02302D74F71203D6EAFEEBFF8E828FC0
:105AB30083A3A3A3A3A3A3A3A3E06013125B0D1269
:105AC30034AE121D22E964017005125736802C8E04
:105AD300828F83A3A3A3A3A3A3A3E06028EE24132D
:105AE30012582712590F121D22E9640170178E8272
:105AF3008F83A3A3A3A3A3A3A3A3A312591C121D20
:105B03001C790180027900024193EE2415F582E4A9
:105B13003FF5832274F21203D674FD1209408A08FA
:105B23008B09ECFEEDFF890A750B017401120B451D
:105B33007404125422121D04EA4B60467411120BB2
:105B430045E06015125D23E4125DF58A828B83E0E4
:105B5300D2E7F0EA2414123F12125B8A1253F5744F
:105B630003F0A3E50AF0EE88828983A3A3F0EF880C
:105B7300828983A3A3A312643412644F1217F4E936
:105B8300F50BA90B023DA7125D373B2274F41203F8
:105B9300D6EAFEEBFF8908125C22125C5BA3E0FAF3
:105BA300EE2417124497640460097AD37B0012141D
:105BB300E28067EA12074101000EC55B00C25B7514
:105BC3000800125C22A3E0F9EE2409F50AE43FF58C
:105BD3000B88828983A3A3E0FC88828983A3A31211
:105BE3005C3BF9850A82850B8312591C12188A853E
:105BF3000A82850B8312591C121D10E9601CEE24C6
:105C030011124497C394024011125736125DDA7091
:105C130003A3E0696004A90880027900023030EE32
:105C2300241DF582E43FF583222418F582E4221231
:105C33004D2FE022125D3822A3E0F8E4C8F9EC28E6
:105C4300E439FDEA2274031208727F080205ED7439
:105C530002025C4A8E828F83125C5F22E0F8A3E02B
:105C6300F583888222E0F508A3E0F509750A007838
:105C73000822EE240FF582E43FF583125C93E84992
:105C830022124D5DF922F582E43FF583125C9322E3
:105C9300E0F8A3E0F92274F01203D674FD12094070
:105CA3008A088B098C0E8D0F890A750B01740112FA
:105CB3000B457403125422121D048A0C8B0DAE0C77
:105CC300AF0DEE4F60381253F0740BF0A3E50AF0FA
:105CD3007413120B45125D14A3125D54121C92121D
:105CE3005D06125D1BEE125C2C3FF583E50EF0A3FF
:105CF300E50F126459125D471217F4E9F50BA90B6E
:105D0300025C48EE241AF582E43FF583EAF0A3EB44
:105D130022E088828983A322F0EE2416125D5C229E
:105D2300EA2417F582E43BF58322A3E0C8125D3829
:105D330038F58322EA240BF582E4223BF583E0FE67
:105D4300A3E0FF221254097401F0EEFAEFFB227470
:105D530001F0EE2417125D5C22F582E43FF58374B3
:105D630001F02274F61203D6125E463B125DAEA317
:105D7300E0FA88828983E0702FEAA2E0502A901724
:105D8300BEF07508BE75091778081208B0750801CA
:105D930075090078081208B07C007D007A517B00F9
:105DA30012116474041208720251E5F583E02401B0
:105DB300F8A3E03400F98882898322EE241AF5825D
:105DC300E43FF583EAF0A3EBF0228E828F83A3A353
:105DD300A3A3A3A3A3A3A3125C93901845E06822F3
:105DE3009027AAE493F8E50AC39822126434A3A384
:105DF300A322125DFEEEF0A3EFF022125E0222F068
:105E03008A828B83A3A3A3A322F582E4350BF583B4
:105E1300E022125C93C322F582E43FF583E0F508A8
:105E2300A3E0F50922125E2DA322125E33A3A3225F
:105E3300F08882898322125E3EE022F08E828F8375
:105E4300A3A322EA241DF582E422EE2411F582E4C1
:105E53003FF583E4F022EE2416125D5C2274F71200
:105E630003D67E008008EE126051121D6A0E125E88
:105E7300E240F37E00EE125E9074FEF0A304125E25
:105E830033E4F00EEEC3940340EB02419375F00349
:105E9300A4F8A9F074BC28F8741839F988828983A6
:105EA300A32274F71203D67E0080010E125EE25025
:105EB30027EE12620BE06A7003A3E06B70ED125ED3
:105EC300EC6C7003A3E06D600A74FF6C700374FFE5
:105ED3006D70D812605880047A007B000241939061
:105EE30027AAE493F8EEC39822125EF022125EF51D
:105EF300E022749328F582740A39F5832274F6122A
:105F030003D67CFF7DFF7AFE7BFF121D4CEA4B70AC
:105F130045750800803BE50875F017A4F8A9F074EF
:105F23009828F582740A39F583E0600D749728F593
:105F330082740A39F583E07016748928FE740A396D
:105F4300FF8E828F8312591C12191AEEFAEFFB058A
:105F530008125F5C40C00251E59027AAE493F8E57C
:105F630008C39822C082C0837A007B007C00801023
:105F73001263477003A3E0F460050AEA70010B0C97
:105F8300125F8B40EB024E5E9027AAE493F8ECC3BA
:105F9300982274F41203D68A088B09ECFEEDFF8075
:105FA3000B121D6AEEFCEFFDAA08AB09121D4CEAA9
:105FB3004B70EE02303074F71203D67D007C008004
:105FC300020D0C125F8B501C1263477003A3E0F4A5
:105FD30060F0EDF8EA684B70E8EC75F017A4F8127E
:105FE300605880047A007B0002419374F71203D651
:105FF300EAFEEBFFEE4F60187C177D00790012106C
:10600300388E828F8374FEF0A304126016F0A3F01F
:10601300024193123DA0A32274F71203D6EAFEEBCA
:10602300FF750800801BE50875F017A4F8A9F012A6
:10603300604C7003A3E06F6006126058121D6A057E
:1060430008125F5C40E0024193125EF06E2275F02D
:1060530017A4F8A9F0748928FA740A39FB2274F694
:106063001203D6121D4C8A088B09A808A909E8490E
:106073006009E8240DFAE439FB80047A007B00020E
:1060830051E574F41203D6EAFEEBFF8C0A8D0B750F
:106093000800750900802CE50912633712178EE991
:1060A300601FE50912632B7003A3E06F700375088B
:1060B3000AAC0AAD0B12633E1211CAE9600343082E
:1060C300A005099027AAE493F8E509C3985004E5CD
:1060D3000860C4023027240CF582E422123D97FAAB
:1060E300A3E0FB22124FE51259202274F01203D6CB
:1060F3008A0E8B0F8C0A8D0B750C00780079017E4C
:10610300FE7FFF7410120B45125E20801112104A9D
:10611300E50CF5F0EA84E5F0F8750C0079007C00F5
:10612300800B74892AF582740A125D3E0C9027AAAB
:10613300E493FAECC39A506FEC75F017A4FAADF040
:10614300EDFB12510164FE7003A3E0F460DE125113
:1061530001650E7004A3E0650F60D1125101650A59
:106163007004A3E0650B60C412510165087004A3B9
:10617300E0650960B774972AF582740A12510860C2
:10618300ABC3940850A6E064076097E9050C709CC4
:10619300E50CC3984096EDF974892AF582740A399F
:1061A300F5831263608022E50C6011E8700E7401C0
:1061B300650C6003026110780102611C74FE6E704D
:1061C3000374FF6F6006EEFAEFFB80047AFE7BFF39
:1061D300025C4D74F51203D6EAFEEBFF8C088D09C1
:1061E300750A008002050A125DE35019AC08AD0977
:1061F300E50A1263371211CAE960EAE50A12620B73
:10620300EEF0A3EFF00242E775F017A4F8A9F0123D
:10621300621622748928F582740A39F58322E9F813
:106223007907C3940D400479018019E8C3940740AA
:10623300047903800FE8C39403400479058005E8DB
:106243007002790002085A74F01203D68A0E8B0F7B
:106253008C0A8D0B8908121D528A0C8B0DAE0CAF64
:106263000DEE4F604D7C177D0079001210388E8241
:106273008F83E50EF0A3E50F1260161246D1E508F1
:106283006007124172E50880051241727401F090B3
:106293001899E0640170061262B8E480051262B8CE
:1062A30074071262D25001097A027B00120286122D
:1062B30062C2025C4DEE240EF582E43FF58322EECA
:1062C3001262C9E8F022240DF582E43FF58322F03F
:1062D3001262D7229027A7E49379002401F822744D
:1062E300F71203D6EAFEEBFF7508008033E50812C8
:1062F300632B7003A3E06F601474FF6E700374FF6D
:106303006F701B12634F7003A3E0F4601112633EBE
:1063130012178EE97008E508126051121D6A05080C
:10632300125F5C40C802419375F017A4F8A9F012FC
:1063330063556E2275F017A4F8A9F0748B28FA74CC
:106343000A39FB22EC75F017A4F8A9F0126355641F
:10635300FE22126216E022851882851983E0FAA3D1
:10636300E022C082C08374F8120940908912AC18ED
:10637300AD1974081207D6AC18AD191211CAE96425
:10638300017004790080027901740802459874F65B
:106393001203D6EAFEEBFF740C120B4512591C7460
:1063A3003A6A7001EB6006743B6A4B701F740A1201
:1063B3000B451206BC8C088D0978081208B0EEFC58
:1063C300EFFD12116A74041208728002790A0251F5
:1063D300E5F8E43FF9E8FAE9FB8A828B8322241E7D
:1063E300F582E438F58322EAFEEBFF8E828F831277
:1063F30063F622E0F8A3E0C8221263F612640322D4
:106403002408F582E438F5832212573A1253FB74B9
:1064130004F0A3221264207401F0A3E4221263F6B1
:10642300240DF582E438F58322E8F0A3E9126434FD
:1064330022F08A828B832212643E22F085188285A1
:106443001983E022F0124481E022A3A3A3A3E50869
:10645300F0A3E509F022125E3EE508F0A3E5092268
:10646300123D97F8A3E0F922E50C2412F582E435F6
:106473000DF5832212647B22901852125831AA1808
:10648300AB192274F01203D674FE120940851882E8
:10649300851983125DC78C0A8D0B750800851882D8
:1064A300851983E0650A7004A3E0650B60178518FE
:1064B30082851983E0FA12115E8A0C8B0DAE0CAF44
:1064C3000DEE4F7006750801026566AA0AAB0B1242
:1064D300115E8A0C8B0DAC0CAD0DEC4D6007AA0A56
:1064E300AB0B121170E4F50CF50D780C1208B0EE3D
:1064F300FCEFFDAA0AAB0B1211587402120872E9E1
:106503006061EEFAEFFB1210E08A0E8B0FEA450F83
:10651300604E780E1208B08E0C8F0D780C1208B0F6
:106523007C007D007404120B4512591C12116A740D
:1065330004120872E9701D780E1208B0780C120864
:10654300B07C007D00AA0AAB0B121164740412081C
:1065530072E96003750801AA0EAB0F1210E68003FF
:10656300750810A908025C5274F71203D6E9FE906D
:106573000304F07A027B801215CC7A017B80EEF95A
:106583001215CC7A047B80EEF91215CC026DB97426
:10659300F61203D6EAFEEBFF7A077B001210E0EA5D
:1065A3004B60238E828F83E08A828B83F0A3A37454
:1065B300DFF0A374151265CCEEF0A3EF1265CCA344
:1065C300A3E4F01221AE02788BF08A828B83A3A31B
:1065D300A3A32274F41203D674F8120940EAFEEB63
:1065E300FF8908A818A919880A890B780A1208B024
:1065F3007C007D007A037B00A90812125A740212F0
:106603000872E960567406120B4512746AE06E70E4
:1066130003A3E06F6045EE4F88828983601EEEF02E
:10662300A3EFF09089AC1206B87A007B20900304A4
:10663300E0F912119A7404120872800FE4F0A3F0C7
:10664300FA7B20900304E0F91211A690031F127441
:106653008D6008A90812747712054E7408027240FF
:1066630074F41203D674EC12094089085308CE90CF
:1066730019C6E070127A047B00900304E0F912114A
:10668300ACEA4B4C4D60329019C6E0A2E5500302D0
:1066930068389019C9E06013E508A2E1500D122093
:1066A3008E7A0179041220DC630802743F5508F8DE
:1066B3009019C6E048F0026838743F5508FE9019F7
:1066C300C6E04EF0900313E06003026814740112F5
:1066D300683D1208B0750A01750B00780A1208B0FC
:1066E3007C007D007A557B0012116A7404120872D3
:1066F3009019C9E064016003026814901A72E0649F
:10670300016008E0640260030267ED7C0879009091
:1067130017F11279E91210C8E960030267ED121A42
:10672300E8E960030267EDA818A919880A890B78BC
:106733000A1208B0750A01750B00780A1208B07CBA
:10674300107D007A117B0112116A74041208729091
:106753001A37E070030267ED851882851983E064B8
:10676300FD70030267EDE06402607F7C137D0079B6
:106773000074011209301210387411120B4574FFA2
:10678300F07401120928880A890B780A1208B07577
:106793000A13750B00780A1208B07C007D007A1189
:1067A3007B01121164740412087290178BE4F0A336
:1067B300F0A3F0A3F0A3F0A3F0A3F0A3F09019C902
:1067C30012683D1208B0750A01750B00780A1208A9
:1067D300B07C007D007A557B0012116474041208AA
:1067E300727A0379FF1216C2803B90030F7407F08D
:1067F30074104EF89019C6E048F079007A007B00D7
:106803001213DAE9602F79001220767A0079078073
:106813000F9019C6E0700E90030F7407F07A00F919
:106823001220DC801090030FE4F07A04FB90030441
:10683300E0F91210927414027240F0750AC9750BD4
:1068430019780A2274F61203D674FD1209407401F2
:10685300120B45E912700A126D1D1208B07C037BFE
:10686300007A0A900304E0F91220587402120872A5
:106873007403027888C082C083E99019CA02693C14
:10688300C082C08379001220767A0379FF1216C280
:1068930002693D12087202693DC082C083800612FC
:1068A30079E61220AC90031412748D70F2121BE47B
:1068B30090030FE064086010E0640170067A0079C9
:1068C300018017E0900312F090030F7408F0121880
:1068D30012790A1214CA7A0079081220DC805BC08C
:1068E30082C0837A0090030FE06406704690030928
:1068F3001279E0ECF8ED801AE8240CF582E439F51E
:1069030083E0A2E65005C2E6F07A011279C8E0F806
:10691300A3E0F9E84970E1EAA2E050179089AC12CC
:1069230006B87A007B40900304E0F912119A7404CC
:106933001208728005EAF0A3EBF0D083D08202083C
:106943005AC082C0839019C9E0601890030FE064B5
:1069530008701079007A007B001213DAE970047969
:10696300008002790180D374F61203D674FC1209F5
:1069730040E9FEEAFF90030FE06E6013E0640860F5
:1069830003026D18900312E064066003026D18EEB3
:10699300147003026A60147003026C0514602114FE
:1069A3007003026AE7147003026B1C147003026B1A
:1069B30057147003026C41147003026CA8026CED4F
:1069C300901A72E064016008E064026003026CEDF7
:1069D3009089D81206B87A047B00900304E0F91278
:1069E300119A7404120872EF602290030F7401F07D
:1069F30080061279E61220AC90031412748D70F2A3
:106A03009089AC120B16121CB6026D187403120B8C
:106A130045E4F09089AC120B16121CB69019C5749C
:106A230002F014120B457401F090030FE4F0901977
:106A3300C6E0C2E1F0740312093079521216DA1279
:106A4300211E12184279001214CA90031412748D75
:106A53007003026CED1279E61220AC80ED901A728D
:106A6300E064016008E064026003026CEDEF603BE8
:106A73007A0379001216C290030F74041277C812B6
:106A830006B87A047B00900304E0F912119A7404A7
:106A93001208729089AC120B16121CB67A007B1086
:106AA300900304E0F91211A6026D187401120B454C
:106AB3007401F09019C57407F07A007B10900304F9
:106AC300E0F91211A69019C6E4F09089CC1206B829
:106AD3007A027B00900304E0F912119A74041208FD
:106AE30072026CED7401120B457401F0EF600A90B1
:106AF30019C5E4F079061214CA1277C41206B87ADB
:106B0300047B00900304E0F912119A7404120872D2
:106B13009019C6E0C2E1026CEC7401120B457402D9
:106B2300F0EF9019C5600AE4F07A03F91216C280F7
:106B3300037408F01277C41206B87A047B0090033A
:106B430004E0F912119A74041208729019C6E0C293
:106B5300E2026CEC7401120B457403F09019C5E06A
:106B630070069003187401F0900303E06003026D54
:106B7300189003091279E9120B648B09EA4509603D
:106B830003026D187A007B40900304E0F91211AC04
:106B9300EA4B4C4D6003026D1890030BE4F0A3F035
:106BA30090030DF0A3F07A097B031220647A007B33
:106BB30040900304E0F91211A6900318E0600A90D4
:106BC30019C5E0640B7002E4F0900318E4F090033D
:106BD3000FE0640670191277C71206B87A047B00B7
:106BE300900304E0F912119A7404120872800A9057
:106BF3000312E064067002E4F09019C6E0C2E302F7
:106C03006CEC7900121BFC7401120B457404F0EF59
:106C1300600C9019C5E4F0A3F079061214CA127738
:106C2300C41206B87A047B00900304E0F912119AA7
:106C330074041208729019C6E0C2E0026CEC74018D
:106C4300120B45E4F0EF60359089AC120B16121C61
:106C5300B679061214CA12142E9019C5740DF09049
:106C6300030FE4F09089C81206B87A047B009003FE
:106C730004E0F912119A740412087280209019C961
:106C8300E060147401120B457405F09019C6E0D24C
:106C9300E5F0790A1214CA9019C57402F09019C666
:106CA300E0C2E480447401120B457405F0EF602DDB
:106CB300900312E090030FF0900312E4F09089AC7C
:106CC300120B16121CB69019C6E0C2E5F09019C556
:106CD300740DF079061214CA122112800D9019C690
:106CE300E0D2E5F09019C57402F090031912748D87
:106CF30060239019C5E0851882851983126D1D12D2
:106D030008B07C037B007A0A900304E0F912205850
:106D130074021208727404027888F0A818A91988FA
:106D2300088909780822C082C0839019C9E0F90252
:106D3300693D790002085A74F71203D674FF1209E9
:106D4300407E007900121434E964017004790480F0
:106D530002790E1214CA901845E064FE7003A3E092
:106D6300F470027E01901852E0F47003A3E0F47013
:106D7300047E01803AEEA2E04035851882851983AE
:106D83007401F0AA18AB1979521216DA79011214A8
:106D930034E96401901847700BE0F97AAC7B161262
:106DA300181E8009E0F97AAC7B16121824E9FEEE6E
:106DB300F974011208727F010205ED74F61203D60D
:106DC30074FF120940E9FE851882851983E4F0EE09
:106DD3006022A818A9198808890978081208B07CC4
:106DE300017B007A03900304E0F912205874021225
:106DF300087280309019CEE060239019BB120B22E9
:106E0300E8494A4B60179019CEE4F09019BB120B76
:106E1300161220A07A327B001214A080077A007920
:106E2300031220DC02788674F51203D67508007508
:106E33000900121BD8900314127C8D121BDE9003E1
:106E43001480050508126F4B1279DAEE4F70F49037
:106E5300031412748D7003026F4690031D12748D18
:106E6300600EA9081279E690031E12747712054E7C
:106E73009003141279DAEE4F7003026F3A750A0029
:106E8300026F0E901A70E0F47003A3E0F460138EA7
:106E9300828F831277A5901A70E0687003A3E0696C
:106EA30070589018481277A58E828F83A3A3A3A34B
:106EB300A3A3A3E0687003A3E069700A74FE68707B
:106EC3000374FF69700B8E828F83A3A3A3A3E06077
:106ED300298E828F83A3A3A3A3A3E0F8901842E093
:106EE3006870208E828F83A3A3A3A3A3A3E0F8904B
:106EF3001A50E068600DE5097009EEFAEFFB122005
:106F0300AC1508050A126F4B1279DAE50AC3950826
:106F130050257AAC7B16121DA0E964016003026E52
:106F230086EE240BFCE43FFD7AAC7B161211CAE912
:106F33006003026EA580C30509E509C394025003EB
:106F4300026E737F030205EDEE12706C3FF5832230
:106F530074F61203D674FF12094090031412748D51
:106F63009003116017126FA71220A6E960338518EA
:106F730082851983126FA71220AC8005E4127497DF
:106F8300F0A818A9198808890978081208B07C01A3
:106F93007B017A03900304E0F9122058740212086B
:106FA300720278867401F0900314E0FAA3E0FB22E6
:106FB30074F61203D674FF120940E9FE9019C574E2
:106FC3000312700AF0EE60047B00801A900317E04E
:106FD300C394035004E004800A1279E61220AC90B3
:106FE3000317E4F07B01A818A91988088909780810
:106FF3001208B07C017A03900304E0F9122058745C
:1070030002120872027886F085188285198374014A
:1070130022C082C0839003148007E8FCE9FD12704C
:107023007212748D603EEA687002EB6970EC12793B
:10703300E6E86A7002E96B7010E0CA12706C3AF508
:10704300831279E9900314800D1270721279E9ECBE
:1070530012706C3DF583127C8DE8FAE9FB1210E6A1
:1070630079008002790202693D2414F582E422E862
:1070730012706C39F5832274F61203D6EAFEEBFF25
:1070830079031214CA8E828F83A3A3A3A3A3A3E0BD
:10709300F91214A68E828F83A3A3A3A3A3A3A3A3EE
:1070A300A3A3E0F50878081208B48E828F83A3A304
:1070B300A3A3A3A3A31206BC9016D6E0F5087808F1
:1070C3001208B48E828F83A3A3E0F98E828F83127A
:1070D30079E0EE240BFAE43FFB1218307404120833
:1070E30072E9FE70549016D6E0A2E35029901A720A
:1070F300E0600A64016006901A5FE0703C9089C406
:10710300120B16121CB67A007B00121CBC7A007B91
:1071130000121CC280239016CFE0701D901A3C12FF
:107123000B22901A2F120B2E901A44E0F508A3E0BD
:10713300AA08FBE4FCFD121CB6EEF902788B74F48A
:107143001203D68A088B098C0A8D0B9017A6780830
:10715300120ADF9016C67808120ADF7508A67509A9
:107163001778081208B07508047509007808120822
:10717300B07C007D007A847B0012116402723E743D
:10718300F41203D6E9FE9019CEE0601C9019BF7883
:1071930008120AEEE5084509450A450B600AAA08E4
:1071A300AB09AC0AAD0B800B9019CEE4F09019BB80
:1071B300120B161220A09017A6120B22E8494A4B75
:1071C300601A901A72E064017007EE70047901800E
:1071D3000279007A647B001213DA800EEE7A006083
:1071E300047903800279051220DC805474F41203BD
:1071F300D674FF120940E9FF7E00EA900310F0EF16
:1072030060137A007B10900304E0F91211A6901921
:10721300CBE4F080027E01A818A919880A890B78AB
:107223000A1208B07C01EEFB7A01900304E0F91224
:1072330020587402120872740180027404120872D6
:107243007F040205EDC082C08374F71209408518DC
:107253008285198374FCF0A374FFF07408120B4544
:10726300740FF07D007C0179B4AA18AB191215BA1A
:10727300740902689674F61203D674F512094090E5
:1072830019C6E0A2E55003027465A2E150539003CE
:107293000F7404F09019C7E0A2E050429019C9E0BE
:1072A300600C12208E7A0179041220DC8030901A4F
:1072B30072E064016005E0640270239019CE7401EA
:1072C300F07C047D0079007A0F7B03121038900361
:1072D3000F7403F0790112209A790112213002749C
:1072E30065A2E2500F90030F7405F07A00F91220A3
:1072F300DC027465A2E3400302746590030F740615
:10730300F09019C9E0700302740D1221248A088BCE
:1073130009AE08AF09EE4F700302740D1277ABA3E9
:10732300E0A2E140030273DF74031209288808898D
:107333000978081208B07C007D007A037B008E82F6
:107343008F83E0F912125A7402120872E970030271
:1073530073D57409120B4512746AC3E094B5A3E0A4
:10736300940050408882898374B4F0A3E4F0908938
:10737300AC1206B87A007B20900304E0F912119A4C
:10738300740412087290031F12748D60179019D53C
:10739300E0F4700479FF80068E828F83E0F9127423
:1073A3007412054E12747D40047909802C74011205
:1073B3000B451274957409126D1D1208B07C037B82
:1073C300007A0A900304E0F912205874021208723A
:1073D300800A12747D4005790E1220EE900307E0B7
:1073E300F8A3127477A3A3E02401F8A3E03400F90F
:1073F30088828983E0A2E050699003301279EF70AC
:107403001088828983E0A2E14058790E1220EE8031
:10741300518E828F83E0F912162CE96005790E12E2
:1074230020EE900303740CF09089C01206B87A40E2
:107433007B00900304E0F912119A74041208727429
:1074430001120B45127495740A126D1D1208B07C5B
:10745300037B007A0A900304E0F9122058740212A5
:107463000872740B027888E0F8A3E0F988828983B4
:1074730022900320E0F5838882221277AFA3E0A253
:10748300E022EAFEEBFF8E828F83E0F8A3E0F9E8C7
:1074930049227403F08518828519832274F012033C
:1074A300D674F3120940EAFEEBFFEE5404605290E7
:1074B300030FE0600D14600F24FD601424FE601CB4
:1074C300803912208880347A017901122094802B2C
:1074D30012208E7A0179041220DC801F9019C5E4F2
:1074E300F090030F1277C81206B87A047B0090035A
:1074F30004E0F912119A7404120872EE640402761D
:10750300ADEF5480706EEF541070030275EC901A57
:1075130072E064016008E0640260030275E49003B2
:107523000FE01470030275DC24FE60030275E4901F
:107533000311E0640260030275E47401F079001240
:1075430020B20275E4740A6870239019C6E08A8237
:107553008B83A3A3A3A3F090031912748D600EEA87
:107563002402FAE43509FB12747712054EAA08AB1C
:1075730009121056900304E0F91210688A088B0967
:10758300EA4509604C8A828B83E0F874D3687032D1
:10759300EA240CF582E43509F583E0F50AA3E0F566
:1075A3000B780A1206330180037075C075B67570C7
:1075B30075BB7512207C80B512210080B012210C9E
:1075C30080AB90030FE068600302754812205E8071
:1075D3009CEEFAEF6480027794A3E0FA790012201C
:1075E30094EEFAEF6410027794EE54806007EE6431
:1075F30080FA02779BEE5402603A901A72E06401BB
:107603006005E0640270287C057D007900AA18AB50
:10761300191210387900122076AA18AB19121836ED
:10762300E9600C7A027B00900304E0F9121092EEF9
:1076330064028076EF54086006EF6408027794EEE4
:107643005440606B1221248A088B09EA4509604C77
:10765300900303E014F0604A7A007B40900304E057
:10766300F91211ACEA4B4C4D701B9003091279E9E6
:10767300120B648B0BEA450B700B8508828509831B
:10768300E0F912162C9089C01206B87A407B00905C
:107693000304E0F912119A7404120872900303E0D0
:1076A3007005790B1220EEEE6440FAEF027794EF47
:1076B300542070030277879003051277A588088901
:1076C30009750C0080249019C5E4F090031F12740F
:1076D3008D600E850A82850B83E0F912747412059E
:1076E3004E85088285098312787EE5084509606422
:1076F300850882850983A3A31277A5880A890B12BB
:1077030077ABE060DCC394F150D774051209288885
:107713000E890F780E1208B07C007D007A037B007F
:10772300850A82850B83E0F912125A7402120872D9
:10773300E960AE740B120B4512746A1279EF60861E
:10774300EA24FF1AEB34FFFB88828983127C8D7550
:107753000C01808DE50C60199089AC1206B87A0093
:107763007B20900304E0F912119A740412087280CA
:107773000C7A007B20900304E0F91211A6EEFAEFD5
:107783006420800DEF5440600B120B58EEFAEF6447
:1077930040FB80047A007B00740D1208727F08029C
:1077A30005EDE0F8A3E0F9221277AF229003071268
:1077B30077BBA3A31277BB22E0F8A3E0F58388820B
:1077C3002290030FE4F09089D82274F61203D67442
:1077D300DD120940EAFEEBFF901A37E070030278EE
:1077E3007A90030FE06401600302787A121AE8E9E1
:1077F300600302787A8E828F83A3A312748D7077CD
:107803007A007B10900304E0F91211A67413120995
:1078130038EEFAEFFB121560741E120B4512787ED8
:1078230074097808120AD0C3E508941595E0C36576
:10783300D03340097A027901122094803A741012ED
:107843000B4574FDF085820885830978081208B01A
:1078530075080175090078081208B07C107D007A5C
:10786300117B011211647404120872790012212A27
:107873007A0179011220DC7423800AE0F508A3E081
:10788300F5092274011208727F020205ED74F612E3
:1078930003D6E9FE9019C9E06E7006900313E070F9
:1078A30033EE70059019C6E4F0EE9019C9F075082F
:1078B300C975091978081208B075080175090078A7
:1078C300081208B07C007D007A557B0012116474A5
:1078D3000412087280B274F61203D6127485701FF4
:1078E3007A117B001210E08A088B09A808A9098E77
:1078F300828F83E8F0A3E9F0E84960031279C002BC
:10790300788B74F61203D6127485700612207002F7
:1079130079B6EC4D606DE8FAE9FB8C828D831279C0
:10792300E08A828B83A3A3A3A3A3A3A3A3A3E0FEC1
:107933008C828D83A3A3A3A3A3A3A3A3A3E06E70AD
:10794300348A828B83A3A3A3A3A3A3A3A3A3A31276
:1079530079D2A3A3A3A3A3A3A3A3A3A3E06E7003BA
:10796300A3E06F70108A828B831279D2E06E70036A
:10797300A3E06F6035EA240FF582E43BF5831279C7
:10798300EF709EE8240FFEE43912748870F57A11C3
:107993007B001210E08A088B09A808A9098E828F40
:1079A30083E8F0A3E9F0E84970067A007B00800AD7
:1079B3001279C08E828F831279E902788B1279C88B
:1079C300E4F0A3F022E8240FF582E439F5832212D0
:1079D30079DA8C828D8322E0FEA3E0FF22E0FCA310
:1079E300E0FD22900314E0FAA3E0FB22E0FAA3E017
:1079F300FBEA4B2274F41203D612748560358E08A9
:107A03008F09801CEA240FF50AE43BF50B1210E6FC
:107A1300850882850983E4F0A3F0850A08850B09AC
:107A23008508828509831279EF70D98E828F83E46A
:107A3300F0A3F002724374F61203D674E6120940FF
:107A43008A828B83E0147003027AEB24FE600302C4
:107A53007C03901A72E064016008E0640260030230
:107A63007C038A828B83A3A3E06006146018027CE4
:107A7300038A828B83A3E070051220BE80647900A1
:107A83001220C4027C038A828B83A3E0700C9003D0
:107A9300117402F09089BC027BEF121C988A088B48
:107AA3000974FE6508700474FF6509700D9018452C
:107AB300E064FE7003A3E0F4601D7407120B4574C9
:107AC300FEF0A304F090184514F0A304F074071219
:107AD300093079531216DA121D46121806901854FB
:107AE300E4F01220B8027C03901A72E0640160088B
:107AF300E064026003027C038A828B83A3E060114B
:107B03009019CBE004F0F8A3E0C39850047A008006
:107B130071900310E014600C14606E147003027B08
:107B2300B3027C03901A37E06051121AE8E97047F8
:107B33009019CDE0702D7419120B457402F0741175
:107B4300120B45E4F0A3F0F50878081208B47902A3
:107B53007C007D007412120930121578740112082A
:107B630072807A90031B12748D7003027C0312746B
:107B73007712054E027C0379018002790012212AD3
:107B83007A0179011220DC80777403120B45E4F04B
:107B93007404120B457404F014120930121AD67AC5
:107BA300007B10900304E0F91211A6901A38803C70
:107BB30074091209387A007B0079AB121A3A7409F6
:107BC300120928851882851983E8F0A3E9F0740265
:107BD300120B457404F0AA18AB19121ADC7A007B55
:107BE30010900304E0F91211A69089CC1206B87A1A
:107BF300007B10900304E0F912119A7404120872C6
:107C0300741A02788874EF1203D6890A8A0F8B10CC
:107C13008C0BEC60587411120B4512787EE5084505
:107C230009604A74022CFA7B001210508A0C8B0DE7
:107C3300AE0CAF0DEE4F603585080C85090D750E42
:107C430000780C1208ACAC0B7D00EE2402FAE43F82
:107C5300FB12102C74031208728E828F83E50FF0CF
:107C6300A3E510F0EEFAEFFBA90A12105C7F0902FC
:107C730005EDC082C083900319026938C082C083B6
:107C8300900316E004F0F902693DEAF0A3EBF02259
:107C930074F71203D6121FDA121F0879011216CED7
:107CA300E9FE79FF1210A4EEF9806574F71203D68A
:107CB30074FF120940121FD4E9FE851882851983C7
:107CC300E4F0AA18AB197956120E827A967B0C79D6
:107CD300E2120E82127DEE60129017CFE0FAA3E05B
:107CE300FB1210E69017CFE4F0A3F0EEF9801C74BA
:107CF300F71203D6E9FE74E26E700B7C967D0C12CC
:107D030011D079008003120E7C8005740112087271
:107D13007F010205ED74F71203D68908EAFEEBFF33
:107D230074E26508700BEEFCEFFD7A967B0C121182
:107D3300D0EEFAEFFBA908120E8280D4C082C08372
:107D43008A828B83A3A3A3A3A3A3A3A3E4F0121FF9
:107D53000E027F2274F41203D6EAFEEBFF8E828FAB
:107D630083120B229017CB120B2E127DEE60047937
:107D7300FC80418E828F83A3A3A3A3E0F8740368DE
:107D8300601D127F5A70307A1B7B001210E0127D47
:107D9300DB60417C1B7D007900121038127F7C8EE2
:107DA300828F83A3A3A3A3A3A3E4F0EEFAEFFB12B2
:107DB30020167900027F558E828F83A3A3A3A3A3EA
:107DC300A3A3E060DA75F021A4FAABF01210E0127D
:107DD3007F6570CB791A80DC8A0A8B0BA80AA90B02
:107DE3009017CFE8F0A3E9F0E849229017CFE0F825
:107DF300A3E0F9E84922C082C083EA2413F582E4B0
:107E03003BF583E4F0121F14027F2274EC1203D6B5
:107E13008A088B098C128D13EA241EF510E43509A8
:107E2300F511EA241CF582E43509F583E0FBEA2425
:107E33001BF582E43509F583E0FA85108285118309
:107E4300E0F9121E788A0A8B0BAE0AAF0BEE4F7065
:107E530003027F1B85080C85090D750E00780C1233
:107E630008AC7C137D00EE2426FAE43FFB12102CB1
:107E73007403120872EE2402F50AE43FF50BE508D9
:107E8300241FF582E43509F583E0F50CA3E0F50D35
:107E9300780C1208AC851082851183E0FC7D008587
:107EA3000A82850B83E0FAA3E0FB12102C74031201
:107EB3000872E508241350020509F50C85090D78AD
:107EC3000C1208AC7C0B7D00EE241BFAE43FFB1282
:107ED300102C7403120872E512451360308E828FE2
:107EE30083A3A3A3A3E0F96024850A82850B83E01F
:107EF300FAA3E0FBEA4B6015851282851383120512
:107F03004EE96009EEFAEFFB121056800BEEFAEF22
:107F1300FB121E7279008002791A7F0C0205ED793B
:107F230000D083D08202085A7900027D13C082C038
:107F330083120D3280E9C082C083120D3880E2C003
:107F430082C083120D3E80D974F71203D6120D44FA
:107F530080D67F040205EDEE2416F508E43FF5090B
:107F6300E8228A0A8B0BA80AA90B85088285098354
:107F7300E8F0A3E9F0127DE3229017CFE0240BF899
:107F8300A3E03400F9850882850983E8F0A3E9F0CA
:107F93002243FE2053F4DFD29543FE4053F4BF4304
:107FA300FF0153F5FED2A043FE1053F4EF43FE014D
:107FB30053F4FE02085A74F71203D6C2A0C29412F5
:107FC3000C9CD2A07F010205ED74F71203D6C2A068
:107FD300D29480EB7808C295E9A2E74004C2968068
:107FE30002D296C333F9D29518E870EA02085A020E
:057FF300085A02085AC3
:108000000000000000000000000000000000000070
:10801000000000F800000000000000333000000005
:1080200000100C06100C060000000000000000000C
:1080300040C07840C0784000043F04043F0404007E
:10804000007088FC08300000001820FF211E00008E
:10805000F008F000E018000000211C031E211E00A3
:1080600000F00888700000001E2123241927211029
:1080700010160E00000000000000000000000000CC
:10808000000000E018040200000000071820400073
:1080900000020418E0000000004020180700000063
:1080A000404080F0804040000202010F01020200C7
:1080B000000000F0000000000101011F01010100AB
:1080C000000000000000000080B070000000000010
:1080D0000000000000000000000101010101010199
:1080E0000000000000000000003030000000000030
:1080F0000000000080601804006018060100000005
:1081000000E010080810E000000F102020100F0001
:10811000001010F8000000000020203F2020000088
:1081200000700808088870000030282422213000E0
:1081300000300888884830000018202020110E00E8
:108140000000C02010F8000000070424243F240091
:1081500000F80888880808000019212020110E0066
:1081600000E0108888180000000F112020110E0078
:1081700000380808C83808000000003F0000000070
:108180000070880808887000001C222121221C0031
:1081900000E010080810E0000000312222110F005A
:1081A000000000C0C00000000000003030000000EF
:1081B000000000800000000000008060000000005F
:1081C0000000804020100800000102040810200078
:1081D00040404040404040000404040404040400C3
:1081E0000008102040800000002010080402010058
:1081F000007048080808F000000000303601000058
:10820000C030C828E810E0000718272423140B000A
:108210000000C038E0000000203C23020227382084
:1082200008F8888888700000203F202020110E0068
:10823000C03008080808380007182020201008005F
:1082400008F808080810E000203F202020100F0048
:1082500008F88888E8081000203F20202320180014
:1082600008F88888E8081000203F2000030000007C
:10827000C03008080838000007182020221E02001D
:1082800008F808000008F808203F210101213F20DC
:10829000000808F8080800000020203F2020000007
:1082A00000000808F8080800C08080807F000000F7
:1082B00008F888C028180800203F20012638200030
:1082C00008F8080000000000203F20202020300097
:1082D00008F8F800F8F80800203F003F003F2000B1
:1082E00008F830C00008F808203F200007183F00B9
:1082F000E01008080810E0000F10202020100F00E8
:1083000008F808080808F000203F210101010000DA
:10831000E01008080810E0000F18242438504F001F
:1083200008F8888888887000203F2000030C3020DF
:1083300000708808080838000038202121221C001D
:10834000180808F8080818000000203F2000000066
:1083500008F808000008F808001F202020201F004F
:108360000878880000C83808000007380E010000AF
:10837000F80800F80008F800033C0700073C030079
:10838000081868808068180820302C03032C3020DF
:108390000838C800C83808000000203F200000004E
:1083A00010080808C83808002038262120201800A6
:1083B000000000FE020202000000007F404040007A
:1083C000000C30C000000000000000010638C000B2
:1083D00000020202FE000000004040407F0000005A
:1083E000000004020202040000000000000000007F
:1083F000000000000000000080808080808080807D
:108400000002020400000000000000000000000064
:1084100000008080808000000019242222223F205A
:1084200008F8008080000000003F112020110E009D
:108430000000008080800000000E1120202011002C
:10844000000000808088F800000E112020103F20DE
:108450000000808080800000001F22222222130062
:10846000008080F0888888180020203F20200000AD
:108470000000808080808000006B94949493600062
:1084800008F8008080800000203F210000203F206D
:1084900000809898000000000020203F202000006D
:1084A000000000809898000000C08080807F00005D
:1084B00008F8000080808000203F24022D3020003A
:1084C000000808F8000000000020203F20200000E5
:1084D0008080808080808000203F20003F20003FFF
:1084E0008080008080800000203F210000203F200D
:1084F0000000808080800000001F202020201F00BE
:10850000808000808000000080FFA12020110E00EC
:108510000000008080808000000E112020A0FF80DD
:10852000808080008080800020203F21200001008A
:1085300000008080808080000033242424241900DF
:10854000008080E0808000000000001F20200000EC
:108550008080000000808000001F202020103F202D
:10856000808080000080808000010E3008060100BD
:1085700080800080008080800F300C030C300F0062
:1085800000808000808080000020312E0E3120008D
:10859000808080000080808080818E7018060100BD
:1085A00000808080808080000021302C22213000DB
:1085B00000000000807C020200000000003F4040FC
:1085C00000000000FF00000000000000FF000000AD
:1085D0000002027C800000000040403F00000000DC
:1085E0000006010102020404000000000000000077
:1085F000BDF180804020100824C304081020408072
:108600008000000000020202028242221A060000DC
:108610000000CCEC40404242424242FE42424242D2
:108620004240400080804020100C0300030C1020CA
:1086300040808000C6F820104C4754545454545481
:1086400054D40404000000000000000000000000FA
:10865000000F3040F000CEC21060028C0000FE928D
:1086600092929292FE00000004047E01407E4242FB
:108670007E427E42427E4000B6C80000FC24242494
:10868000FC252624FC242424040040308F80844CC4
:1086900055252525554C80808000A3BA0000000098
:1086A000000000000000000000000000000036365E
:1086B000000000000000000000000000A1E6060924
:1086C00009E6F80C040202020202041E0000000087
:1086D00000071F3020404040404020100000CAAA40
:1086E0001060028C00FE929292929292FE00000024
:1086F00004047E014448507F40407F50484440007D
:1087000007000A000C000D000E000F001000110001
:1087100012001300140019001B00000101010002E7
:108720000102020400040104030404040504060415
:1087300000050206030604060506060607060806E7
:1087400009060A060B060C060D060E060F06100695
:1087500011061206130604070009000B010B020B99
:10876000030B0500060008000900160002010202C2
:108770000302000301030105020500060106040BC4
:10878000140615061706000701070207030700096C
:1087900005090000000000000000000000000000CB
:1087A00000000000000000000000000000000000C9
:1087B00000000000000000004A1F841B300C32192A
:1087C000C219CE13DC1182209213103230303630B1
:1087D00038333120202020202020201054493030F0
:1087E00030312020202020202020202010546578A7
:1087F0006173496E737472756D656E7473546578C8
:108800006173496E737472756D656E747300537421
:1088100061727444657669636520455252005273F3
:1088200070204E6F6E204D617463686564004D6109
:1088300074636820446573632052657100417373EB
:108840006F6320436E66206661696C005045524933
:108850004F443A5041555345004D4F444520756EA5
:108860006B6E6F776E00456E65726779204C65762A
:10887000656C0048656C6C6F20576F726C642100EA
:10888000504552494F443A25646D73004E6F6E2037
:108890004D617463686564004E45543A4F46464CDA
:1088A000494E45005363616E204661696C65640002
:1088B000456E644465766963653A00000000000017
:1088C00000000000004173736F6320436E66004E2A
:1088D00045543A5458204F4B00000000000000005F
:1088E00000000042572053544147453A0000000021
:1088F000000000000000005273702053656E740089
:108900005458204641494C3A000000000000000045
:1089100000000000000000000000506172656E74ED
:108920003A00FFFFFFFFFFFFFFFF537563636573AF
:108930007300FFFFFFFFFFFFFFFFFFFFFFFFFFFFD2
:10894000FFFF03060300080074494545453A20002F
:1089500003000600040082003A003B000000030010
:1089600007005345513A0025730D0A0000E1F50553
:108970000400000019E0FCFF000000FFFFFFFFFF04
:10898000E71F03000A00000030750000FEFFFFFF34
:1089900001000080004800009751180019000000F5
:1089A00064000000010000000000FF00E803000078
:1089B000E20400000300000010270000B80B0000D4
:1089C000983A000000000000C80000008813000072
:1089D000E90300000B00000032000000F8FF000077
:1089E000300000000100300009000001C082C08397
:1089F000120B709017F3743EF0A37419F09017F5F2
:108A00007444F0A37419F09017F7744AF0A3741922
:108A1000F09017F97450F0A37419F002C4D874F7E9
:108A20001203D6E9FE9017E7E4F0EE9017E6F07C2B
:108A3000C07D177AE87B171211D0901A66E0901764
:108A4000F0F09017F174AAF0A37417029A5774F01B
:108A50001203D6EAFEEBFF54807003028BC090171E
:108A6000E6E0F91210688A088B09EA4509700302EA
:108A70008BB9EA241B12D48C707CEA241F12D48C8C
:108A800064137002A3E0706E8A828B83128C18903C
:108A9000180112C73A750A00750B00800D1298D1A3
:108AA00012CB741210E6AA0EAB0FEA4B60488A8212
:108AB0008B83E0650C7004A3E0650D702C8A828BBB
:108AC00083A3A3A3A3E0F50EA3E0F50FE50A450BEE
:108AD0008A828B83A3A3A3A360C3129D65850A82A8
:108AE000850B83A3A3A3A380B78A0A8B0B8A828BEF
:108AF0008312C73680B4E508242A12D48CFCE5081A
:108B00002402F8E43509F9E8FAE9FB901801E012CB
:108B1000B789E0640270358A828B8312C73A800776
:108B200088828983129D61E849601C88828983E07C
:108B30006A7003A3E06B70E888828983A3A3E06C6A
:108B400070DE128C0D806BECF912197A8508828523
:108B50000983E06401704FE5082418128C001208A4
:108B6000B412CC941206B8E5082412128C00120834
:108B7000B4E50812A6CD1208B0E508240B12CC9873
:108B80001206BCE508241712A111E5082402FCE432
:108B90003509FDE5082419FAE43509FB122196741C
:108BA0000A120872800CE064027007AA08AB09126E
:108BB0001AB2AA08AB09121056EEFAEF648080369A
:108BC000EE5402600C901A7F7401F0EE6402FA8099
:108BD0002CEE540860231219748B09EA45097011B0
:108BE00090180312CB547A08FB9017E6E0F91211A3
:108BF000A6EE6408FAEFFB80047A007B0002D2F351
:108C0000F582E43509F583E0F50A780A22901A6CBA
:108C100012C399A3A3A3F022A3A3E0F50CA3E0F54C
:108C20000D2274F41203D68A088B098A828B83A3DF
:108C3000A3A312B3FD12A33538F583E02409FA7B10
:108C4000001210508A0A8B0BAE0AAF0BEE4F700366
:108C5000028CEC8E828F83740212B45F8508828549
:108C60000983129B39E8F0A3E912CF45A3A3A3A37C
:108C7000A3A3A3F0E5082403F8E43509128CEE124F
:108C8000A3353AF583129D73F0EE2409FAE43FFB15
:108C90008E828F83A3A312C647F5838882E0A2E564
:108CA0008E828F83A3A3A3A3A3500474018001E445
:108CB000F0E5082403F88882898312C73AEA12BBD8
:108CC000A53BF58312E4D11208AC12A3343B12C7C2
:108CD0004B8E828F8312C73812102C7403120872C5
:108CE000EEFAEFFB9017E6E0F912105C8010F988BD
:108CF000828983E0FAA3E0CA2274021208727F0418
:108D00000205ED74F21203D68A088B09ECFAEDFB2A
:108D1000740E120B45E0FC120BA08A0C8B0DAE0CEE
:108D2000AF0DEE4F6030AC08AD09120B8EE9602636
:108D3000AC08AD09EEFAEFFB120B94E970148E82C9
:108D40008F8312A84FFAEFFB120B88AA08AB091207
:108D50000BB87900800279B402B6D874F01203D649
:108D600074F6120940EAFEEBFF8C088D09750FB30B
:108D7000851882851983E4F0750E008002050E9037
:108D800027ABE493F8E50EC3984003028E8AAA0E3F
:108D90007B00120BDC8A0A8B0BEA450B60DF8A82B0
:108DA0008B83A3A3128E9128F0F8C3EE98EF940062
:108DB00050CB7C157D007900AA08AB0912103885CC
:108DC0000A82850B83A3A3A3A312C51CE0F8EEC3FC
:108DD000982925E0F8E433F9E50A28F582E50B390E
:108DE000F583A3A3A3A3A3A312A34BA3A3A3A3A30A
:108DF00012CB74121C928A0C8B0DAC0CAD0DAA0810
:108E0000AB091211D0850A82850B83A3E06401703F
:108E10000A12CC94740112A35F80447401120938C1
:108E2000850A82850B8312C738120BC4E9603D7432
:108E300009120B45E0C0E012CC94D0E0F0740912A6
:108E40000B45E0640370137401120938E508240B24
:108E5000FAE43509FB1211D080127401120B45128D
:108E60009D65E50812C192350912CB72850A82858B
:108E70000B8312CCA012A35FA3A3E0C0E0E50824FB
:108E80001412CC98D0E0F0750F00A90F740A02D22A
:108E9000F0A3A3A3E0F8851882851983E02274F774
:108EA0001203D6E9FE8A828B83A3A3A3A3A3A3E024
:108EB000540860338A828B83A3A3A3A3A3A3E054A3
:108EC0000260218A828B83A3A3A3A3A3A3A3A3A34A
:108ED000E06406600F74E96E600A74CD6E6005741C
:108EE000F06E700312195C02AFE974F01203D674CD
:108EF000EF120940740F120B4512B5D27408120B11
:108F000045E9F0ECFEEDFF7405120B45E412952BDC
:108F1000129208120BAC7406120B4512B5D27406ED
:108F2000120B4512BC1370030291B512A5ECE0FAC6
:108F30007406120B45E0F912189C85188285198376
:108F400012D757F8A3E0F9E84970030291B5EE246F
:108F500003F50AE43FF50BEE2406F508E43FF509B6
:108F60007C00850882F58312C73A850A82850B83C7
:108F7000E0F9120BB27403120B4512B5D2850A82C6
:108F8000850B83E0C0E0851882851983129216D084
:108F9000E012BD17F98518828519831298E412B87A
:108FA00066128E94FAA3E0CA2407F582E43AF583A8
:108FB000E8F0A3E412CA472406F582E438F583E416
:108FC00012D6E512B3EE1208ACEE12A3353F12C76B
:108FD0004B7403120B4512B3FD129B3012C73A12A9
:108FE000102C74031208727429120B4512C5161244
:108FF0008CF312BD2A3A12CB72742B120B45E0C0CF
:10900000E085188285198312BBDCD0E0F07402126F
:109010000B45E4F07425120B457808120AEE029114
:10902000037403120B4512C6FD888289831291FDD9
:10903000A3A3A312C1CEFB120BCA850E82850F8398
:10904000A3EAF0A3EBF07403120B45129216A312DD
:1090500091FD12C3D6A2E6500F850E82850F83A321
:10906000A3A3A3A3E0D2E1F07405120B45E0706A5C
:10907000850E82850F83129D64901845E068700309
:10908000A3E0697055850E82850F83A3A3A3129F69
:1090900017750C00780C1208B478081208A8742907
:1090A000120B45E0F50C780C1208B47427120B452E
:1090B0001206BC9018521206BC79007419120B45A6
:1090C00012B5C4121AFA740A120872850E82850F3C
:1090D00083A3A3A3A3A3E04405F07402120B45E00D
:1090E00004FC8E828F83A3A3A3A3A3A3E012920800
:1090F000120BB27403120B4512B5D27402120B4557
:10910000E004F07403120B4512BC13607074021279
:109110000B45E0FA7406120B45129D65C3EA98E40C
:1091200099505A7402120B451294E18518828519E0
:1091300083E028F8A3E039F9E8240FF50EE439F5C7
:109140000F850E82F583E4F07403120B4512D740AD
:10915000E0640160030290217405120B4574011252
:10916000D2DEF07403120B4512C4C8F8A3E0F985EF
:109170000E82850F83A3E8F0A3E90290458518824B
:1091800085198312C73A1218A2851882851983128D
:1091900006BC7426120B45E0FD7425120B45E0FC5D
:1091A000740A120B45E0F9EEFAEFFB12195674023D
:1091B00012087280438E828F83A3A3A3E0C0E07461
:1091C0000C120B45D0E0F012D18AE0C0E0740D1211
:1091D0000B45D0E0F07406120B4512BC13700974F5
:1091E0000E120B4574B98007740E120B457410F003
:1091F0007409120930121AF4741102D2F0E0850ECB
:1092000082850F83A3A3A322FAA3E0FB8E828F8320
:10921000A3A3A3E0F922E012CA2BA3A3A32274F014
:109220001203D674E11209407404120B45E9F0747C
:1092300003120B45ECF07402120B45EDF08A0E8B15
:109240000F742F120B45128C1AAA0CFB1218907473
:1092500001120B45E9F0AA0CAB0D1218967401121D
:109260000B45E070030294DC851882851983E48045
:10927000158E828F83A3A3A3A3A3E0D2E3F0851866
:1092800082851983E00412D25BF8851882851983E0
:10929000E0C39840030294D37401120B45E07003BD
:1092A0000294D38518828519831294E1E50C28F87D
:1092B000E50D39F9E8240FFEE439FF8E828F83A390
:1092C000A3A3A3A3E0A2E040B5750800750A087542
:1092D0000B007402120B45E060037508207C087DCA
:1092E00000790074051209301210388E828F83E0E5
:1092F0006045901895E06401701DE508D2E3F5081B
:10930000750B10129507120B4512CB748E828F834A
:10931000A3A3A374FF807A43080C750A0C8E828F76
:1093200083A31294FDA3A3A3A312CB747405120B01
:109330004574FFF0A3805A7404120B45E06009E500
:1093400008D2E6F508750A0A8E828F83A3E064FED0
:109350007003A3E0F470307412120B45740412957C
:109360002BF8741D120B45E812B45F741212093009
:109370001217BE7D007C0079007415120B45AA827D
:10938000AB8312157E800B129507120B45E8F0A3F4
:10939000E9F07407120B45E508F012A5E3C0E0748C
:1093A00009120B45D0E0F0740A120B457401F074F9
:1093B00005120930121AB87411120B45E06003024D
:1093C00094B1740D120B4512BD128E828F83A3A32C
:1093D000A3A3F0740D120B4512B425E50AF0A3E522
:1093E0000BF07403120B45E0C0E012B3D0D0E012D2
:1093F000C3D66011901895E0C0E0740D120B4512B1
:10940000B41BD0E0F0740D120B45129D65850C82E3
:10941000850D83A3A31294F3241C12B5CC12D6F5A8
:109420001294F812C38C3912D197C0E012B3B7D09E
:10943000E012D250C0E0740D120B4512AEEFD0E036
:1094400012CF6DC0E0740D120B4512AEE5D0E0F006
:10945000740D120B451294FD12951212D2D3129470
:10946000F3242C12B5CC12A5D2C0E012AEC9D0E0C4
:10947000F0740D120B4512C73A850E82850F8312C8
:1094800094EA2428F582E43B12CB7212A5DB12E4A5
:10949000D11208AC12C744EA12C9DC3BF58312C7EB
:1094A0003A12102C74031208727405120930121A41
:1094B000BE8E828F83A3A3A3A3A3E0D2E0F0741196
:1094C000120B45E060030292717401120B45E01427
:1094D00002927D7900AA0CAB0D121962741F02D2A0
:1094E000F0E075F007A4F8A9F022A3A3A3A3129DAE
:1094F00069EA22A3A3A3A3A312C73EE822129D698F
:10950000850E82850F83228E828F83A3129D6974BC
:109510000522A3A3A3A3A3A3E0FAA3E0FBE8242AC4
:10952000F582E439F583EAF0A3EB2212952F22129B
:109530009A63E02274F01203D674E8120940E985B8
:109540001882851983F08A0E8B0F8A828B83A3A3DE
:10955000A3A3A3A3A3A3E0F91218BA8A088B09EA6C
:109560004509700302960AE50E12AFC712A607124C
:109570009FEB851882851983E0600302960D7C04B9
:10958000850E82850F83A3A3A3A3A3A3A3A3E0F9BE
:109590001218C0EE4F60738E828F83129D61740724
:1095A000120B4512CB7E129D657409120B4512B445
:1095B00087C0E07411120B45D0E012CF53A3A3A3D0
:1095C000129D61740F120B4512CB747412120B456D
:1095D000E412D2E6C8241FF582E438F58312C6F9F6
:1095E000C413135403FC70027C048E828F83E0F951
:1095F00078081208B0742059FD744059F9740312A8
:109600000930121956740212087202D2EE7C0885D3
:109610000E82850F83A3A3A3A3A3A3A3A3E0F912A0
:1096200018C08B0BEA450B7003029593EE4F60DA7E
:10963000851882851983E0F50C780C1208B485082A
:1096400082850983A3A3A3A3A3A3A3E0F50C780CAD
:109650001208B48A828B83A3A3A3E0FB8A82850BC2
:109660008312D7278A82850B83E0FA8E828F83A3A9
:10967000A3E0F912219C740212087202959774F704
:109680001203D674FA120940E9FE780179017F00CD
:10969000800379000F12B75FE0FCEFC39C5026EF08
:1096A00075F007A4FC85F008AD08EA2CFCEB3DFD45
:1096B00012AD47E0A2E050DA540C60D6E0A2E250CE
:1096C000D3780080CF8A828B83A3A3A3A3A3A3E034
:1096D000703DE9A2E0400574016E70338A828B838D
:1096E000A3A3A3A3A3A3740112ADB1E0C0E07403CC
:1096F000120B45D0E012ADA9E0C0E07404120B4596
:10970000D0E0F07405120B45E812C754121AF47435
:109710000602AFE6C082C083790112196202C4D882
:1097200074F41203D6EA4B901A7F6022E4F08A08A0
:109730008B09F50AF50B78081208A87A027B0090CD
:1097400017E6E0F912119A7404120872800F74017E
:10975000F07A027B009017E6E0F91211A6028CFE67
:1097600074F01203D674F31209407403120B45E42B
:10977000F0A3F0901801129FEB7401120B45E4F076
:10978000A312B45704F090183FE0A2E350030298EC
:109790005B1211B8EAF8EBF9ECFAEDFB7409120B65
:1097A00045120B2E7409120B457808120AEE901818
:1097B0000378081209107405120B457808120ADFA5
:1097C0001298D87405120B457808120AB050077A1F
:1097D000017B000298CC7405120B45780C120AEE3E
:1097E000901A6BE0F509780C7908120367A80CA9A8
:1097F0000D901A6CE0C398E4995003E08001E8856D
:109800001882851983F07409120B457808120AEE44
:10981000C008C009C00AC00B7405120B45780C12B1
:109820000AEE1298D8780C7908120367E4F50AF565
:109830000BD00FD00ED00DD00C780C79081209BFC8
:10984000901803780C120ADF80111298D112CB7491
:10985000EEFAEFFB1210E6AE08AF09EE4F60658E30
:10986000828F83128E91C398502DEE2403F8E43F2B
:10987000F9E0FA88828983E0C39AF06023740312C6
:109880000B4512AA907401120B45EEF0A3EF12CB18
:1098900099FEA3E0FF80C48E828F83A3A3A3E4F08C
:1098A0008E828F8312E49A7401120B4512BC138EC0
:1098B000828F83A3A3A3A3609112CB65120B4512E1
:1098C00098E480897403120B4512C73A740D02D2D2
:1098D000F0129D6990180122901A6A12E4A2E4F530
:1098E0000AF50B2212C1A6A3A32274F01203D68A92
:1098F000088B09890A78007900901801129FEB12F1
:10990000B5BB601E088E828F83A3A3A3A312B5BE2E
:10991000601008E87001098E828F83129FE7EE4F76
:1099200070E3901A6D12C73AC3E89AE99B400302AC
:1099300099DB7A067B001210E08A0C8B0DA80CA92B
:109940000DE84970030299DB88828983E508F0A35A
:10995000E50912ADC0A3E50AF0128C0D8882898357
:10996000A3A3A3A3E4F0A3F012B5BB600D8E828F76
:1099700083A3A3A3A312CB74801F90180112CB74EE
:1099800090183FE0A2E340111211B8EAF8EBF9ECAD
:10999000FAEDFB901803120B2E90183FE0A2E35053
:1099A0003A7A087B009017E6E0F91211ACEA4B4CCA
:1099B0004D7028901A6AE0F508A3E085080CF50DB3
:1099C000E4F50EF50F780C1208A87A087B009017C2
:1099D000E6E0F91211A0740412087202D2F3C082F8
:1099E000C083E9901A80F09017FB7498F0A3741963
:1099F000F09017FD74AAF0A37419F09017FF74BCCF
:109A0000F0A37419F002C4D874F71203D6EAFEEB7F
:109A1000FF8908EE4F7003120C1290180712BC1346
:109A20007008901807801E129D6588828983A3A301
:109A3000A3A3A3A3A3A3A312A770A3A3A3A3A3A3B6
:109A4000A3A3A370E2EEF0A3EF129A5BA3A3A3E497
:109A5000F0A3129A5BE508F002AFE9129A5F2212B6
:109A60009A6322F08E828F83A3A3A3A3A3A322745D
:109A7000F71203D6E9FD901807800D88828983A329
:109A8000A3A3A3A3A3A3A3A312BC136034888289B6
:109A900083A3A3A3A3A3A3A3E06D70DF888289831C
:109AA000A3A3A3A3E06A7003A3E06B70CE888289AE
:109AB00083A3A3A3A3A3A3E06C70C0E8FAE9FB808F
:109AC000047A007B0002AFE974F71203D6901807FE
:109AD000129FEB9018071294EE687002EB697019F0
:109AE000E0C8129B30129D6590180712CB74901835
:109AF00007129FEB8030129FDEEE4F60298E828F1F
:109B000083A3A3A3A3A31294EA687002EB6970E68F
:109B10008A828B83A3A3A3A3A3A3A3A3A3129B398A
:109B2000A3A3A312CB741210E6EEFAEFFB02AFE987
:109B30002409F582E438F5832212A343A3A32274F7
:109B4000F01203D674F91209408A0C8B0D8A828BAD
:109B500083A3A3A3A3A3A3A3A3E060336401602F03
:109B60008A828B8312C73A121D10E97022850C82FB
:109B7000850D83A3A3A3A3A3A3A3A3E064037014ED
:109B80007402120938AA0CAB0D121A4CE97016793E
:109B900002029D54850C82850D83129D657402120C
:109BA0000B4512CB74E50C241112D6ED243412C6E9
:109BB000511210E08A088B09AE08AF09EE4F70030E
:109BC000029D527C347D007900121038AA18AB191E
:109BD000850C82850D83A3A3A3A3A3A3A3A3A3E0C2
:109BE000F912215A851882851983E0C0E0129D5927
:109BF000D0E0F0EE242EF50EE43FF50F7401120BC9
:109C000045E0850E82850F83F07901EEFAEFFB12B5
:109C10001986850C08850D09750A0078081208ACAC
:109C20007C1E7D00EE240BFAE43FFB12102C740323
:109C3000120872EE2432FAE43FFBEE2434F8E43FDB
:109C4000F98A828B8312CB74E50C2411FCE4350D68
:109C5000FD8C828D8312B861243012CB6EE50C121C
:109C6000AD5912D70A12E4C31208AC8C828D83124C
:109C7000D7288A828B8312C73A12102C74031208D9
:109C8000727402120B4512A33F12CB749017E712A5
:109C90009D73A3A3A3F09017E7E004F01211B88E10
:109CA000828F8312AF08242CF8E43FF9E8FAE9FB2D
:109CB0007508FF750900850E82850F83E07808120C
:109CC00009FA8A828B83E508F0EE242B12A0FE7439
:109CD00004120B45E4F0E50C241512D6EDA2E07455
:109CE000055007120B4574018004120B45E4F0EE99
:109CF0002429F508E43FF509740412093012217291
:109D0000E924FE850882850983F0EE243012A1083B
:109D1000129D7A12028EE88E828F83A3A3A3A3A33F
:109D2000A3A3A3F0129D7A12028E8B09EA45096063
:109D30000F8E828F83A3A3A3A3A3A3A3A3E004F006
:109D4000EE242012C065440812A63B12109279003E
:109D500080027910740702D2F0EE12C9DC3FF5835D
:109D600022A3A3A3A3129D6922129D6D22E0F8A352
:109D7000E0F92212CF4CA3A3A3228C828D8312C1BF
:109D8000B0E0FA7B002274F41203D6EAFEEBFF1275
:109D900011B88E828F8312B5D2901A60E0F8EE244B
:109DA0002D12C065C3984003029EF4129F067012E4
:109DB000EE242D12C0650412B7A8C0E012A0F4D0A2
:109DC000E0F012B767FA7900800109EE242E12C084
:109DD00065F8E9C3985026750801750900E9780807
:109DE0001209FA129F06550860E0E92AFA7508017F
:109DF000750900E978081209FAE04508F0EE24290F
:109E000012C065FBEE2430F582E43FF583EA8BF067
:109E1000A4F8ACF0E42CF9E098F8A3E099F9EBFC95
:109E2000C3E89CE99400EE4031242912C065F81281
:109E30009F06602C129D59129F17A3E4F0EA704709
:109E4000EE242012C065442012B48BC0E012B796F5
:109E5000D0E012B7A0FCA3E0805512A0F574FFF08B
:109E6000901835E0FC901A63129F0EADF075F06407
:109E7000A4FCABF075F064EDA42BFD8E828F83A360
:109E8000A3ECF0A3ED80B5EE242012C06554DF12E0
:109E9000B791EAF0FCEE2429F582E43FF583129FA6
:109EA0000EFCADF0EE243212C0652CFCA3E03DFDAB
:109EB00012D231ECF0A3ED12CCC8C0E0EE2425F5AF
:109EC00082E43FF583D0E0F0EE241CF582E43FF518
:109ED00083E812B45F90180912BC13600BEAF91200
:109EE000DFD412054EE9701BEE240BFAE43FFB129F
:109EF0001A22800F7BE912A1211221A2EEFAEFFBB8
:109F0000121992028CFEEE242B12C0C0F422E0F54E
:109F100008EC8508F0A42212CF4CA3F02274F412AE
:109F200003D6901807129FEB1211B88A0A8B0B7890
:109F3000FF79FF8020E0C39AFCA3E09BFDC3EC986F
:109F4000ED99500E8E828F83A3A3E0C39AF8A3E00D
:109F50009BF9129FDEEE4F60598E828F8312C73AB3
:109F6000E50AC39AFAE50B9BFB8E828F8312D726F4
:109F7000C3EA9CEB9D8E828F83A3A340B8A3A3A3C7
:109F8000A3E06402701712A5F8600912A5EC12C7CD
:109F90003A121056EEFAEFFB1219928007EEFAEF22
:109FA000FB12199E7A017B00901A80E0F912109240
:109FB000802974FF68700374FF69601F880889092D
:109FC000E4F50AF50B78081208A87A017B00901ACC
:109FD00080E0F912119A7404120872028CFE8E82CB
:109FE0008F83A3A3A3A3A3A3A3A3A3E0FEA3E0FF44
:109FF0002274F31203D68A088B09ECFAEDFB890C64
:10A000007C01E508241112A11112198C8A0A8B0B0C
:10A01000AE0AAF0BEE4F700302A0EFE50C60030237
:10A02000A0EF12CC9412A11B68600302A0EF12B73C
:10A030005512C07B8E828F83A3A3A3A3A3A3A3A344
:10A04000E0FAE89AE99400C365D033401812D48846
:10A05000F470127B0012A1211221A2EEFAEFFB1282
:10A06000199202A0EF12D488F47043EE242BF8E486
:10A070003FF9E8FAE9FBEE242E12A1087508FF75F6
:10A0800009008C828D83E078081209FA8A828B831A
:10A09000E508F0EE242C12A0FE8C828D8312A11B09
:10A0A00028F0EE242DF582E43FF583E48021E508D5
:10A0B0002414F8E43509F9E0C0E0EE242CF582E43C
:10A0C0003FF583D0E012C62BC0E012A0F4D0E0F040
:10A0D0001211B88E828F8312AF08129D5A12C0716E
:10A0E000A312B45F7A01FB901A80E0F91210927FFC
:10A0F000050205EDEE242BF582E43FF58322F5827F
:10A10000E43FF583E508F022F8E43FF9E8FCE9FDD7
:10A1100022F582E43509F583E0F922E0F812B76B05
:10A1200022EE242212C0C0FAEE241412C0C0F9227A
:10A1300074F01203D674FB1209407403120B45121B
:10A14000B441E9851882851983F08A0A8B0B8A82CB
:10A150008B83A3A3E0F912217E8A0E8B0FEA450FB1
:10A1600070077A007B0002A32F7A127B001210E0A6
:10A170008A088B09EA4509700302A32B7C127D0033
:10A1800079001210387401120930850A82850B8318
:10A19000A3A3E0F912215AE508240FFEE43509FFD4
:10A1A0007402120B45E08E828F83F07902AA08AB0D
:10A1B000091219867403120B4512CA2612A34B12F8
:10A1C000A35912D53FA3A3A3A3A3A3A3F0750CFF88
:10A1D000750D008E828F83E0780C1209FAE5082451
:10A1E0000C12CC98E50C12D2CE12DFD2E0C0E0E522
:10A1F00008240B12CC98D0E0F0E50A12A33512D552
:10A2000039FAE508240D12CC98EAF0E50A12AD59A6
:10A2100012D5398AF0A4A9F02427FAE439FB1210E8
:10A22000508A0C8B0DAE0CAF0DE508241012CC98A3
:10A2300012AD8EEE4F700302A31E8E828F83741AAE
:10A2400012B45F8E828F83A3A3F0A312A36D12A317
:10A250003F12CB78120B4512D72812D23912216047
:10A26000850A82850B83A3A3A3E0C0E012C069D056
:10A27000E0F090185212B861241012A35312AD25C9
:10A28000350BF58312B86112C725E8F0A3E912A3D4
:10A290006D12B85D12D18BE8F0A3E912A35FE0C0A4
:10A2A000E0EE2414F582E43FF583D0E0F0E50A24E3
:10A2B0000C12D536C0E0EE12AD253FF583D0E0F0AC
:10A2C0007415120B4512C39FE0C0E012D478D0E0A1
:10A2D00012CCC3C0E012D17ED0E012ADBAC0E01201
:10A2E000B3D8D0E012BC18C0E012B3C1D0E0F07413
:10A2F00017120B45120B22EE241AF582E43FF58368
:10A30000120B2EEE2427F8E43FF9EE242212A35379
:10A3100012D557E0C0E012D241D0E0F0800DAA087B
:10A32000AB09121992750800750900AA08AB0974E7
:10A330000502D2F0EA12A339222410F582E4221297
:10A34000A3432212AEDBA3A3A3A32212C1B0A3A3F3
:10A35000A3A322F582E43FF58312B481E50A221219
:10A36000A36322F0850A82850B83A3A32212A36331
:10A37000A3A3A3A32274F01203D674FE120940858E
:10A38000188285198312B4418A0E8B0F890DC20081
:10A39000EA12A5FEE0F50C90180912BC13600EA994
:10A3A0000C12DFD412054EE9600302A5CD7C021227
:10A3B000A61A12A5D2F912198C8A088B09AE08AF19
:10A3C00009EE4F7058850E82850F83A3E0A2E0400E
:10A3D0000302A5CD7414120B451206B87416120BA5
:10A3E000451206BCA90D7406120B4512D728AA0EF9
:10A3F000AB0F1219B074061208728A088B09AE08E6
:10A40000AF09EE4F700302A5CD8E828F83A3A3A365
:10A41000A3A3A3A3A3E50C12A63B121092AA0C8E31
:10A42000828F83A3A3A3A3A3A3A3A3E024FFF8E4A1
:10A4300034FFF9E86A497002D20012A5F8700302ED
:10A44000A589850E82850F83A3E0A2E05003750CD9
:10A450000012A628E50C98E499C365D033401CE0AF
:10A46000F8EE240E12C0652CF07508FF750900E89F
:10A4700078081209FAEE240C12A0FE12A5DB12E4F1
:10A48000D11208AC12C744EE240D12C065F508E5E0
:10A490000C8508F0A4FAABF012B3FA2422F582E49A
:10A4A00038F583E02AFAA3E03BFB12102C74031268
:10A4B000087275080112A60C78081209FA12C06217
:10A4C0004508F0A200506DEE240CFAE43FFB75083D
:10A4D000FF12A60C0478081209FA8A828B83E045E1
:10A4E0000812B44FF8E50CF508E88508F0A4F8A9BF
:10A4F000F012A5E3FCE82CFCE439FD12B3FA2420A9
:10A50000F582E438F583ECF0A3ED12C4CEF47024A8
:10A51000EE240BF508E43FF50912A5EC12C73A85C5
:10A520000882850983E0F912105C85088285098319
:10A5300074FF80541211B88E828F8312B5D2901896
:10A5400035E0FA901A63E0F508EA8508F0A4FAAB62
:10A55000F0F8EBF9901A60E0F508E88508F0A4F847
:10A56000ACF08508F0E9A42CF9EA28F8EB39F9E811
:10A5700075F064A4F8AAF075F064E9A42AF98E8253
:10A580008F83A3A3E8F0A3E9F0AA0C12A62812D3A4
:10A59000C3E86A7001E9600CEE240C129F096004A4
:10A5A000A2005029EE240E12C065C0E0E50E12A5EF
:10A5B000FED0E0F012C062C0E0E50E241412A60442
:10A5C000D0E0F0AC0EAD0F12A61A121A10740202EF
:10A5D000D2F0E50E241112A604E022E50E240E129C
:10A5E000A60422E50E241012A604E02212A5F022F1
:10A5F000EE12A3393FF5832212CB5DE0F42224133F
:10A6000012A60422F582E4350FF5832275090012A3
:10A61000C0BDF5F0E50C84E5F0228518828519832C
:10A6200012C789FAA3E0FB22EE240E12C0C0F81272
:10A63000C0BDFCE82CF8E43400F922F07A017B007C
:10A64000901A80E0F922C082C083901A80E0F9124B
:10A65000105C02C4D874F41203D6EAFEEBFF5480F7
:10A66000704BEEA2E0505F1219A4EE6401FAEF8085
:10A67000528A828B83E06401702CEA12CC96120617
:10A68000B8EA12A6CD1208B0EA241212A111EA24E7
:10A6900002FCE43509FDEA2419FAE43509FB121934
:10A6A000B67406120872AA08AB09121056901A80E6
:10A6B000E0F91210688A088B09EA450970B3EEFACE
:10A6C000EF6480FB80047A007B00028CFE240FF58F
:10A6D0000AE43509F50B780A2274F21203D6890BC5
:10A6E0008A088B098A828B8312C73A1219CE8B0D86
:10A6F000EA450D600479B880741219ECE9F89027E6
:10A70000A5E493F9E8C399400479B280607A157B97
:10A71000001210E08A0C8B0DAE0CAF0DEE4F7004E2
:10A72000791080498E828F83E4F012A77AA3E50B1B
:10A73000F0750A0078081208AC7C127D00EE240344
:10A74000FAE43FFB12102C740312087290180B12DB
:10A75000BC13700890180B800C129D658882898349
:10A7600012A77070F412AD8E1219FE790002B6D8DD
:10A7700012C73EEA4B8882898322A312CF81A3228B
:10A78000C082C08390180B80048C828D8312D728DE
:10A79000EC4D60288C828D83A3A3E069600574FF73
:10A7A0006970E68C828D83A3A3A3E06A7003A3E0A3
:10A7B0006B70D6EC2403FAE43DFB80047A007B0046
:10A7C00002C4D874F71203D6E9FD74FE6D70047CE0
:10A7D0000180027C0090180B80096D70027C01885A
:10A7E00082898312BC13601F88828983A3A3A3E09C
:10A7F0006A7003A3E06B70E7ECA2E088828983A310
:10A80000A3E050D6F9800279FE02AFE974F6120394
:10A81000D6E9FF7E0090180B802C88828983A3A341
:10A82000E06F701E88828983A312A84F25E0FCE4A4
:10A8300033FDEA2CF582EB3DF583E508F0A3E5094D
:10A84000F00E8882898312BC1370CFEEF9800CA3BE
:10A85000A312E4A2EE2274021208727F020205ED36
:10A8600074F71203D6E9FE90180B129D657C007DEB
:10A8700000800BE8FCE9FD88828983129D65E84928
:10A88000603E88828983A3A3E06E70E78882898313
:10A89000A3A3A3E06A7003A3E06B70D7EC4D88829A
:10A8A0008983700812C73A90180B800312AFD51233
:10A8B000B5D2E8FAE9FB1210E61219FE790180021E
:10A8C000790002AFE974F51203D6890A90180B12C9
:10A8D000C73A7E007F00801712AED3E8F0A3E912DA
:10A8E000C4CEF508A3E0F5091210E6AA08AB09EA00
:10A8F0004B60288A828B83A3A3E0650A7010EE4F19
:10A900008A828B8370D2129D6590180B80CDEAFEEF
:10A91000EBFF8A828B8312C73A80D41219FE800320
:10A920001208727F030205EDC082C083790090187F
:10A930000B80010912C73A8A828B83E582458370B6
:10A94000F202C4D874F61203D6E4F508F5097808C3
:10A950001208B09027A5E49375F013A4A9F012AAE9
:10A96000851211587402120872E9FE74096E7003A0
:10A970001219F802A84B74F61203D674FE1209409D
:10A98000851882851983E4F0A3F0A818A91988080E
:10A99000890978081208B07508027509007808124C
:10A9A00008B07C007D007A427B00121164740412AE
:10A9B000087202A85674F51203D674EB120940858A
:10A9C0001882851983E4F0A3F090180B807C8E82A6
:10A9D0008F83A3A3E0C0E07402120B45D0E012CA3B
:10A9E00033A982AA8389088A09750A00780812089F
:10A9F000AC7C127D007406120B45AA82AB83121048
:10AA00002C740312087274021209288808890978C4
:10AA1000081208B075081375090078081208B07498
:10AA200004120B4512BBC575F013A4F8AAF075F01B
:10AA300013E912AA81121164740412087285188233
:10AA400085198312AA908E828F83129FEBEE4F603E
:10AA50000302A9CEA818A91988088909780812083C
:10AA6000B075080275090078081208B07C007D00F6
:10AA70007A427B001211647404120872741502A9E0
:10AA800020A42AF9E82402FCE439FD7A427B002262
:10AA9000E02401F0A3E03400F02274F41203D67431
:10AAA000EB1209407E007F00A818A91988088909BF
:10AAB00078081208B07508028E0978081208B07C70
:10AAC000007D007A427B0012116A7404120872E958
:10AAD000706E8E0880587402120928880A890B78D3
:10AAE0000A1208B0750A13750B00780A1208B0E54F
:10AAF0000875F013A4F8AAF075F013E50912AA81FD
:10AB000012116A7404120872E9701B7403120B4567
:10AB1000AA82AB837402120B45E0F91219C8E970DE
:10AB2000050EEE70010F0508E5087002050985188D
:10AB300082851983129D65C3E50898E509994096B9
:10AB4000EEFAEFFB7415028CFB74F61203D68C82BE
:10AB50008D83A3A312AD80F0EA12C9E23BF583E036
:10AB6000C0E012AD51D0E0F012AD2B129D6512ADD8
:10AB70003512AD80A3F0A3F0EA241FF582E43BF583
:10AB800083129FEBEC12AD253DF58312AD8E12DDE5
:10AB9000CE3BF58312AD5FA3A3A3A3A3A312AD8AFB
:10ABA00088828983E0FE8C828D8312ADA174035E5E
:10ABB000FEC39403400302AD18EE600874026E6099
:10ABC0000302AC448C828D83E0540CFE740C6E70D6
:10ABD0000302AC81E0A2E4400D88828983E08C828C
:10ABE0008D83A312ADC574086E600302AC8112ADF3
:10ABF0003F7401F08A828B83A3A3A3A3A312C07521
:10AC000070128C828D83E0440C12ADA9A3A312AD07
:10AC10005F12AD8A8C828D83E0A2E4402712AD6979
:10AC200012AD9450010912AD69A3A3A3A3A3A3F08D
:10AC3000A3EF12ADBA8C828D83A3A3A3F0E8240303
:10AC4000F850010988828983E0C0E0EC12D1783D98
:10AC5000F583D0E012ADA18C828D83E0A2E750761F
:10AC600088828983E0FE8C828D8312ADC574FC5E80
:10AC7000700C8C828D83A3E054036403701F02ADBB
:10AC80001812AD3FE4F0740C6E600302ABF412AD29
:10AC90006F12AD94400302AC140902AC148C828D87
:10ACA00083A3E05403603288828983E0C0E0EC1221
:10ACB000AD593DF583D0E012ADC68C828D83E05452
:10ACC000036402701488828983E0C0E012AD47D02B
:10ACD000E012ADC68003A3E4F0EC12BBA53D12CB9D
:10ACE00072EC2410FEE43DFF12AD2BE0F5088E82DD
:10ACF0008F83E0C3982508F508F0EA2417F8E43BB1
:10AD0000F988828983E0C39508C0E012AD35D0E0B0
:10AD100012C62BC39508500A12AD35E4F012AD519E
:10AD2000E4F002A85B2415F582E422EA241DF582F2
:10AD3000E43BF58322EC240DF582E43DF58322EC1F
:10AD400012BD2A3DF58322EC2414F582E43DF583FF
:10AD500022EC12A3393DF583222413F582E422E08C
:10AD6000FEA3E0FF8C828D832212AD6FA3A3228805
:10AD7000828983E0F508A3E0FFE5088C828D8322B9
:10AD8000E4F08C828D83A3A3A322A3A3A3A3EEF05C
:10AD9000A3EFF022A3A3A3A3F0A3EFF0E82402F80B
:10ADA0002212ADC0A882A9832212ADB1A3A3A3A38E
:10ADB00022F08A828B83A3A3A32212ADC0A3E02238
:10ADC00012C634A322A312ADC008A9832274F412C0
:10ADD00003D674F31209408A0A8B0BECFEEDFF8E4A
:10ADE000828F83E0540CF508E0A2E75006E508D214
:10ADF000E7F508E508D2E1F50812C0757006E50828
:10AE0000D2E4F508E0A2E55006E508D2E5F5087CB5
:10AE1000087D007900AA18AB191210387402120BC1
:10AE200045E50812D6DFC0E07403120B45D0E012EE
:10AE3000B457E50AF0A3E50BF07405120B4512C7F1
:10AE400052121AB8740C120B45E070787408120B89
:10AE50004512B3FD12C6213812CF72C0E074081239
:10AE60000B4512AEEFD0E012CF6DC0E07408120BAC
:10AE70004512AEE5D0E0F07408120B4512AED312C5
:10AE8000951212B48B12AEFB241112C065C0E012F1
:10AE9000AEC9D0E0F0EE241412C065C0E074081210
:10AEA0000B4512B3FD2435F582E438F583D0E0126A
:10AEB000B447C0E07408120B4512B401D0E012C7C9
:10AEC00054121ABE740D028CFBE82432F582E43968
:10AED000F5832212AED72212AEDB22E0F8A3E0F90E
:10AEE0008E828F832212B41112D16A38F583221216
:10AEF000B4112426F582E438F58322FAA3E0FBE8B6
:10AF0000242CF582E439F583EAF0A3EBF0EE227409
:10AF1000F71203D67E008A828B83A3A3A3A3A3A3E5
:10AF2000A3A3A3E06404600302AFC212BD22E060E9
:10AF30000302AFC212AFC63B12BC11700302AFC214
:10AF400088828983E054037079E812BD2A39F58339
:10AF5000E0FA8C828D83A3A3E0FBA3E0CB12D1782F
:10AF60003BF583E06A705B88828983A3A3A3A3A3D4
:10AF700012AFD1E06A7003A3E06B704688828983C8
:10AF800012AFD1A3A3E0FFA3E0CF240612C0656AED
:10AF90007003A3E06B702B88828983A3A3E0F88CF5
:10AFA000828D83A3A3E0F9A3E0F5838982A3A3E0C4
:10AFB00068600D8C828D8312C6F7540C6404700295
:10AFC0007E01EEF98023EA12AFCB22240FF582E452
:10AFD00022A3A3A3A312C73E8C828D8322740C12DA
:10AFE0000B45E0F9740D1208727F010205ED74F64D
:10AFF0001203D674FC120940EAFEEBFFECFAEDFBFB
:10B000008A828B83A3E0540360169017FD12BC1351
:10B0100060577900EEFCEFFD12DFD412054E804937
:10B0200085188285198312AD8E7402120B4512B5F4
:10B03000D2AC18AD197A167B1A121C3E8A088B09FD
:10B04000A808A909E849602188828983A3A3A3A34A
:10B05000A3A3A3A3A37406F07A008882898312B302
:10B06000FD12C9F7E0F9121B9C740402A85874F28F
:10B070001203D674F3120940EAFEEBFF8E828F832F
:10B08000A3A3A3A3A3A3A3A3A3A3E0F50A901A7F5A
:10B09000E0700579BA02B3B4750801750900750C42
:10B0A00000750D007C087D007900AA18AB191210FC
:10B0B000387405120B45740112B4645404601274A0
:10B0C00002120B45E0D2E612B4645408700375080E
:10B0D00003E05410600674404508F508E054086029
:10B0E000227402120B45E044C012B4645420600A7A
:10B0F0007403120B45E0D2E080087403120B45E0A4
:10B10000D2E1F0EE241512C06512B3E270037401AF
:10B1100069700674084508F5088E828F83A3A3A37F
:10B12000A3A3A3A3A3E07016121C98851882851907
:10B130008312B5D27402120B45E0D2E28030640F64
:10B1400070107402120B4512B46C74044508F508B3
:10B15000807F8E828F83A3A3A3A3A3A3A3A3E06472
:10B16000028E828F83700A12C516E8F0A3E9F08080
:10B1700060A3A3A3A3A3A3A3A3E06403700DAC18CF
:10B18000AD19EEFAEFFB121A4C80468E828F83A324
:10B19000A3A3A3A3A3A3A3E064017035901895E033
:10B1A00060107402120B4512B46C750910750AFF19
:10B1B00080187402120B45E0440C12B45774FDF071
:10B1C000A374FFF074044508F5088E828F83128CF7
:10B1D0001AEE241512C065A2E0503F7402120B450E
:10B1E000E0540C701B8E828F8312C73A12164AE904
:10B1F000700579BB02B3B47402120B45E0D2E5F0DE
:10B20000EE241512C065A2E050107402120B45E046
:10B21000540C64047004E0D2E5F0EE241112C06511
:10B22000C0E07404120B45D0E012C754121AB8746F
:10B230000C120B45E0600302B3AD7408120B45120B
:10B24000B425E508F0A3E509F012B3D8E0C0E01298
:10B25000B3D0D0E0F012B3C1E0C0E07408120B45E7
:10B2600012B3FD12AD5938F583D0E012B48B6401EE
:10B270007011901895E0C0E07408120B4512B41BD1
:10B28000D0E0F07408120B4512B86112B3CBFAE8A3
:10B29000241CF582E439F583EA12B45FEE2415FA32
:10B2A000E43FFB8A828B8312D728E812C38C39F5DE
:10B2B0008312B441EE241C12C065C0E012B3B7D0B3
:10B2C000E012C4CE12B3E270037401697013740803
:10B2D000120B4512BD12FAEE241D12C065F91218A8
:10B2E000C68E828F83A3A3A3A3A3A3A3A3A3E0C01B
:10B2F000E07408120B4512AEEFD0E0F07408120BA8
:10B300004512AEE5E50AF07408120B4512BBC524E0
:10B3100028F582E439F583E50CF0A3E50D12B44F6E
:10B3200012951912C0B812AEFB12B3CBC0E0E824DC
:10B3300033F582E439F583D0E0F0EE241B12C065CA
:10B34000C0E07408120B4512B401D0E0F0EE241AEC
:10B3500012C065C0E07408120B4512B3FD2432F52B
:10B3600082E438F583D0E012B44712B3EE1208AC91
:10B3700012D17012D728740B120B4512CCB0FAA35D
:10B38000E0FB12102C7403120872EE241512C06533
:10B390005440601290182112BC13600AAA18AB190D
:10B3A00012DFD412054EAA18AB19121ABE740C1271
:10B3B0000B45E0F902B6D3E82420F582E439F583A1
:10B3C00022EE2419F582E43FF5832212D183E02294
:10B3D000E812C62539F58322EE2418F582E43FF5FC
:10B3E00083225480F8A3E05401F974806822F508A0
:10B3F000A3E0F509750A0078082212A5F012B4112D
:10B400002212B4112434F582E438F58322A3A3A3D5
:10B41000A312B41522E0F8A3E0C82212B41112ADB1
:10B420002538F5832212BBC912AFCB39F58322E050
:10B43000FC8A828B83E02CFCA3E03400FD8A828BA3
:10B4400083ECF0A3EDF022F0EE241312C0C022F042
:10B45000EE240D12C0C022F085188285198322F0D7
:10B46000A3E4F022F0EE241512C0C022E0D2E3F0F3
:10B4700012B474228E828F83129D6D851882851975
:10B4800083E8F0A3E9F022E8F0A3E912CB93E022ED
:10B4900074F71203D68A828B83A3E0640170047E62
:10B4A0006380027E648A828B83E0600D7905121BC3
:10B4B00066E9F8EEC39824F3FE90183DE0600CF9BD
:10B4C000121B66E9F8EEC39824F2FE02AFC274F6CE
:10B4D0001203D674FE12094085188285198312B5AD
:10B4E000D2E9FEECFAEDFB90033012BC136035A8F4
:10B4F00018A9198808890978081208B07D01740E06
:10B50000120B45E0FCEEF990033012CA2612054EEC
:10B5100074021208728B09EA4509600479008006FA
:10B5200079B2800279B602A85674F71203D6E9FE02
:10B530009017F312BC13601F7409120B45E0F50855
:10B5400078081208B4EEF99017F312CA2612054EC5
:10B550007401120872800279B602AFE974F712031F
:10B56000D68908ECFEEDFF79B5E508245E6023146A
:10B57000600624F86037804090033212B5BE603810
:10B5800090033212CA2612054E8E828F8312B5D2D4
:10B5900080249017F512D728EC4D601CEEFCEFFDCF
:10B5A0009017F512CA2612054EE9F9800B9017F193
:10B5B00012B5C41211D0790002AFE990180112C778
:10B5C0003EEA4B2212D72CEEFAEFFB22F582E43949
:10B5D000F583EAF0A3EBF02274F71203D6E9FE79C3
:10B5E000B574AB6E700B9017F112C73A1211D07987
:10B5F0000002AFE974F11203D6EAFEEBFF8C0A8D6C
:10B600000B750801901845E06E7003A3E06F70148D
:10B61000121C928A0C8B0DAC0CAD0DAA0AAB0B124E
:10B6200011D08066121C9E8A0C8B0DEE650C700387
:10B63000EF650D7009AA0AAB0B121CA4804CAC0A72
:10B64000AD0BEEFAEFFB12179AE9F508901A72E0CB
:10B6500070381220D0E97032E508702E901815E08D
:10B660006E7003A3E06F7022EE4F601E750C0D75B7
:10B670000D18750E00780C1208AC7C087D00AA0A23
:10B68000AB0B12102C7403120872A90802E0B674F6
:10B69000F21203D6EAFEEBFF8C088D09750A01123F
:10B6A0001C928A0C8B0DAC0CAD0DEEFAEFFB121157
:10B6B000CAE96401700B90184512C1AC12CB7480BA
:10B6C0000EAC08AD09EEFAEFFB1217A0E9F50AA9D6
:10B6D0000A8005740D1208727F060205ED74F612D9
:10B6E00003D6EAFEEBFF7A0D7B001210E0EA4B6016
:10B6F00061EE242412D3CCF0EE242512D3CCA31275
:10B70000B79112D3D2A3A312D18F12B776F012B78A
:10B710006712B77FE8F0A3E912B7A812B77FA3A317
:10B7200012CB7412B75512B776A3A3A3A3A3F0EE5E
:10B73000243312C065C0E012B75FD0E012CF76129A
:10B74000B789A3E8F0A3E912B7A0C0E012BD22D0E8
:10B75000E0F002A85BEE242EF582E43FF58322EAB6
:10B7600012C1963BF5832212B76B22EE242AF58292
:10B77000E43FF583E022E08A828B83A3A3A3221215
:10B78000B7832212D2C3A3A32212B783A3A3A3A376
:10B7900022F012B79622EE2426F582E43FF58322AA
:10B7A000F0EE243212C0C022F0EE242C12C0C022CF
:10B7B00074F41203D674FE120940ECFEEDFFEE2481
:10B7C0001612C06564057010EE2406FCE43FFD12FD
:10B7D0001A46E9700302B858AC18AD1912D23912E2
:10B7E000165085188285198312BC1360678E828F6C
:10B7F00083E064017057E875F009A4F8AAF075F0C9
:10B8000009E9A42AF9746B28F8740539F9E8FAE90A
:10B81000FB8A828B837808120AEE12B90D120AB0E5
:10B82000402785188285198312B86112C06A12B840
:10B83000667808120AEE9089A47808120A208A8293
:10B840008B837808120ADF800779A2800D12CB6BF8
:10B850007900800679A1800279C8028CF9A3A3A39C
:10B86000A3129D69EE2212B48112B86D22EE12C6A7
:10B87000253FF5832274F21203D68A0C8B0DECFE61
:10B88000EDFF12C069E4F0A3F090897C7808120AF9
:10B89000EE12B90D12096C606312B904703378B3FB
:10B8A00090183CE0702790186EE06401701FEE2441
:10B8B0001112C065F9121B4E8A088B09A808A90944
:10B8C00012CB6BE84960047800800278A188088078
:10B8D0002EE060046402700A121A58E9F508700735
:10B8E000801DE064037010EEFCEFFDAA0CAB0D129E
:10B8F0001674E9F50880087508A180037508A3A9E6
:10B900000802B6D8EE240E12C0C064012212B86D2F
:10B9100078082274F01203D674F5120940EAFEEB9F
:10B92000FFEE240AFCE43FFD8C828D8312E49E121C
:10B93000BBAF74031209388E828F8312C73A121A72
:10B9400046E9700302BA057401120938740312093A
:10B95000301216507401120B4512BC13700302BA58
:10B9600005E875F009A4F8AAF075F009E9A42AF928
:10B97000746728FC740539FDE508240E12CC98E4A0
:10B98000F004120B45129D65E50812AFC735091288
:10B99000CB728C828D83120B22E508241212CC9874
:10B9A000120B2E9089A47808120AEE8C828D83786F
:10B9B00008120A0D8C828D83780C120AEE9089ACE5
:10B9C0007808120AEE780C7908120367E508450931
:10B9D000450A450B702F7401120B4512BBC575F05B
:10B9E00009A4F8AAF075F009E9A42AF9746F28F5FA
:10B9F00082740539F5837401F07A007B089016CBC8
:10BA0000E0F91210928E828F83A3A3A3A3A3A3A312
:10BA1000A3A3A3E02406FCA3E03400FD8E828F8361
:10BA200012C73A121A46121AE8E96042EE240A12C4
:10BA3000A1088C828D8312B425746812B45FE81259
:10BA4000BBA539F5837402F0901827120B228C8263
:10BA50008D8312CA1912C6213CF583120B2E9089D0
:10BA6000A47808120AEE9018277808120A0D12BB63
:10BA7000FE70669017F112BBBDA3A3A3A3A3A3A35B
:10BA8000A3A3A312C64E1211CAE9701D121C928AFA
:10BA9000088B09AC08AD099017F112C73A1211CA08
:10BAA000E97006121AE8E960308E828F83A3A3A39F
:10BAB000A3A3A3A3A3A3A312BBBD12C73A12167AD2
:10BAC000E960118E828F83A3A3A3A3A3A312BBEA71
:10BAD000E4F0A3F012BBCEE4F012BBFE600302BBA5
:10BAE000A08E828F83A3A3A3A3A3A312E49A90188A
:10BAF0003CE0600302BB9590186EE06401600302B5
:10BB0000BB95750A3A750B00780A1208B0740212D8
:10BB10000928880A890B780A1208B07C017D007A0E
:10BB2000007B00121DA67404120872E97064E50817
:10BB3000240E12CC98740112BC18C0E0E508241140
:10BB400012CC98D0E0F0E508240F12CC98743A1289
:10BB5000B45F901823120B22E508241212CC98121D
:10BB60000B2E9089A47808120AEE901823780812F8
:10BB70000A0D9089A47808120AEE9018237808120A
:10BB8000096C70117A007B029016CBE0F9121092CA
:10BB9000800312BBAF12BBFE700612C50474A1F085
:10BBA000740B02D2F012BBA922240EF582E422E526
:10BBB0000812AFCB3509F583E4F0A3F02212D72C9D
:10BBC0008E828F832212BBC922129D6DE8228E8243
:10BBD0008F83A3A3A3A3A3A3A3A3A3A312BBE02226
:10BBE00012B41512BBA938F58322A3A3A3A312BBD9
:10BBF000F22212B415240FF582E438F583228E82E6
:10BC00008F83A3A3A3A3A3A312B40D240FF582E4EF
:10BC100038F58312BBC9492212D75F2274F612038A
:10BC2000D6EAFEEBFF7A237B001210E0EE240AF541
:10BC300008E43FF50985088212B5D07C237D0079A0
:10BC40000012103885088285098312BC1370030224
:10BC5000BCE9EEFAEFFB121A6412BBFE607412BD6F
:10BC60000464018E828F83A3A3A3A3A3A3700712EE
:10BC7000BCFA740E802212BC137011121AE8E9701B
:10BC80000B8E828F83A3A3E0A2E0500712BCF07456
:10BC90000D800512BCF0740512CF76540364017058
:10BCA0000712D7327405800B90183DE0C0E012D720
:10BCB00032D0E012BD17F5838882A3E0F9121B662B
:10BCC00085088285098312B3FD12C9E238F583E93C
:10BCD000801A85088285098312C73A1210E6850802
:10BCE00082850983E4F0A3800312C9FEF002A85BF9
:10BCF0008E828F83A3A3A3A3A3A312B40D12C9E8BA
:10BD000038F583228E828F83A3A3A3A3A3A3A3A327
:10BD1000A3A312BBE0E02212BD1B2212D499F8A308
:10BD2000E022EA12BD2A3BF58322240CF582E422AC
:10BD300074F11203D674E41209408A0C8B0D8C083E
:10BD40008D097A237B001210E08A0A8B0BAE0AAFB2
:10BD50000BEE4F700302C058121C988A0A8B0BA876
:10BD60000AA90BE508241512D48C687003A3E069B6
:10BD70008E828F837004740280027401F0E50824BF
:10BD80000DF8E43509F988828983E0FAC3E49AFA68
:10BD900095E0FBE508240E12D48C2AFAA3E03BFBC5
:10BDA0008E828F83A3A3A3A312C63A8E828F83A30E
:10BDB000A3F0EE2420F582E43FF583E4F0EE2421A5
:10BDC000F582E43FF583E4F0EEFAEFFB121B1885F1
:10BDD000088285098312C07570098E828F83A374CF
:10BDE00005800690183D12C071F0EE2417F50AE4A4
:10BDF0003FF50B8E828F83A3E0F9121B66E9850A5B
:10BE000082850B83F0EE2416F8E43FF9E508240E52
:10BE1000FAE43509FB8882898312B42FE5082410DF
:10BE2000FAE43509FB850A82850B83E0FC88828968
:10BE300083E0F88A828B83E0C398C39CF812D752C0
:10BE4000EEFCEFFDAA0CAB0D121A5EE9F50B8E822B
:10BE50008F83E064027011121C928A088B09AC086F
:10BE6000AD0912D2391211D0E50B600302C04F7533
:10BE70000C00750D00901A72E064016005E0640228
:10BE80007049EE242012B9076008EE242112B90788
:10BE900070398E828F83A3A3A312CA0912C07BEECE
:10BEA000241612C06512C0A2FAE439FB1210E08A0F
:10BEB0000C8B0DEA450D601312E4C91208AC12C0D8
:10BEC00089AA0C12102C7403120872EEFAEFFB12FE
:10BED0001B24E9F50B901A72E064016008E064022B
:10BEE000600302C042E9700302C042E50C450D70D8
:10BEF0000302C04F8003850E0BEE242012B90760A9
:10BF00000BEE242112B907600302C048850B0E8591
:10BF10000C08850D09750A0078081208AC12C08952
:10BF20008E828F8312C73612102C7403120872EEA1
:10BF3000242012C065600D12C069746812B45FEEEF
:10BF400024208015EE242112C065601512C069748A
:10BF500003F0A37401F0EE2421F582E43FF583E4BD
:10BF6000F0EEFAEFFB121B24E9F50B708C7C137DCD
:10BF70000079007409120930121038741A120B4536
:10BF8000740112C0B864687002A3E0704F8E828F93
:10BF90008312BBEAE06405600302BEF67C0879FF09
:10BFA0008E828F83A3A3A3A3E0242A12C65112106A
:10BFB000C8E9700302BEF67C087D0079FF740112A7
:10BFC000093012103874011209387A007B0079ABFD
:10BFD000121A407419120B4574FC801512C069E0E6
:10BFE00064037004A3E0640170087419120B4574B3
:10BFF000FFF0E4F508F50978081208B07402120998
:10C00000387413120B45AA82AB83121AD074021231
:10C010000872851882851983E0602D740912092839
:10C020008808890978081208B0750813750900781E
:10C03000081208B07C007D001211647404120872AA
:10C040008006E50C450D6007AA0CAB0D1210E6EE5C
:10C05000FAEFFB1210E68003750B10A90B741C029B
:10C06000E0B3EE240C12C0C022EE12AFCB3FF5833A
:10C070002212CF4C22E0540364012212C07F22E03E
:10C08000FAE82AF8E43400F9228E828F83A312C0E2
:10C09000AD12C07FEE241612C0C012C0A2FCE4395B
:10C0A000FD22FAE82AF8E439F9E8240422A3A3E0FF
:10C0B000F88E828F83A3A322F012C0BD22EE240F3C
:10C0C000F582E43FF583E022790102085A74F41204
:10C0D00003D6EAFEEBFF8E828F83A3A3A3A3A3A3C1
:10C0E000A3A312B3FD2424F582E438F58312C075AE
:10C0F000702A12BD04702512C1BAE06405701D12C9
:10C10000C1BAA3E0F874016860057406687007128C
:10C11000BBCE7402800512BBCE7403F0EE240A126B
:10C12000CAAE12CA26E4F0EE2408F8E43F128CEE00
:10C130002431F582E43AF583E0C0E012C19CD0E0FE
:10C1400012C1CECA242EF582E43AF583E0C0E01293
:10C15000C19CA3D0E012C6E9C812C19238F583127F
:10C16000C1AC1298E412CB74121C928A0A8B0BACED
:10C170000AAD0B85088285098312C64E1211D0853F
:10C18000088285098312C73A121B2412CAA9F00239
:10C190008CFE12C19622240BF582E422850882854A
:10C1A000098312C1A62212D717A3A32212C1B0225B
:10C1B000129D6D850882850983228E828F83A3A3B9
:10C1C000A3A3A3A3A3A312CF66F58388822212C6DA
:10C1D0002FFAA3E02202C0C8C082C083901817744F
:10C1E0006AF0A3741AF09018197476F0A3741AF018
:10C1F00090181B747CF0A3741AF090181D7470F0E2
:10C20000A3741AF002C4D874F41203D6EA2408FE08
:10C21000E43BFF8E828F8312BBC512C9EEE0F508A6
:10C2200074035508F50912CFDD12C39FE508F0A38A
:10C23000A882A983E509600974026509600302C246
:10C24000F0740C5508FC600A74086C600574046C8A
:10C250007026740265097006E508A2E4401A8A8215
:10C260008B83A3A3A3A3A3A3A3A312C3F312D16A93
:10C270003D12C392A308A983740C6C701C12C3EF07
:10C28000242812C3DB2428F582E43DF583A312CDD4
:10C2900090F0E82402F8500109740265097006E57F
:10C2A00008A2E4404B12C3EF242A12C3DB242AF570
:10C2B00082E43DF583A312C39912C3F912CD901203
:10C2C000C3F9A3128C10E82404F8500109EC600FA4
:10C2D00074086C600A740C6C600574046C70111244
:10C2E000CA0D2426F582E43C12C392A3A882A98336
:10C2F0008A828B83A3A3A3A3A3A3A3A312C3C35420
:10C30000037014E508A2E1400E12CA0D12C38C3C62
:10C31000F583E05480600812C3A912C394801A9078
:10C3200017E7E0C0E012C3A9D0E0F09017E712C30E
:10C33000949017E7E00412C634A3A882A983E50805
:10C34000A2E750458E828F8312C3C38882898312ED
:10C35000C3D612C3C85403603012CA0D2434F58208
:10C36000E43C12CD8EF0E508A2E1501D8A828B8359
:10C37000A3A3A3A3A3A3A3A3128CF32435F582E460
:10C380003A12CD8EA3F0E82403028CFE241EF5821F
:10C39000E422F58312C399F022E08882898322E0A7
:10C3A000F8A3E0F988828983228A828B83A3A3A3DE
:10C3B000A3A3A3A3A3E0FCA3E0CC2432F582E43C36
:10C3C000F58322E012C3C822FCA3E0CC2425F58229
:10C3D000E43CF583E02212CF81E022F582E43DF5D2
:10C3E0008312C39912C3E82212CF8512C3F3228E9F
:10C3F000828F83E0FDA3E0CD22A312C3E8242CF5B5
:10C4000082E43DF58322C082C0838A828B8312C47A
:10C41000C8FC74035CF98A828B83A3A37401F0E9DE
:10C4200060057402697061740C5CF8600A740868D5
:10C43000600574046870137402697005ECA2E4402E
:10C44000098A828B83A3A37402F0740C68700A8A31
:10C45000828B83A3A3E02402F07402697005ECA22E
:10C46000E440258A828B83A3A3E02404F0E8600FD4
:10C47000740868600A740C68600574046870098A3E
:10C48000828B83A3A3E004F0ECA2E7502A8A828B7C
:10C4900083A3A3E00412C4CE129217E054036017E2
:10C4A0008A828B83A3A3E004F0ECA2E150098A8284
:10C4B0008B83A3A3E004F08A828B83A3A3E004F020
:10C4C000801685188285198312D744A3E022F08A4A
:10C4D000828B83E022120872D083D08202085AC075
:10C4E00082C0838A828B83A3A3A3A3A3A3A3A3A3B2
:10C4F000A312BC13600C8A828B83A3A312C73212CF
:10C5000010E680D412C50822EE240CF582E43FF533
:10C510008322A3A3A3A312C51A22E0F8A3E0F985FE
:10C5200018828519832274F61203D674F412094016
:10C5300012C658FCA3E0F5838C82A3E0C0E074022D
:10C54000120B45D0E012C70712C6F07404120B4557
:10C5500012CB747402120B45E06404701412C66EA0
:10C56000241212C6517406120B4512C63A241A80C0
:10C5700035E064016005E064067039EA2402F8E4FD
:10C580003B128CEE12C6213AF583E0C0E074031230
:10C590000B45D0E012C62B241312C6517406120BA1
:10C5A0004512C63A241B12C6F07408120B45E8F077
:10C5B000A3E9802B7406120B45E4F0A312C669248C
:10C5C0001212C6517408120B4512C647C8241AF538
:10C5D00082E438F583E0C0E0740A120B45D0E0F045
:10C5E0007406120B4512BC13602B7406120B451215
:10C5F000C73A12178EE96401701B121C928A088BCD
:10C6000009AC08AD097406120B4512C73A1211CADB
:10C61000E964017007AA18AB19121B00740C02A878
:10C620005812C625222412F582E42212C62F2212A5
:10C63000C634E022F0888289832212C63E22EAF0C4
:10C64000A3EB12C634E02212C63EF8A3E022E02497
:10C6500006FAA3E03400FB228A828B83A3A3A3A360
:10C66000A3A312C51AE8F0A3E9F012C66E2212C7FE
:10C6700019E022C082C08374FD12094012C69812CC
:10C68000DFD2A3E0C0E07402120B45D0E012C75421
:10C69000121B06740302C4D58A828B83A3A3A3A3AF
:10C6A000A3A312B4788A828B83A3A3E022C082C0A2
:10C6B0008374FA1209408A828B83A3A312C51212D3
:10C6C000C70DC0E07402120B45D0E012C6E9F58335
:10C6D0008882A3A3E0C0E07405120B45D0E012C726
:10C6E00054121B0C740602C4D512C62FF8A3E02204
:10C6F000F8A3E03400F922A3A312C78922E02402A0
:10C70000F8A3E03400F92212C62F24022212B481C9
:10C7100012C71912D713A3E022EA2402F8E43BF966
:10C7200088828983222424F582E43FF583228E8245
:10C730008F83A3A3A3A3A3A3A3A312C73E22E0FABC
:10C74000A3E0FB22E50E12A339350FF583E0FC7D53
:10C7500000227401F0AA18AB1922C082C08312C74C
:10C760007D600A24FC600B24F9600C800D121A9A7B
:10C770008008121AA08003121AA602C4D88A828BDB
:10C780008312C78724FB22A3A312D749E02274F6A1
:10C790001203D674E4120940EAFEEBFF7401120999
:10C7A000388E828F8312C734121A467409120928F0
:10C7B0008808890978081208B074021209387403CD
:10C7C000120930121AD07402120872851882851963
:10C7D00083E060317419120B45E070299017CAE0AC
:10C7E00070238E828F83A3A3A3A3A3E070178E82EE
:10C7F0008F8312C83A603E8E828F83A3A312DFD349
:10C80000E0640760308E828F83A3A3A3A3A3A3A3B6
:10C81000A3E070148E828F8312C6F7640560097AD4
:10C82000347B011214E2800DEEFAEFFB90181F1218
:10C83000CA2612054E741C02A85812C78764062225
:10C8400074F41203D674FA120940EAFEEBFF85185D
:10C8500082851983EEF0A3EF12CA47240812CA3E5C
:10C86000240A12CA3E12C9F7E412C754121A8E12D1
:10C87000C4C2F508121C988A0A8B0BA80AA90B855A
:10C88000188285198312D70FE0687003A3E06960EE
:10C890002EE508A2E55028851882851983A3E0FBC0
:10C8A00090181712CA2612054E8518828519831210
:10C8B000B3FD240A12BC0D700612C4C2C2E5F01208
:10C8C000C062600302C9D77403120B457436F0745A
:10C8D00002120B4512CA09A3A3E028C0E074041297
:10C8E0000B45D0E012CA33A3A3E0C0E07405120BDD
:10C8F00045D0E012CB8CF8A3E0F9E849601BE812C0
:10C90000C9E239F583E0FAE812C9E839F583E02A8B
:10C91000F87404120B45E028F07403120930121762
:10C92000FA8A088B09A808A909E849700302C9CC4A
:10C930008E828F8312C73A88828983A3A312B5D2CD
:10C94000E812C6213912CF72C0E0E812C9EED0E079
:10C9500012CF6DC0E0E82425F582E439F583D0E0FC
:10C9600012CB99C0E0E8242EF582E439F583D0E0BB
:10C97000F07402120B45E0FA12CA042AFCA3E03458
:10C9800000FDE812C9DC39F58312B441E82431F521
:10C9900082E439F583EA12CB8CFAA3E0FBEA4B6020
:10C9A00019E8242FFAE439FB8E828F83A3A312CADD
:10C9B0001112C9E83CF58312B42F8E828F83A3A392
:10C9C000A3A3A3A3A3A3E8F0A3E9800AEEFAEFFBD5
:10C9D000121A9412C9FEF07406028CFB242FF58201
:10C9E000E4222417F582E4222416F582E42224248A
:10C9F000F582E439F5832212BD2A38F5832212C567
:10CA00000874102212CFE1E02212C0AF228A828B7A
:10CA100083A3A3A3A3A3A3A3A3E0FCA3E0CC22EE40
:10CA2000FAEFFB901819E012CA2B22F8A3E0F58365
:10CA300088822212CA372212CF85A3A3A322F582AD
:10CA4000E438F583E4F0A312D75FF8A3E0C82274BA
:10CA5000F61203D6EAFEEBFF12C0627042121A8889
:10CA60008E828F83A3A3A3A3A3A3A3A3A3A312BC78
:10CA700013600612CA1F12054E12C062700B12C755
:10CA80002E1217F412CAA98015EE240812CAAE128B
:10CA9000C73A1210E6850882850983E4F0A3F0EE18
:10CAA000FAEFFB121A9402A85B12C508E922F508F6
:10CAB000E43FF509850882F5832274F41203D68ACF
:10CAC000088B09ECFEEDFF121C988A0A8B0BA80A52
:10CAD000A90BEE241512C065687003A3E069600E0F
:10CAE000AA08AB0912164AE9700479018011EEFC1C
:10CAF000EFFDAA08AB0990181D12CA2612054E02B6
:10CB00008CFE74F71203D6EA4B701F7E007F001272
:10CB1000CB3B50247C107D00EE2404FAEF3401FB63
:10CB20001211700EEE70E80F80E57C107D008A8295
:10CB30008B8312CB4B12117002AFE9902798E493CC
:10CB4000F8740193F9C3EE98EF9922E02404FAE413
:10CB50003401FB22E4F0A3F0A3F0A3F022EE12C113
:10CB6000963FF58322129D69740122EE240FF5820F
:10CB7000E43FF58312B4812212B48174032212B40B
:10CB8000818E828F83A3A3A3A3A3A32212CB93A3FB
:10CB9000A3E022129A63A3A32212CA37A3E022744D
:10CBA000F01203D674ED1209408A0E8B0F8C0A8D99
:10CBB0000B7EFF7FFF8C828D83E4F0EC450B6005DC
:10CBC000EA450F70077AFF7BFF02CC847508007579
:10CBD0000900802474FF6E700374FF6F7012740874
:10CBE000120B45AA82AB83121DA0E9700312CC89F7
:10CBF0000508E5087002050990279CE493F8740184
:10CC000093F9C3E50898E509995075A818A91988FA
:10CC10000C890D780C1208B0750C13750D00780C8A
:10CC20001208B07C007D00E5082411FAE509340102
:10CC3000FB12116A7404120872AC0EAD0F74081264
:10CC40000B45AA82AB831211CAE964017086850A7A
:10CC500082850B837401F07423120B4512B5BE60FC
:10CC60001CA818A919880C890D750E00780C1208DB
:10CC7000AC7C137D0012102C740312087212CC8944
:10CC8000EEFAEFFB741302D2F0E5082411FEE50979
:10CC90003401FF22E5082413F582E43509F58322E7
:10CCA000E0850882850983A3A3A3A3A3A3A3A3224A
:10CCB00012CCB42212CCB82212B41512C9DC38F549
:10CCC00083E02212ADC0E022129A5FA3E02274F743
:10CCD0001203D674F3120940EAFEEBFF740C120B38
:10CCE00045E4F07C08FDF9AA18AB191210388E82C1
:10CCF0008F83A3E06401600A8E828F83A3E06404C3
:10CD0000706F7404120B457402F0740C120B45E042
:10CD1000705C8E828F83E085188285198312B45FE0
:10CD20007402120B457421F07405120B4512C752A0
:10CD3000121AB8740C120B45E070337408120B45CC
:10CD400012CF5D740812A77BAA82AB8312CD90121A
:10CD5000C4CE640270118E828F8312D726E824021B
:10CD6000FAE439FB1211D0AA18AB19121ABE02AF9D
:10CD7000DD8E828F83A3E0640270097404120B4578
:10CD8000740A8085740C120B4574B3F080E0F5834F
:10CD900012C399A32274F41203D674B61209408AFE
:10CDA000088B098A828B83A3A3E06404600302CF0B
:10CDB0003E901A72E0700302CF3E121AE8E9600357
:10CDC00002CF3E740F1209387A007B0079AB121A39
:10CDD0003A85088285098312D728740F1209301208
:10CDE0001794E9700302CF3E7437120928880A8924
:10CDF0000B780A1208B07402120938850882850976
:10CE00008312C73A121AD0740212087285188285EA
:10CE10001983E0700302CF3E7447120B45E06401B2
:10CE2000600302CF3E7427120928880A890B780A0A
:10CE30001208B0750A10750B00780A1208B07C0051
:10CE40007D007A027B0112116A7404120872740167
:10CE5000120B457403F07417120928880A890B789D
:10CE60000A1208B07429120928880A890B780A1254
:10CE700008B07C087D007405120930121B6C740424
:10CE8000120872740E120B45E4F07C08FDF974026E
:10CE90001209301210387402120B45E4F0A3F0743A
:10CEA00004120B457401F07407120B457401F07401
:10CEB00006120B45741AF07402120930121AB87473
:10CEC0000E120B45E07077740A120B4512CCB0FEBF
:10CED000A3E0FF8E828F83740F12CF45F0121C9255
:10CEE0008A088B09750A0078081208AC7C087D0056
:10CEF000741212093012102C7403120872740F127B
:10CF00000938EE2402FAE43FFB1211D0741712091B
:10CF1000288808890978081208AC7C107D00EE2466
:10CF20000AFAE43FFB12102C740312087274021206
:10CF30000930121ABE740E120B45E0F9800279C254
:10CF4000744A028CFB12CF5312CF4C22E08E828F98
:10CF500083A322F0850882850983A3A32212CF66CA
:10CF6000F9888289832212CCB8F8A3E02212CA374A
:10CF7000E022F583740112CF7A2212CF85A3A3E0B9
:10CF80002212CF8522F08E828F8322C082C083122C
:10CF90001A8290181F74ACF0A3741AF002C4D8C09F
:10CFA00082C0837C0879FF9017F112C73A1210C82B
:10CFB00002C4D874F71203D6E9FE12AFC63B12BC06
:10CFC00011601788828983A3E05403700DEEFB1271
:10CFD000CFDD12D010E0F91221A202AFE912CFE1A9
:10CFE00022E812C19639F58322C082C083EAF8EBA9
:10CFF000F988828983A3A3A3A3A3E0FB8882898302
:10D00000A3A3A3A312D010A3E0F91221A202C4D8B3
:10D01000E0FA88828983A3A32274F01203D68A0CD3
:10D020008B0D8C0E8D0F890B12A33412D6F0243089
:10D03000FA7B001210508A088B09AE08AF09EE4F38
:10D04000700302D1668E828F837401F0850C08858F
:10D050000D09750A0078081208AC7C177D00EE24D3
:10D0600019FAE43FFB12102C7403120872850E08A3
:10D07000850F0978081208AC7C097D00EE2402FABD
:10D08000E43FFB12102C74031208727410120B454B
:10D0900012B861240B12CB6E7412120B4512C39F8F
:10D0A000E0C0E012C069D0E012ADBAC0E012D170A9
:10D0B000D0E012CCC3C0E012A5ECD0E0F0741412A2
:10D0C0000B45E0C0E012D18AD0E012D18FE4F0A38A
:10D0D000F07415120B45120B22EE12AD593FF58379
:10D0E000120B2E12D17EE50B12D24BA3A312B85D08
:10D0F000240D12CB6E7419120B45E0C0E012B3D8A8
:10D10000D0E012D6FEE0602BEE2430FAE43FFB12B2
:10D11000D1693F12D197F508A3E0F5097808120804
:10D12000ACE50C12A335350D12C74B12102C74034D
:10D13000120872EE241A12C0655403601D9017FF86
:10D1400012BC13600CEEFAEFFB12DFD412054E8016
:10D1500015EEFAEFFB121056800CEEFAEFFB90176B
:10D16000E6E0F912105C02D2F3EE2427F582E42205
:10D17000EE12D1783FF583222411F582E422EE12DB
:10D18000D1832212C9E23FF58322EE12B86E22F05B
:10D1900012D1693FF58322F583EAF0A3EBF0E50CA9
:10D1A000240E12D707E02274F21203D68A0C8B0DDC
:10D1B0007A207B001210508A088B09AE08AF09EE66
:10D1C0004F606B8E828F83740412D270129D731223
:10D1D000D2508E828F83A3A3A3A3A312D24B12E4B7
:10D1E000D11208AC7C107D0012D23912102C7403BD
:10D1F000120872850C82850D8312D720EE2416FA50
:10D20000E43FFB121788850C82850D83A3A3A3A39B
:10D21000A3A3A3A3A3A3E0C0E012D231D0E012D213
:10D220005BC0E012D241D0E012D26512105C02B6AF
:10D23000D8EE12C38C3FF58322EE2406FAE43FFBBE
:10D2400022EE241FF582E43FF5832212D255A32259
:10D2500012D255E02212E489A3A322F0E50C240B9C
:10D2600012D707E022F0EEFAEFFB9016CBE0F9229E
:10D27000F0850C82850D8312AED7A3A312B48185ED
:10D280000C82850D83A3A32274F61203D6EAFEEB6B
:10D29000FF7A057B00121050EA4B60248A828B8350
:10D2A000740812C3D612D2C3E8F0A3E912CF768A6B
:10D2B000828B83A3A3A3A3F09016CBE0F912105C9A
:10D2C00002A85BF8A3E0F98A828B83A3A32212D27F
:10D2D000D8E02212D2D8A32212D2DEA3A322F08554
:10D2E0000E82850F832212D2DEE0F8A3E0227418AA
:10D2F0001208727F080205ED74F61203D674EC1260
:10D300000940EAFEEBFF8E828F8312C73A121D108E
:10D31000E97006121AE8E96002807C8E828F83A38E
:10D32000A3E0706C8E828F83A3A3A3A3A3E0640405
:10D33000705E74011209288808890978081208B0FB
:10D3400074021209389017F112C73A121AD07402F7
:10D35000120872851882851983E060347411120BEB
:10D3600045E06401702A12D39C1208B0750801755B
:10D37000090078081208B07C107D007A117B011238
:10D3800011647404120872790012212A7A01800251
:10D390007A0079011220DC741402A8587402F08516
:10D3A0008208858309780822C082C08390182D7472
:10D3B00054F0A3741BF090182F7448F0A3741BF062
:10D3C00002C4D8E824FF18E934FFF922F582E43FCB
:10D3D000F583E08A828B832274F51203D612D6C3BA
:10D3E000850882F583E054078E828F83A312D4953B
:10D3F000131313541F5403C0E012D480D0E012D48E
:10D4000095C4135407F50A7904A3AA82AB831210BA
:10D410003EEAF8EBF9ECFAEDFB12D18A120B2E1270
:10D42000D4787405F0E50AA2E0501AE5082405FC5A
:10D43000E43509FD12D2391211D0EE241612C0655E
:10D440002408F0800C7C087D00790012D23912107B
:10D450003812B904701FEE2416F8E43FF988828967
:10D4600083E0FAE5082A12D48CC0E012D170D0E033
:10D4700012C62B04F002A923EE12C9E83FF583225D
:10D48000EE12BBA93FF58322E5082414F582E435AA
:10D4900009F583E02212D49922F085088285098358
:10D4A000E02274F21203D68A0A8B0BEA241612D5F4
:10D4B00036640D70047E0180027E008A828B83A315
:10D4C000A3E0F88A828B83A3A312D6D2EEC433548E
:10D4D000E0F9EA12D54E33333354F8F88A828B835D
:10D4E000A3E04849850882850983F0A385820885E1
:10D4F0008309EA12D5571206B8AA08AB091210BC64
:10D5000074041208728A088B09EEA2E05016E50A2C
:10D510002406FCE4350BFD1211D0E5082408F508BB
:10D5200050020509E50A12D54E64017006E50A129B
:10D53000D53FF002B6D8F582E4350BF583E0221230
:10D54000D178350BF583E08508828509832212BBEB
:10D55000A9350BF583E02212C625350BF58322741D
:10D56000F41203D674C712094012D6C38E828F8379
:10D57000E07005121B1E800CA3E0F8850882850967
:10D5800083E048F012D18A1206B874301209388547
:10D590000882850983E0F912D239121B4274041201
:10D5A00008728E828F83A3A3E0C0E07401120B4542
:10D5B000D0E0F0EE241612C065C0E07402120B45F4
:10D5C000D0E012CF6DC0E07403120B45D0E012D64C
:10D5D000DFC0E07404120B45D0E012C0B8640170E3
:10D5E00004A3E064017018740C120938EE242212AE
:10D5F000C065F9EE2418FAE43FFB12163E800E7463
:10D600000C12093812C06912C73A121686740C122D
:10D610000928740A120B45E8F0A3E912B45774FF05
:10D6200012D6E564027009851882851983E4800D9D
:10D63000E0640370438518828519837402F0741CBA
:10D64000120928880A890B780A1208B0740E120988
:10D6500028880A890B780A1208B07C087D007404B7
:10D66000120930121B6C7404120872741C120928FF
:10D67000740A120B4512CB748E828F83A3A3A3A3CB
:10D680001206BC742E12093874031209308E828F70
:10D6900083E0F9121B5A7402120872E9FE850882AF
:10D6A00085098312DDDE741C1209301210387C10DB
:10D6B0007D007900740C120930121038EEF97439BB
:10D6C000028CFBEAFEEBFF8E828F8312C0AD12D676
:10D6D000D222A3A3E028F508A3E03400F509221222
:10D6E000CF81A3E022F0EE240E12C0C022F582E426
:10D6F00012D70AE022E50C12BD2A12D70A22F0E561
:10D700000C241012D70722F582E4350DF58322127E
:10D71000D7132212D71722E0FAA3E0F5838A8222D8
:10D72000A3A3A3A3A3A3A3A312D72C22E0FCA3E04B
:10D73000FD228E828F83A3A3A3A3A3A3A3A3A3A34A
:10D7400012D7442212D749A322E0F8A3E0F5838838
:10D75000822212CA37F022EAF0A3EB12D75F22F03E
:10D76000851882851983E02274F41203D68A088B07
:10D770000978081208B0750A11750B00780A1208AA
:10D78000B07C007D007A3A7B0012116A74041208A2
:10D7900072E97010901823120B22E508241112CCA4
:10D7A00098120B2E028CFE74F51203D674EF120938
:10D7B00040E9851882851983F08A088B09750A006B
:10D7C00078081208AC7C107D007404120B45AA8204
:10D7D000AB8312102C7403120872A818A9198808B8
:10D7E000890978081208B0750811750900780812BF
:10D7F00008B07C007D007A3B7B0012116474041237
:10D8000008727C117D007900AA18AB1912103874C7
:10D810001102A92074F01203D674EB120940E9FE3C
:10D820007A117B001210E08A088B09EA450970031F
:10D8300002D95478081208B0750A11750B00780ADD
:10D840001208B07C007D007A3B7B0012116A7404E0
:10D85000120872E9600302D940850882850983E0D5
:10D860006E600302D9407A117B001210E08A0A8BA5
:10D870000BEA450B700302D940780A1208B0750C08
:10D8800011750D00780C1208B07C007D007A3A7B8F
:10D890000012116A7404120872E9600302D92C782C
:10D8A000081208B0780C1208B07C007D007A3A7B30
:10D8B00000121164740412087290186E7401F090D2
:10D8C0008990780C120AEE901823780C120AB04056
:10D8D0000690182312CB5485080C85090D750E008F
:10D8E000780C1208AC7C117D007403120930121000
:10D8F0002C7403120872901823120B227411120B4D
:10D9000045120B2EA818A919880C890D780C12083D
:10D91000B0750C15750D00780C1208B07C007D00F8
:10D920007A827B0012116474041208727C117D00EB
:10D930007900AA0AAB0B121038AA0AAB0B1210E638
:10D940007C117D007900AA08AB09121038AA08AB37
:10D95000091210E6741502D2F074F31203D674FFA4
:10D96000120940890C8A098B08ECFEEDFFEBC433E9
:10D9700054E0F8EA33333354F8450C488E828F83F1
:10D98000F0A3AE82AF83740E120B451206B8EEFA06
:10D99000EFFB1210BC74041208728A0A8B0BAE0AD9
:10D9A000AF0BE5086019121C928A0A8B0BAC0AAD0A
:10D9B0000BEEFAEFFB1211D0EE2408FE50010F74AB
:10D9C000016509703F750A3A750B00780A1208B0B4
:10D9D0007402120928880A890B780A1208B07C019F
:10D9E0007D007A007B00121DA67404120872E97093
:10D9F0000D851882851983E08E828F8380058E8243
:10DA00008F83E4F0740112087202A0EF74F712031E
:10DA1000D68908ECFEEDFFEAFCEBFDEEFAEFFB1217
:10DA200011D07409120B451206B8EE2408FAE43F2F
:10DA3000FB1210BC74041208728A828B83029A55FE
:10DA4000E9F874020458F97402B900028004C3337F
:10DA5000D9FC541CF902085A74F41203D674FE124D
:10DA600009408908750A3A750B00780A1208B074E3
:10DA700003120928880A890B780A1208B07C017DF4
:10DA8000007A007B00121DA67404120872E970600F
:10DA90007401120B45E06508604E750A3B750B007A
:10DAA000780A1208B07402120928880A890B780AC9
:10DAB0001208B07C017D007A007B00121DA6740460
:10DAC000120872E9702E851882851983E065087046
:10DAD0001FE0F87401120B45E0C398500F851882BF
:10DAE000851983E0F9121B367E3A80067E3B800260
:10DAF0007E007F00EEFAEFFB028CF974F01203D681
:10DB000074D21209407403120B45E9F07401120B30
:10DB10004512B5D2EC851882851983F07404120B76
:10DB200045EDF07406120B45740E12BC18C0E0747B
:10DB300005120B45D0E0F07404120B45E0C0E07410
:10DB400007120B45D0E0F090183DE0C0E0740812D9
:10DB50000B45D0E0F07409120B457401F074031208
:10DB60000B45E0600302DC5175083A75090078083E
:10DB70001208B07412120928880889097808120856
:10DB8000B07C117D007A007B00121DA6740412087F
:10DB900072E9600302DC457411120B45A882A98367
:10DBA000740E120B4512CB749018237808120AEEEB
:10DBB00085080C85090D850A0E850B0F9089A478C0
:10DBC0000C120A20901823780C120ADF7808120829
:10DBD000A87404120B45E0F87405120B45E028FC0C
:10DBE000A3E03400FD7B017A01740C120B45E0F9CF
:10DBF000121B3C7404120872121C928A088B09AC26
:10DC000008AD0974211209301211D090182B12AAF4
:10DC10009090182B1298DB90279078081209D34027
:10DC2000159089A47808120AEE9018237808120932
:10DC30006C600302DCE07A007B029016CBE0F91204
:10DC4000109202DCE0740E120B45E4F0A3F002DC4B
:10DC5000E0851882851983E0F87401120B45E028ED
:10DC600012C6F0E812DDCF39F583E0F9121B4E8AB7
:10DC7000088B09A808A909743A6849600302DD38CD
:10DC800075083A75090078081208B074121209284C
:10DC90008808890978081208B07C117D007A007B19
:10DCA00000121DA67404120872E9700302DD70747C
:10DCB0000E120B45E4F0A312BC18F87401120B45C8
:10DCC00012DDD57408120B45E0F88E828F83E04890
:10DCD000F0EE2405FCE43FFD74211209301211D04E
:10DCE000851882851983E0F87401120B4512DDD581
:10DCF0008E828F83A3A982AA8389088A09750A0064
:10DD000078081208AC7C047D00742C120B45AA82A2
:10DD1000AB8312102C74031208728E828F83E0C0C2
:10DD2000E0742D120B45D0E0F0740E120B4512BCBE
:10DD300013705279A102DDC9743B6849600302DCAB
:10DD4000AF75083B75090078081208B07412120903
:10DD5000288808890978081208B07C117D007A00AB
:10DD60007B00121DA67404120872E9600302DCAF86
:10DD70007411120B45A882A983740E120B45E8F0AA
:10DD8000A3E902DCB77401120B451206BC7423121E
:10DD9000093874071209307405120B45E0F9121B9B
:10DDA0005A7402120872E9FE851882851983E0F818
:10DDB0007401120B4512E4B112DDDE7411120B4531
:10DDC000AA82AB83121038EEF9742E02D2F0EA2444
:10DDD0000DF582E422E028FEA3E03400FF22E054A7
:10DDE000F8F07C107D0079002274F01203D674E8FC
:10DDF0001209407403120B45E9F07404120B45122A
:10DE0000B441EAFEEBFF7508007509008E828F832E
:10DE1000A3A3A3A3A3A3A3A3A312CB65120B451291
:10DE2000CB747401120B4512C73A121DD09018D151
:10DE300074D6F0A3741D12D6DFF88E828F83E0288B
:10DE4000F50BA3A3A3E0C394048E828F83A3A3E066
:10DE50005009250BF50B750A008002F50A8E828F9A
:10DE600083A3A3A3E0F9121B66E9851882851983B1
:10DE7000F07428120B45E0F50EA3E0F50FAA0AA8EE
:10DE80000BE50E28F8E4350FF9E82AF8E439F974BF
:10DE900006120B4512CB78120B4512C071A3A3607A
:10DEA0000302DF39E0C394044003750901740812CA
:10DEB0000928880C890D780C1208B07403120B45E0
:10DEC0001206BCE50BF50C750D00780C1208B07845
:10DED0000E1208B0EAF50C780C1208B012DFA51289
:10DEE00008B07B027410120B4512D728740C120B69
:10DEF00045E0FAA909121DF4740C120872E9F960E0
:10DF00000302DFA27800851882851983E0FAE8C34E
:10DF10009A400302DFA2E8FA7408120B4512E0BB34
:10DF2000E0C0E07406120B45E02AFCA3E034008C4C
:10DF300082F583D0E0F00880CDE0C39404400375FF
:10DF400008017408120928880C890D780C1208B091
:10DF50007403120B451206BCE50BF50C750D007829
:10DF60000C1208B0780E1208B07408120B45E0FAD3
:10DF7000E50A2AF50CE43400F50D780C1208B0120D
:10DF8000DFA51208B07B027410120B4512D728745B
:10DF90000C120B45E0FAA908121DFA740C12087253
:10DFA000E9F902D2EEA80BE50E28F50AE4350FF5E3
:10DFB0000B780A2274F71203D6E9FE90182D12BCD2
:10DFC00013600AEEF912DFD412054E8002790102C5
:10DFD000AFE9F8A312CA2D2274F71203D6E9FE9016
:10DFE000182F12BC13600AEEF912DFD412054E800E
:10DFF00002790002AFE974F11203D674E01209400D
:10E000007800742F120B45129FEBEE2812C0656446
:10E0100036C0E0851882851983E58228F582E435CB
:10E0200083F583D0E012E4DD40E07431120B451239
:10E03000E4C31208B08C0A8D0B780A1208B0EAFC0F
:10E04000EBFD79017404120930121B72740412087A
:10E050007285080C85090D750E00780C1208AC7CD1
:10E06000107D00741312093012102C740312087200
:10E070007800E8FAEE2A12C065645CC0E085188278
:10E0800085198312E0BBD0E012E4DD40E578081288
:10E0900008B075088075090078081208B074141269
:10E0A000093879017404120930121B7274041208C1
:10E0B0007274201208727F070205ED12E0BF22E59C
:10E0C000822AF582E43583F5832274F01203D67434
:10E0D000DF120940E9851882851983F08A0C8B0DBF
:10E0E0008C0E8D0F7431120B4512E49E7403780868
:10E0F000120AD0AA0874047808120AD0AE08AF0930
:10E10000EA540FF50B7C107D0079007433120B4537
:10E1100012C73A121038851882851983E060697435
:10E1200033120B4512E4D11208AC7C107D0074044C
:10E1300012093012102C7403120872850C08850D18
:10E140000978081208AC7C107D007436120B451259
:10E15000C73A12102C74031208727433120B451252
:10E16000E4BD120930121B787800E8FAE50C2A1297
:10E17000D6EDFC7433120B4512E4DA40ED74311223
:10E180000B45E0248012AA93850E0C850F0DEEF846
:10E19000EFF9E824FF1EE934FFFFE849606F7433AC
:10E1A000120B4512E4D11208AC7C107D00740412ED
:10E1B000093012102C7403120872850C08850D09A1
:10E1C00078081208AC7C107D007436120B4512C71B
:10E1D0003A12102C74031208727433120B4512E4B5
:10E1E000BD120930121B787800850C82850D83E002
:10E1F000FCE8FA7433120B4512E4E412E4898582D8
:10E200000C85830D08E8C39410508380DCE50B6017
:10E210000302E2B07433120B4512E4D11208AC7C55
:10E22000107D00740412093012102C74031208724D
:10E230007C0E7D0079007433120B4512C73A121020
:10E24000387433120B4512CA267480F07431120BE5
:10E2500045A3E0C0E07433120B4512BBDCD0E0F004
:10E260007431120B45E0C0E07433120B4512BBEE63
:10E27000D0E0F078081208AC7C107D00741412090C
:10E280003012102C74031208727433120B4512E40E
:10E29000BD120930121B787800E8FA7411120B4590
:10E2A00012E492120B4512E4DA400302E48480E99E
:10E2B000C3940E7433500302E3D4120B4512E4D11D
:10E2C0001208AC7C107D00740412093012102C74FA
:10E2D000031208727C107D0079007433120B451212
:10E2E000C73A121038750E00780C1208ACAC0B7DD2
:10E2F000007436120B4512C73A12102C7403120820
:10E3000072A80B7433120B4512E4AA78081208ACF9
:10E310007C107D00741412093012102C7403120842
:10E32000727433120B4512E4BD120930121B787857
:10E3300000E8FA7411120B4512E492120B4512E434
:10E34000DA40EE7433120B4512E4C31208AC7C10B1
:10E350007D00740412093012102C74031208727CB0
:10E360000E7D0079007433120B4512C73A12103833
:10E370007431120B45A3E0C0E07433120B4512BB9D
:10E38000DCD0E0F07431120B45E0C0E07433120BC6
:10E390004512BBEED0E0F078081208AC7C107D008E
:10E3A000741412093012102C740312087274331290
:10E3B0000B4512E4BD120930121B787800E8FA749C
:10E3C00011120B4512E492120B4512E4DA400302DB
:10E3D000E48480E9120B4512E4D11208AC7C107D74
:10E3E00000740412093012102C74031208727C0E8F
:10E3F0007D0079007433120B4512C73A121038753C
:10E400000E00780C1208ACAC0B7D007436120B4574
:10E4100012C73A12102C7403120872A80B7433122C
:10E420000B4512E4AA7431120B45A3E0C0E074332B
:10E43000120B4512BBDCD0E0F07431120B45E0C08A
:10E44000E07433120B4512BBEED0E0F078081208EE
:10E45000AC7C107D00741412093012102C7403125D
:10E4600008727433120B4512E4BD120930121B7886
:10E470007800E8FA7411120B4512E492120B45125F
:10E48000E4DA40EE742102D2F0F0850C82850D832F
:10E49000A32212E0BFE0FC743322A3A3A3A312E4DF
:10E4A000A222E0F508A3E0F5092212E4B17480F09D
:10E4B00022E028FAA3E034008A82F5832212D72CC6
:10E4C00074012212E4A27808228E828F83A3A3A370
:10E4D000A312E4A2750A0078082212E4E4F008E826
:10E4E000C3941022E02AF9A3E034008982F583E086
:10E4F0006C2274F61203D6EAFEEBFF8C088D09122B
:10E500001DD0AC08AD09EEFAEFFB121DD602A85BD8
:10E51000C082C083901717E4F0A3F07CE87D177ADF
:10E52000AC7B161211D01219261217EED083D082AE
:10E5300002085A74F21203D674FE120940E9FEEA88
:10E54000FF8B098C0874016E600874026E60030210
:10E55000E669EF600874036F600302E5F5121AE8DC
:10E56000E9605374036F604E12104A8A0A8B0B786D
:10E570000A1208B0750A01780A1208B4750A007800
:10E580000A1208B4E508F50A780A1208B4E509F594
:10E590000A780A1208B49016C61206B89019C8E094
:10E5A000F97CC07D17901A7012F33112180C740A9E
:10E5B00012087202E65779021214CA9019C8E0F9DB
:10E5C0009016C6120B16121800E9F874036F600358
:10E5D00002E659901719E0F9740129F0E9C394058E
:10E5E00040779016C6E4F0A374F8F0A374FFF0A38C
:10E5F0007407F0806474016F706474016E790A703E
:10E600002E1214CA7A007B0490189FE0F91211A60A
:10E61000AA18AB1979501216D412F61A9018521281
:10E62000E687790090185212F33112186680511261
:10E6300014CA901A4A1206B87A007B209016CBE0D2
:10E64000F912119A74041208729019C8E0F9901620
:10E65000C6120B16121818E9F8E8700D80227C59C2
:10E660007D887A0E7B88120C789089AC1206B87A75
:10E67000017B009016CBE0F912119A740412087213
:10E68000740202F7ABA3A3E8F0A3E9F02274F61238
:10E6900003D6E9FFEAFE7AD1F912106E8A828B83E3
:10E6A000E5824583702A7A027B00121050EA4B7093
:10E6B0000E7A107B009016CBE0F912109280148A2B
:10E6C000828B8374D1F0EFA3F0EEF912105C80031B
:10E6D000EFA3F002E7E974F71203D689089003016B
:10E6E000E0FEA3E0801C8E828F8312E72EE0600B99
:10E6F000A3A312F36AFAA9081214F48E828F83126C
:10E70000FB9AFFEE4F70DF901A33E0F47003A3E042
:10E71000F4600A901A33E0FAA9081214F4121C9853
:10E720009016A212F33C121C927F010205EDA3A3E6
:10E7300012F6012274F41203D6890B7D00740C12B8
:10E740000B4512F62080010DEDC3950B503D750A67
:10E75000008002050AE50AC39C50ECED25E0FEE4CA
:10E7600033FFEA2EF582EB3F12E792F509AE0AEE8F
:10E770002EFEE433FFE82EF582E912F5D06508702D
:10E7800004A3E0650970CC7901800279007F04025E
:10E7900005EDF583E0F508A3E02202085A74F612AD
:10E7A00003D612E8557003A3E06D70177508D47591
:10E7B000091678081208B0EEFA12159C74021208B5
:10E7C00072801F75080275098078081208B08C08DD
:10E7D0008D0978081208B012E8351215B4740412C5
:10E7E0000872800574021208727F020205ED74F649
:10E7F0001203D612E8557003A3E06D70177508E197
:10E8000075091678081208B0EEFA1215A2740212F1
:10E810000872801F75080375098078081208B08C8B
:10E82000088D0978081208B012E8351215B474047E
:10E8300012087280B4EE240EF582E43FF583E0FD09
:10E840007C80EE2402FAE43FFBEE240FF582E43FE5
:10E85000F583E0F92212F5D5F8E4C8F9EA28FCE4DA
:10E8600039FD9016A2E06C2274F61203D674FE12E3
:10E870000940EAFEEBFF851882851983E4F0A3F0D6
:10E8800012F4A412F5F3FBECFA88828983A3A3E0C7
:10E89000F9750900750800600574FF697005750851
:10E8A0008280249016A2E06A7003A3E06B7015AA20
:10E8B00018AB19122178E9FA12F5B37003750883C1
:10E8C0008A09800375088085188285198312F5FAF4
:10E8D000FDA908EEFAEFFB1215A8E509600B12F589
:10E8E000B3600612F32B1210E602E7E402085A7432
:10E8F000F21203D6EAFEEBFF75080075090012F468
:10E90000A4F58312E73012E966121C98EA650A70D2
:10E9100003EB650B701212216CE914F50879017A8A
:10E92000E37B16122166800375098012F5CAF50C87
:10E93000780C1208B4750CE3750D16780C1208B03B
:10E9400078081208B4780A1208B0E509F5087808C2
:10E950001208B412F5BF12F5CDF97A057B801215B5
:10E96000AE740702F7ABE0FAA3E0F8E4C8F9EA28CE
:10E97000F50AE439F50B2274F61203D6E9FF7E009E
:10E9800080308A828B8312E794F8E4C8F9E508287E
:10E99000E439F509EE25E0F8E433F9EC28F582EDE9
:10E9A00039F583E508F0A3E509F0EA2402FA5001FD
:10E9B0000B0EEEC39F40CB02E7E974E81203D67456
:10E9C000F812094012F336750F007516007517001E
:10E9D00075140075150085188285198312EFF3C828
:10E9E00012F4A03812F97C12E9678E828F83A3A3F8
:10E9F000E0FA8E828F83A3A3A3E0F9EAF508E43955
:10EA0000F509851882851983E0240FF8A3E0340006
:10EA1000F97406120B4512EDFB240EF8A3E0340046
:10EA2000F97404120B4512EDFB2402F8A3E0340044
:10EA3000F97402120B4512E687AA0AAB0B121D10DD
:10EA4000E964016018AA0AAB0B121D10E9704E9020
:10EA500016A2E0650A7004A3E0650B60407404121E
:10EA60000B4512EDEA1208B4E4F508F5097808122E
:10EA700008B078081208B4780A1208B075088078CF
:10EA8000081208B47409120B4512EDE3120B45127B
:10EA9000EDF21215AE740712087202EDDE8E828F4F
:10EAA00083A3A3A3A3E0F50BEE2405FE50010FE51D
:10EAB0000B602612FB5F1210E08A168B17EA4517CF
:10EAC0006017AC16AD17EEFAEFFBA90B12152A8AE8
:10EAD0000C8B0DAE0CAF0D8003750B008E828F83F7
:10EAE000E0F50AA3AE82AF83601E12FB5F1210E056
:10EAF0008A148B15EA4515600FAC14AD15EEFAEFCC
:10EB0000FBA90A12152A8003750A009003018047A9
:10EB1000E4F0A3F0EEFAEFFB851282851383A3A342
:10EB200012F373A3A312F36AF912105C85108285A5
:10EB30001183E0C0E0A80F74E328F582E43416F5F1
:10EB400083D0E0F0050FA2005007AA10AB111210FD
:10EB5000E6851282851383E0F512A3E0F513E51232
:10EB60004513700302ED19851282851383A3A31246
:10EB7000F620E8FAE9FB8A828B83E0FC60D38512F9
:10EB800082851383A3A3A3A3A3A3A3A3E0A2E0501E
:10EB9000C0851282851383A3A312E72EE5824583E5
:10EBA000600FECFA790112054E8A108B11D20080A9
:10EBB000118A828B83A3A3A3A3E0F510A3E0F51130
:10EBC000C200E5104511700302EB468510828511E5
:10EBD00083A3E065087004A3E06509600F74FF6516
:10EBE00008700474FF6509600302EB468510828596
:10EBF0001183A3A3A3A3A3A3A31206BC851082859C
:10EC00001183A3A3A3A3A3A3E0FCAA16AB17A90B8C
:10EC10001215007402120872E9703885108285118D
:10EC200083A3A3A3A3A3A3A3A3A3A31206BC85109A
:10EC300082851183A3A3A3A3A3A3A3A3A3E0FCAAF8
:10EC400014AB15A90A1215007402120872E97003B8
:10EC500002EB46E50A250BC333240AFA7B001210A7
:10EC6000508A0C8B0DAE0CAF0DEE4F700302EB2CE7
:10EC70008E828F8374D2F07402120B4512F36AF8FD
:10EC8000A3E0F98E828F83A3A3E812F9B4E50B12F7
:10EC9000F98DA3A3A3E50AF0EE2405F582E43FF580
:10ECA00083E50B602812FBA13FFB12F33C85160C99
:10ECB00085170D750E00780C1208ACAC0BEC2CFC13
:10ECC000E433FD12102C74031208728004E4F0A3E4
:10ECD000F0EE2408F582E43FF583E50A700302EBC9
:10ECE00010A80BE828F8E433F9EE28F8EF39F9E832
:10ECF00012FBA239FB12F33C85140C85150D750E21
:10ED000000780C1208ACAC0AEC2CFCE433FD1210B9
:10ED10002C740312087202EB14E50F604C74041299
:10ED20000B4512EDEA1208B47508E3750916780868
:10ED30001208B0E50FF50878081208B49016A21270
:10ED400006BC75080078081208B47409120B451245
:10ED5000EDE3120B4512EDF21215AE7407120872B4
:10ED6000E970617CF77D888054851882851983124B
:10ED7000F79D70457404120B4512EDEA1208B47544
:10ED800008E375091678081208B0750800780812AB
:10ED900008B49016A21206BC78081208B4740912BE
:10EDA0000B4512EDE3120B4512EDF21215AE74078E
:10EDB0001208727C1E7D8880047C8C7D887A2E7B74
:10EDC00088120C78E51645176007AA16AB171210C3
:10EDD000E6E51445156007AA14AB151210E6740891
:10EDE00002F61212F5FAFD740D2212F36EF5087890
:10EDF000082212F36EF97A067B8022E8F0A3E9126A
:10EE0000EE032212F5ABE02274EF1203D674F41273
:10EE100009408A088B09ECFEEDFF740B120B457458
:10EE200003F01209301211D0121C928A0A8B0BAC1B
:10EE30000AAD0BE508240CF50CE43509F50D740357
:10EE40001209301211CAE9601DEE2413F50AE43FDD
:10EE5000F50B850A82F583E0F510740365106011E7
:10EE600074016510600B851882851983748402EF24
:10EE700065EE2408F8E43FF9880E890F8882F5834F
:10EE8000E0F9602374FF69601EEE2414FAE43FFB8E
:10EE9000EAFCEBFD7403651070188C828D83E0F83A
:10EEA000600574FF68700B8518828519837482026F
:10EEB000EF65EE2409FAE43FFBEE240BFE50010F50
:10EEC000850C82850D83E064217002A3E070658566
:10EED0001882851983748C12F629E0F510781012C7
:10EEE00008B4EEFCEFFD8A828B8312F331850E822B
:10EEF000850F83E0F9121A2E7401120872E9706608
:10EF0000851882851983E4F01214BE850A82850B68
:10EF100083E0640370507401120938EEFAEFFB12BB
:10EF20001A4CE970417D007C007900EEFAEFFB128B
:10EF3000157E80328C828D83E0F50A780A1208B43F
:10EF4000EEFCEFFD8A828B8312F331121A347401C6
:10EF5000120872E98518828519837007E4F012148B
:10EF6000BE80037488F012F9A8E0F50A780A120846
:10EF7000B47401120928880A890B780A1208B0852E
:10EF80000C82850D83E0F50AA3E04480F50B780A36
:10EF90001208B07901E5082402FCE43509FDE50812
:10EFA000240FFAE43509FB12157274051208727405
:10EFB0000C1208727F090205EDC082C08374F3123F
:10EFC0000940851882851983E4F004120B4512F379
:10EFD0003C7403120B45AA82AB83121788AA18ABA4
:10EFE000191217C4740D12087202E52C12F5E9FB10
:10EFF000EA4B22E0F8A3E02274E81203D674DB1295
:10F0000009408A168B17751400751500750A0012D1
:10F01000F49F351712F368F50EAC18AD197A007B22
:10F0200000799C121848901A72E060046401701410
:10F030007A0479001217E2EAF50A851882851983A5
:10F04000E02A80088518828519837401F0E0F8E5CC
:10F050000EC398400302F2CDE0C3950EF509C394A8
:10F06000044003750903E50975F01AA4FAABF01220
:10F0700010E08A148B15EA4515700302F2D0750B67
:10F0800000AE14AF15850E0802F12A7C087D0079C8
:10F09000FFAA12AB13121038E50C2404F8E4350D66
:10F0A000F9EE2416FAE43FFBEE2415FCE43FFDEEF6
:10F0B0002414F512E43FF51388828983E0702E85CD
:10F0C0000C82850D8312F5B9851282851383700435
:10F0D000E4F080087401F0901865E01485108285D2
:10F0E000118312F629740212F923E4803390186513
:10F0F000E00485108285118312F957C394038512A9
:10F1000082851383400302F1DB740212F957640114
:10F11000700302F1E78C828D83740112F92374016C
:10F12000F0EE241AFE50010F050BE50BC3950940C4
:10F130000302F24CE508C3950A400302F1EFAA0866
:10F140007B001217E88A0C8B0D050890185212F3F9
:10F15000501211D0850C82850D8312F620EE2412F8
:10F16000F582E43FF583E8F0A3E912F342EE2418B8
:10F17000F510E43FF511851082F58374FFF0850CDE
:10F1800082850D83A3A3A3A3A3A3A3A3A3A3E0C0EA
:10F19000E012F321D0E0F07401120B45E4F0850C8D
:10F1A00082850D8312F6207402120B4512E687EE5B
:10F1B000240AF512E43FF51374011209301217B254
:10F1C000E96401600302F08B7404120B45AC82AD5C
:10F1D00083AA12AB131211D002F098740112F957DE
:10F1E0006403600302F1158C828D83E402F11BE558
:10F1F0000AC3950E40057508008058E50EC3950AB0
:10F20000F508804F850C82850D83E412F629F09075
:10F210001865E0148A828B8312F342741D120B4529
:10F22000E0C0E012F321D0E0F0EE2414FAE43FFB5A
:10F230008882898312F5B98A828B837003E4800205
:10F240007401F0EE241AFE50010F050BE50BC39577
:10F2500009507D740E120938AA087B0079871218AC
:10F260004805087418120B4512F3501211D074108F
:10F27000120B45AC82AD8312FBA13FFB1211D0EE05
:10F280002412F8E43FF9740E120B4512F331888210
:10F29000898312F33CEE2418FAE43FFBEE2416FCBB
:10F2A000E43FFDEE2415F50CE43FF50D901A72E0F5
:10F2B00060076401600302F204850C82850D83748B
:10F2C0000212F6290412F92374FF02F218750900DC
:10F2D000750A00780A1208B478141208B078091276
:10F2E00008B4E50EF50978091208B47405120B4547
:10F2F000E0FD7C00E51612F4963517FBE51612F4D6
:10F30000903517F583E0F91215C07405120872E5FF
:10F310001445156007AA14AB151210E6742502F601
:10F3200012EE2419F582E43FF583228518828519AF
:10F330008312F5E9FB22851882851983EAF0A3EB95
:10F34000F022F0EE2417F582E43FF5837402F022F8
:10F3500012F6248E828F83E8F0A3E9F07C667D1894
:10F36000EE2402FAE43FFB22F58312F36E2212F33D
:10F3700073E022E0F8A3E0F58388822274EE1203A2
:10F38000D674FE1209408A0C8B0D751000751100A1
:10F3900012F49F350D12F368F50AAC18AD197A0016
:10F3A0007B0079A3121A3AAA0A12F61AC3EA98E461
:10F3B00099501E851882851983E0C39AFEA3E094B4
:10F3C00000FFC3EE9404EF940040647E037F00804E
:10F3D000627E00750B00EEF975080078081208B41B
:10F3E00078101208B0E9F50878081208B4E50AF5B3
:10F3F0000878081208B47405120B45E0FDAC0BE563
:10F400000C12F496350DFBE50C12F490350DF583D6
:10F41000E0F91215C67405120872E510451160076F
:10F42000AA10AB111210E6740212087202F9C5EEAE
:10F430004F60A0EEFAEFFBEA75F015A4FAA8F0759C
:10F44000F015EBA428FB1210E08A088B098A108BB8
:10F4500011EA45116032750B00750E00C3E50E9E72
:10F46000E49F400302F3D6AC08AD09A80AE50E28D4
:10F47000FAE43400FB79A2121A3AE5082415F508DB
:10F4800050020509050E80D4750BB5790002F3D83A
:10F49000240FF582E4222402FAE4228A088B09EA86
:10F4A00012F91D22EE12F91D3F2274F41203D674D4
:10F4B000FA12094012F49B12F96912F987EEFAEF79
:10F4C000FB12178EE96017121C928A0A8B0BAC0A8A
:10F4D000AD0BEEFAEFFB1211CAE96401700A740178
:10F4E000120B45E4F0A380097401120B45EEF0A362
:10F4F000EFF0E5082402FCE43509FD8C828D8312CF
:10F50000F60BE0687003A3E069600302F5A38E8246
:10F510008F83A3A3A3A3A3A3A3A3E0FEA2E6500803
:10F520007403120B457401F0EEA2E7500874041244
:10F530000B457401F07405120B45E412F5ABF0F5C0
:10F540000A780A1208B47401120928880A890B780B
:10F550000A1208B0750A34750B80780A1208B0795F
:10F5600001E508240FFAE43509FB1215727405123F
:10F5700008729089C4120B16121CB67A007B001216
:10F580001CC27A007B00121CBC74011209301218D4
:10F5900036EEA2E7400D7401120B4512F5B9700367
:10F5A00012211E740612087202E78DF085188285FA
:10F5B00019832285188285198312F624E84922EEE0
:10F5C0002402FCE43FFDEE240F22EE240EF582E43B
:10F5D0003FF583E022EAFEEBFFEE12F9E512EFF3CE
:10F5E00012F5E422F988828983E0FAA3E0227F08F9
:10F5F0000205ED12F5FF12F5FA22E0FCA3E022F578
:10F6000083E0F8A3E0F9888289832212F624901817
:10F6100048221208727F100205ED85188285198331
:10F6200012F6242212EFF3F922F08C828D83222429
:10F630000EF582E42274F61203D6ECFEEDFF12F909
:10F640001312E792F509AC08FDEEFAEFFB1211D0A8
:10F6500085088285098312F9F8F0E5082409F50880
:10F6600050020509F58285098312FA0E12E6888593
:10F670000882850983A3A3E0F8EE12F9DFE50824E8
:10F6800003F5085002050912F9D4701FAC08AD0942
:10F690001211D0850882850983A3A3A3A3A3A3A3E2
:10F6A000A3E0C0E012F9CAD0E0800C850882850989
:10F6B0008312F9EEF0A3E9F002E7E974F21203D63F
:10F6C000750A00EA241312F90AEA2410F582E43BD1
:10F6D000F583E0C3940C40098E828F8312F79DF569
:10F6E0000AA80AE828F8E433F9E8240DFAE439FB1B
:10F6F0001210E08A088B09EA4509700302F7978E19
:10F70000828F8312F97EF88A828B8312FB896003D1
:10F7100002F797EEFCEFFDEA2403FAE43509FB1249
:10F7200011D0EE2408FE50010F12F96E8508828573
:10F730000983A312E688E508240BF8E43509F9E803
:10F74000FAE9FB8A828B83E4F0E50A604AE5082443
:10F750000DF8E43509F98E828F83A312FA1F12F98E
:10F760009AC0E012F962D0E0F0EE2404FE50010FDE
:10F77000850A0B8E828F8312F5FAFBEC88828983CF
:10F7800012F33DE82402F8500109EE2402FE500174
:10F790000F150BE50B70DCAA08AB09801112EFF313
:10F7A000C8240BF582E438F583E0221208727F0644
:10F7B0000205ED74F61203D612F92D600302F8CBA0
:10F7C000E812F49639FBEC2403FEE43DFF8A828BB9
:10F7D00083E05407F5088E828F83E054F84508F5DE
:10F7E0000912F8D5A2E3E433F508A2E0E433333399
:10F7F00033F50874F7550945088E828F8312F8D5C2
:10F80000A2E4E433FAA2E0E433C4FA8E828F83E008
:10F8100054EF4AF0E82403FAE439FBEC24040EE444
:10F820003DFF8A828B83E054F8F5088E828F83E057
:10F8300054074508F50812F8D55407FA74F8550826
:10F840004A8E828F8312F8EB8C828D83A3A3A3A3AD
:10F85000A312F8DAA312FB7612F8F112F8CE12F81E
:10F86000F112FB7612F90212F8CE12F902A312F885
:10F87000CEA3A3A3A3A3A3A3A3A3F0E8240AF850B1
:10F88000010988828983E0FEA3E0FBEEFAEC240BF9
:10F89000F582E43DF58312F33C88828983A3A3E0DB
:10F8A000C0E0EC240DF582E43DF583D0E012F8DAF7
:10F8B000E0C0E0EC12F62F3DF583D0E012F8EBC08B
:10F8C000E0EC12F4903DF583D0E0F002E7E9E08C43
:10F8D000828D83A32212F927E02212F8DE2212F889
:10F8E000E222F088828983A3A3A32212F8DEA3E098
:10F8F0002212F8F522A3A3A3A3A3A312F8E2A3A3C1
:10F90000A322A3A312F8F5A3A322F8E43BF9E8FE8F
:10F91000E9FF2212F9172212F91C3B22EA2413F5FF
:10F9200082E42212F92722F08A828B832212F917AD
:10F9300012F5FFE08C828D83F088828983A3A882F0
:10F94000A983E0FEA3E0FBEE8C828D83A3F0A3EB02
:10F95000F08C828D83E02212F95B22F08882898309
:10F96000E022E508240CF582E43509F583228E8235
:10F970008F8312F9762212F5E9F9EA22F58312F95A
:10F98000878E828F83E022E0FEA3E0FF2212F9BB84
:10F9900022F0A3E912F9A1A3E02212F9A1A3A3E0A6
:10F9A00022F08E828F83A322E508240EF582E435AF
:10F9B00009F58322F0A3E912F9BB22F08E828F832E
:10F9C000A3A3A3A3227F0A0205EDEE2414F582E48B
:10F9D0003FF58322EE240BFAE43FFB740368221206
:10F9E000F9E5E8F0222413F582E43FF5832212F5CD
:10F9F000FAF9EC8A828B8322A3A3A3A3A3A3A3A3D4
:10FA0000E08E828F83A3A3A3A3A3A3A3A32212F9AF
:10FA1000768E828F83A3A3A3A3A3A3A3A3A322A3CE
:10FA2000E08A828B832274F01203D6EAFEEBFF8C0D
:10FA3000088D098E828F8312FB7712FB8912FB7D62
:10FA400012FB9150010F8E828F8312FB7DA3A312B4
:10FA5000F991C4540F8C828D83A3A3A3A3A312F99D
:10FA60009AF50CEE2404FE50010F8C828D83A3A323
:10FA7000A3A3A3A3E50CF0EC2407F50AE43509F5EC
:10FA80000BE50C604C12FB5F1210E08A0E8B0FA886
:10FA90000EA90F850A82850B8312E687E849700359
:10FAA00002FB2A7A0080248E828F83E0F50EA3E089
:10FAB000FCE4CCFDE50E2CE43DF50F12FB66E50EF3
:10FAC000F0A3E50F12FB9450010F0AEAC3950C4016
:10FAD000D68E828F83E0F50CA3AE82AF8385088239
:10FAE000850983A3A3A3A3A3A3A3A3A3F0606B127D
:10FAF000FB5F1210E08A0E8B0FA80EA90F850882FB
:10FB0000850983A3A3A3A3A3A3A3A312E685E8491E
:10FB1000701C850A82850B8312EFEC600D1210E6D3
:10FB2000850A82850B83E4F0A3F07901802E7A00A8
:10FB300080228E828F8312E794FCE4CCFDE5082CB2
:10FB4000E43DF50912FB66E508F0A3E50912FB9414
:10FB500050010F0AEAC3950C40D8790002F5EE2552
:10FB6000E0FAE433FB22EA25E0FCE433FDE82CF57F
:10FB700082E93DF58322A3E08C828D8322E0FAA303
:10FB8000E0F9EA8C828D83A32212F9A1AE82AF83C1
:10FB900022F0A3E9F0EE2402FE2212F624E8FEE9A8
:10FBA00022EE240AFAE42274F01203D674F1120948
:10FBB000407401120B45EAF0A3EBF0740D120B45F3
:10FBC000ECF0A3EDF07407120B45E4F0A3801B7476
:10FBD0001F120B4512FFA4740D120B4512FFAA123F
:10FBE000054E7407120B4512FFD6F07401120B4537
:10FBF00012FFB7F97401120B45E02401FAA3E034B7
:10FC000000FB7401120B45EAF0A3EBF07425696068
:10FC100015E970BB7407120B4512FFA4740F12088C
:10FC2000727F080205ED7A007B007401120B451209
:10FC3000FF82120B45E0FCA3E0F5838C82E0249860
:10FC4000600924FC70107B01EB80037A01EA120B3F
:10FC500045E8F0A3E9F07401120B4512FFB78518CF
:10FC600082851983F07401120B4512FF82120B4535
:10FC7000E8F0A3E9F0EAA2E092F0EBA2E0B372F0C0
:10FC800092F0851882851983E024A8700302FD6232
:10FC900024F5601714700302FD3B24F5607B24FCFF
:10FCA000603424FB700302FD6280187421120B453E
:10FCB00012FFC0851882851983F012FF78120B4558
:10FCC00012FF8E741F120B4512FFA485188285192E
:10FCD00083E0F902FBD77421120B4512FFC0FEA38B
:10FCE000E0FF12FF78120B4512FF97F08E828F8390
:10FCF000E0F9A3AE82AF83700302FBEB741F120B1B
:10FD00004512FFA4740D120B4512FFAA12054E7482
:10FD100007120B4512FFD680D27E087F00A2F07436
:10FD200003500A120B45E4F0A374808046120B4581
:10FD3000E4F0A3F0A3F0A37440804A7E0A7F00A2FF
:10FD4000F07403500B120B457410F0A3742780233A
:10FD5000120B45E4F0A374CAF0A3749AF0A3743BA9
:10FD600080237E107F00A2F07403500E120B45E436
:10FD7000F0A3EEF0A3E4F0A3800B120B45E4F0A394
:10FD8000F0A3F0A3EEF07421120B4512FFB7FCA311
:10FD9000E0FDEAA2E0400302FEB7851882851983E0
:10FDA000E06464600302FE9512FF78120B4512FFB7
:10FDB000CDFAA3E0FB3395E0FC7409120B45EAF0A1
:10FDC000A3EBF0A3ECF0A3F09089C47808120AEE3C
:10FDD0007409120B45780812099650377409120BF2
:10FDE000457808120AEE7808120A7F7409120B454A
:10FDF0007808120ADF741F120B4512FFA4792D74C4
:10FE00000D120B4512FFAA12054E7407120B451274
:10FE1000FFD6F07403120B457808120AEE7409122B
:10FE20000B457808120AB050387403120B45780C51
:10FE3000120AEE8E088F09E4F50AF50B780C7908A2
:10FE40001203677403120B45780C120ADF901A78BC
:10FE50007808120AEE7403120B457808120AB050A3
:10FE6000B27409120B45780C120AEE7403120B459A
:10FE70007808120AEE780C7908120367E50C243032
:10FE8000F9C3943A4079851882851983E0647870C3
:10FE90006A7427806812FF78120B4512FFCDF8A311
:10FEA000E0F9E8FAE9FB7409120B45EAF0A3EBF07C
:10FEB000A3E4F0A302FE12EBA2E0502F8C828D830C
:10FEC000120B227409120B45120B2EEC2404F8E4D9
:10FED0003DF97421120B4512FF8E85188285198316
:10FEE000E06464600302FE1302FDC8851882851970
:10FEF00083E06464700302FDA8809A740729F97492
:10FF00001F120B4512FFA4740D120B4512FFAA120B
:10FF1000054E7407120B4512FFD6F07409120B45FB
:10FF2000780C120AEE7403120B457808120AEE7868
:10FF30000C79081203677409120B457808120ADF5E
:10FF40007403120B45780C120AEE8E088F09E4F543
:10FF50000AF50B780C79081203677403120B4578C5
:10FF60000C120ADF7403120B45120B22E8494A4BAC
:10FF7000600302FE6102FBEBEC2402F8E43DF9743D
:10FF80002122E02401F8A3E03400F974012212FFD9
:10FF9000922212FF97F022E0FAA3E0F5838A82E82A
:10FFA000F0A3E922E0FAA3E0FB2212FFAE22E0F880
:10FFB000A3E0F58388822212FFBB2212FFAEE0226B
:10FFC00012FFBBFCA3E0FD8C828D83E02212FF9226
:10FFD0008C828D83E022E02401F0A3E0340022C073
:10FFE00082C0838A828B838001A3E070FCE582C398
:0DFFF0009AFAE5839BFBD083D08202085A69
:020000040001F9
:10000000C082C083E99015DFF00281F974F4120315
:10001000D68A088B09EB5480604D800EEEFAEFFB18
:1000200012123CEEFAEFFB1210569015DFE0F912B7
:1000300010688A0A8B0BAE0AAF0BEE4F60208E82DF
:100040008F83E0641A60D5EEFAEFFB1211EEE9F946
:1000500074FF6960CEEEFAEFFB12105C80CCAA0848
:10006000E5096480FB80047A007B0002825B74F700
:100070001203D67AFF0292BB74F61203D6E9FEEAA7
:10008000FF7A047B001210E0EA4B6035EF8A828B26
:1000900083A3A3A3F0EE8A828B83A3A31280FEF036
:1000A0009015EE12944F70099015EEEAF0A3EB80D4
:1000B00047E0F988828983A3A3A3E06F7007121039
:1000C000E679008036E8FCE9FD8882898312944F46
:1000D00070E174FF6F700D8C828D83EAF0A3EB12D8
:1000E00080FE80149015EE12967F9015EE12ABD81C
:1000F0008A828B83E8F0A3E9F0790102946F12926F
:100100009DE4F0A322C082C083EA12A7B23BF5832C
:10011000E0FA9015EE80048882898312944F601C67
:1001200088828983A3A3A3E0FBEA6B600574FF6B5D
:1001300070E588828983A3A3E0F9800279FF0281B8
:10014000F974F41203D6EAFEEBFF8E828F8312A7B6
:10015000C11211EEE9F50874FF650870030281F41D
:100160007A197B00121050EA4B70030281F48A82E4
:100170008B837434129235A3EA2402FCE43BFD74B1
:10018000061207D68E828F83128A7112AB308A8252
:100190008B83A3A3A3A3A3A3A3A3ECF0A3ED128338
:1001A00048A3EA240AFCE43BFD740C1207D68E82B5
:1001B0008F83129688C812A7B238F583E0C0E0EAB0
:1001C0002416F582E43BF583D0E0F0EE240CF8E44D
:1001D0003FF98882898312AB34EA2417F582E43B25
:1001E000F583ECF0A3EDF088828983E4F0A3F0A915
:1001F0000812105C790102825BD083D08202085A17
:1002000074F41203D68A088B09ECFEEDFF7A087BA2
:10021000001210E08A0A8B0BA80AA90BE8497004A7
:10022000791080321282CE12833C740C120B45126C
:100230008781A3A312ABD69015E41287699015E4C9
:10024000601112832A8003EAFCEB12876470F88C39
:10025000828D831282C680031208727F040205ED2C
:1002600074F41203D689088A09ECFEEDFF7A0A7B42
:10027000001210E08A0A8B0BA80AA90BE849700447
:100280007910803A1282CE88828983A3A3A3E4F0F6
:10029000A31282C0E5091282C0A3EEF0A3EFF09092
:1002A00015E81287699015E8601112832A8003EA25
:1002B000FCEB12876470F88C828D831282C6809B5F
:1002C00012834CA3A322E8F0A3E9F0790022128262
:1002D000D22288828983E4F0A312891EA3E508F064
:1002E0002274F41203D689088A09ECFEEDFF7A061F
:1002F0007B001210E08A0A8B0BA80AA90BE8497050
:10030000047910802212832F9015EA1287699015C4
:10031000EA601112832A8003EAFCEB12876470F80A
:100320008C828D831282C602825BE0FCA3E02212E3
:1003300082D288828983A3A312833C22A3E5091277
:100340008351EEF0A3EFF02212834C22128351A3CB
:1003500022F088828983A3A3A3A32274F41203D674
:1003600074F7120940E9FEECFF8518828519837441
:1003700001F0EF7006EDC39406405074036A4B60C1
:100380004A7401120928880A890B780A1208B07C7D
:10039000127D007A007B00EEF912125A74021208E4
:1003A00072E9601CE4F50AF50B780A1208B07403D0
:1003B000120938740212093012129C740212087267
:1003C000851882851983E0640170047901800279BF
:1003D00000740902825874E81203D674FA120940B4
:1003E00089128A168B178C088D0912217E8A148B2C
:1003F00015EA451570057902028574AA08AB09A9AA
:1004000012121272E9F50FA2E6401C9015EC12943C
:100410004F6014E82419F582E439F583E064017033
:1004200006E50FD2E6F50F7C067D007900AA18AB31
:1004300019121038741F120B451285796009E054A7
:10044000FCF0E044018003E054FC128CACA3129455
:100450004D602B741E120B45E0FE88828983A31227
:1004600006BCEEFD7402120B45E05403FCAA08AB77
:1004700009A91212120C7402120872E970057901AE
:100480000285747422120B4512944F6012851882F3
:10049000851983E04404F07402120B4512A42D74F4
:1004A00020120B451285796005E044088003E05472
:1004B000F7F07421120B451285796005E044108035
:1004C00003E054EFF07424120B45E0C0E074041212
:1004D0000B45D0E0F07405120B45EEF0780385185B
:1004E00082851983E05404600278057425120B4557
:1004F00012A69EE82510FEE43511FFEEFAEFFB127E
:1005000010E08A0A8B0BEA450B6065AC0AAD0BAABA
:1005100018AB191212487427120B45129B6412086B
:10052000ACAC10AD1112102C7403120872750C1EB5
:10053000780C1208B4750CE2750D15780C1208B021
:10054000780A1208B08E0C8F0D780C1208B078085B
:100550001208B0A90FAC14AD15AA16AB1712218A58
:100560007409120872E9FEAA0AAB0B1210E68002A7
:100570007E10EEF9740602AAE312857D22E085184A
:100580008285198322EEF902A7D474EA1203D67485
:10059000FE120940890B8A148B158C0E8D0F7E007C
:1005A0007F00750A007418120B4512A69E80111266
:1005B000875A1212A88B09EE2AFEEF3509FF050AA9
:1005C00012ACAE503FE50A75F006A4F8A9F0E510AC
:1005D00028F582E511128778EE2403FEE43FFFA39D
:1005E000A3E070DA0EEE70010F88828983A3A3A3C3
:1005F000A31287698882898360B5A3A3A3E0F91257
:10060000129680B1EEFAEFFB1210E08A088B098A8D
:100610000C8B0DEA450D7003028739750A00803690
:10062000A818A9198812891378121208B07808122C
:1006300008B08A828B8312875A1212AE7404120891
:100640007285188285198312967FE50828F508E5DA
:100650000939F509050A12ACAE5078E50A75F006BD
:10066000A4F8A9F0E51028F582E51112A3FC128781
:10067000518A828B83A3128744F01292A31287447B
:10068000A3F0E5082403F508500205098882898350
:10069000E070C1EA240308E43BF988828983128769
:1006A00051A38582088583098A828B8312AB308CA3
:1006B000828D83E58245837003028620AC08AD09F4
:1006C000AA82AB8388828983E0F912128A8A088B16
:1006D000098081780C1208B08E088F0978081208FA
:1006E000B07420120B451291241208B4E4F508F5F9
:1006F0000978081208B07422120B451291241208CE
:10070000B47422120B451291241208B475080078B3
:10071000081208B475080178081208B4AC0EAD0FC1
:10072000AA14AB15A90B121212740B120872E9FE6F
:10073000AA0CAB0D1210E680027E10EEF9740212C4
:100740000872802F12874822E0850882850983A3DA
:1007500022E0850882850983F02212ABCDAA0EAB78
:100760000FA90B22FD8C828D8312A7C9EA4B22AA06
:1007700012AB137F0E0205ED39F583A3A882A9837E
:100780002212ABDEA3A32274EC1203D6890A8A10CC
:100790008B11ECFEEDFF7414120B4512887A75F084
:1007A00003A4F50EE5F0F50FAA0EFB1210E08A087F
:1007B0008B09EA45097003028875A808A9097C001D
:1007C0008035EC75F003A4FAABF0E50C2AFAE50DE0
:1007D0003BFB8A828B83A3128A67F0EA2402FA50D9
:1007E000010B8A828B83128A67A3128885A3F0E8A3
:1007F0002403F85001090C850C82850D83E0FAEC86
:10080000C39A40BE74016A700AA3E07006750E01B7
:10081000750F0078081208B0780E1208B0741C1218
:100820000B4512887F1208B4E4F50CF50D780C1214
:1008300008B0741E120B4512887F1208B4741E1281
:100840000B4512887F1208B4750B00780B1208B4A0
:10085000750B04780B1208B4EEFCEFFDAA10AB1177
:10086000A90A121212740B120872E9FEAA08AB0947
:100870001210E680027E10028585128C9FE022E035
:10088000F50B780B2212929DA312888D22128A6B8F
:10089000A32274F61203D674FE120940E9FE740C0A
:1008A000120B45128913C0E07401120B45D0E0F021
:1008B000A818A9198808890978081208B0750802CB
:1008C00075090078081208B07416120B45129124AD
:1008D0001208B47415120B451206BC7416120B459F
:1008E0001291241208B47416120B451291241208A6
:1008F000B475080078081208B475080B7808120857
:10090000B4EEF9121212740B120872740212087209
:1009100002946F128A7512857D12891EE022F0887A
:10092000828983A32274EA1203D689138A108B1159
:10093000ECFEEDFF7416120B4512AEF6E50A24022A
:10094000F50CE4350BF50D850C82F583E00475128A
:1009500000F50E750F00FAAB0F1210E08A088B0934
:10096000EA45097003028A5FA808A909850A8285F9
:100970000B83128B688020EAFC850A82850B83A397
:10098000A3A3E02CFBA3E034008B82F583128A67DB
:10099000F0A3A882A9830A850C82850D83E0FBEA77
:1009A000C39B40D3850A82850B83A3E0F874181299
:1009B0000B45E0F97419120B45E0FA741A120B4555
:1009C000E0FB741168703978081208B0780E1208CC
:1009D000B0EBF50A780A1208B4E4F50AF50B780AC8
:1009E0001208B0EAF50A780A1208B4E9F50A780A9A
:1009F0001208B4750A00780A1208B4750A12803C0D
:100A0000741368705178081208B0780E1208B0EBB1
:100A1000F50A780A1208B4E4F50AF50B780A120808
:100A2000B0EAF50A780A1208B4E9F50A780A120859
:100A3000B4750A00780A1208B4750A14780A120804
:100A4000B4EEFCEFFDAA10AB11A913121212740B35
:100A5000120872E9F512AA08AB091210E6800375B4
:100A60001210A912028773128A6B22E0888289838E
:100A700022128A7522129688F9888289832274E864
:100A80001203D689108A128B13ECFEEDFF74181234
:100A90000B45128C9375F003A4A9F02401F50EE424
:100AA00039F50FAA0EFB1210E08A088B09EA4509F6
:100AB0007003028B58A808A909850C82850D831242
:100AC0008B688025EA75F003A4FCADF0E50C2CFCE6
:100AD000E50D3D128C7F128B748C828D83A3A3A3B2
:100AE000A3128B5FF85001090A850A82850B83E007
:100AF000FBEAC39B40CE78081208B0780E1208B00B
:100B00007420120B4512AB9F1208B4E4F50AF50BE2
:100B1000780A1208B07422120B4512AB9F1208B467
:100B20007422120B4512AB9F1208B4750A00780AA2
:100B30001208B4750A0D780A1208B4EEFCEFFDAA8B
:100B400012AB13A910121212740B120872E9FEAA4A
:100B500008AB091210E680027E10EEF902AAE61236
:100B6000888DA3F0E8240322128A6BF0A3A882A93F
:100B7000837A0022128A6B128CB012888DF0227454
:100B8000E81203D689128A108B11ECFEEDFF74185F
:100B9000120B45128C93F50875090074027808123F
:100BA00009FAE5082401F50EE43509F50FAA0EFB54
:100BB0001210E08A088B09EA45097003028C7A85D5
:100BC0000C82850D83129819A3AA82AB83790080C9
:100BD0003AE9F514751500740278141209FAE50C57
:100BE0002514FCE50D3515128C7F128C8F128CAC00
:100BF000128C8F128CB9129FFC128CB9A3129FFC1D
:100C0000A3A3F0EA2404FA50010B09850A82850B9C
:100C100083E0F8E9C39840B978081208B0780E125A
:100C200008B07420120B4512AB9F1208B4E4F50A09
:100C3000F50B780A1208B07422120B4512AB9F1202
:100C400008B47422120B4512AB9F1208B4750A0047
:100C5000780A1208B4750A16780A1208B4EEFCEF86
:100C6000FDAA10AB11A912121212740B120872E92C
:100C7000FEAA08AB091210E680027E10028B5AFD14
:100C8000EC2402F514E43DF515851482F583221257
:100C9000A00522128C9FA385820A85830BE022E0A7
:100CA000F50CA3E0F50D850C82F58322128CB022A1
:100CB000F0851482851583A322A3F08C828D83A3F3
:100CC000A3A3A32274F11203D674EB120940EAFE27
:100CD000EBFFC200EE2420F8E43FF9880889098878
:100CE00082F583C3E09403A3E094005005790102E8
:100CF00090F29015ECEEF0A3EFF07402120B45EEBB
:100D0000F0A3EFF0740E120B45E4F0A3F0740A1296
:100D10000B45E4F0A3F0740C120B45E4F0A3F0EEE5
:100D20002422F8E43FF9880A890B8882F58312AB04
:100D3000347404120B45AA82AB831212428A0C8BC4
:100D40000DA80CA90D740A120B45E8129F5A12A7A0
:100D5000C1EAC398F8EB99F9850A82850B83E028EC
:100D6000F8A3E039F9740C120B4512A42D74081283
:100D70000B45E09015E3F0EE2414F508E43FF50987
:100D8000850882F583E0F912217E8A828B83E582D1
:100D90004583700C9015ECE4F0A3F079020290F218
:100DA000129145602BEE2404F50AE43FF50BA312E3
:100DB00006BC740B120B45E0FD7406120B45E054A3
:100DC00003FC12913312120C7402120872E9700CB7
:100DD0009015ECE4F0A3F079030290F21291331233
:100DE0001272E9F50E850A82850B8312A7C1EAFC0F
:100DF000EBFD9015E480048882898312944F700380
:100E0000028EED88828983A3A3129A00C3EC950C0D
:100E1000ED950D40E288828983A3A3A3A3C3E09C40
:100E2000A3E09D40D2E8FCE9FD7404120B45E054B8
:100E300007700D7409120B45E0640B7003028EF10C
:100E4000E50EA2E64003028EF1EE2419F582E43F9E
:100E5000F583E06003028EF17402120B45129116C5
:100E6000707F7402120B4512944A70757C008508DD
:100E700082850983E0F91212787401120B4574011E
:100E8000F07409120B45129104120B45E0F50C7831
:100E90000C1208B47407120B451206BC750C0178CD
:100EA0000C1208B47408120B4512ADA21208B474E7
:100EB00005120928880C890D780C1208B0740912E3
:100EC0000B4512912A120B4512910A120B4512A6DC
:100ED0008E12122474071208727C011291331212BE
:100EE000789015ECE4F0A3F079050290F27C007D97
:100EF000007404120B45E0F854036003029013E8F9
:100F0000540460057E840290517409120B45E0F888
:100F1000C39417400302900FE8F50A750B007402A2
:100F2000780A1209FA7434250AF5827426350B12F0
:100F300090FAE849700302900F850882850983E0E2
:100F4000C0E07410120B45D0E0F0740C120B451287
:100F5000A7C17411120B4512ABD8740A120B4512BB
:100F6000A7C17413120B4512ABD874101209308844
:100F700082898312054E8A088B09A808A909740E74
:100F8000120B4512A42DE84960467409120B45E086
:100F9000F508750900740278081209FA74362508F4
:100FA000F582742635091290FA88828983E5824594
:100FB000836012740212093012054E740E120B4532
:100FC00012944F600B740E120B4512A7C11210E65B
:100FD0007409120B45E0F86058740268605374039A
:100FE00068604E74056860497406686044740868F7
:100FF000603F740C68603A741168603574136860FF
:1010000030741568602B740B6860267E0080427E09
:1010100082803EEC4D602A8C828D83A3A312914581
:10102000601F740212093012054EE9FE74FF6E70E3
:101030000B9015ECE4F0A3F0F90290F274016E70DD
:10104000107404120B45E0540460047E8380027E19
:10105000817402120B4512911670707402120B45C6
:1010600012944A70667404120B45E0FA5410705BD7
:101070007401120B45EEF07409120B451291041223
:101080000B451291241208B47407120B451206BCCA
:1010900075080178081208B4EA12A66C1208B47434
:1010A000051209288808890978081208B0740912FD
:1010B0000B4512912A120B4512910A120B4512A6EA
:1010C0008E1212247407120872D2009015ECE4F00C
:1010D000A3F0EE70047900801974846EA200700A87
:1010E00050047907800C7906800850047909800241
:1010F00079087415120872029978F583E493F874EC
:101100000193F92212B149740822E02406FAA3E0FF
:101110003400FB740922129688C82415F582E4383D
:10112000F583E022E0F50878082212AAEB12ABC999
:10113000740922850A82850B8312A7C985088285D6
:101140000983E0F922A3A3A3A3128A75E58245834C
:101150002274F41203D68A088B09ECFEEDFF7C069C
:101160007D007900121038850882850983E054FCDF
:10117000F8A3E0F98E828F83E05403FAE84A8508E9
:1011800082850983F0A3E912B18BA2E25004D2F068
:101190008002C2F0850882850983E054FBF0A2F04A
:1011A000E433F50A750B007402780A1209FAE04577
:1011B0000A12B18BA2E3850882850983E0500444BA
:1011C00008800254F712B18BA2E45004D2F08002DE
:1011D000C2F0850882850983E054EFF0A2F0E43381
:1011E000F50A7404780A1209FAE0450A129DD285BC
:1011F0000882850983E05404601C8E828F83E0FAA4
:10120000A3E0F9EA850882850983A3A312A42EEE40
:101210002402FE50010F8E828F8312922E1292357D
:1012200012922EA3F0EE12A2173FFB02825B1287EE
:1012300048A3A3A32212A118A32274F71203D68AEB
:10124000828B83E054038C828D831292B6540412F5
:1012500092AF54081292AF5410F88C828D83E048FC
:10126000F0A3AC82AD838A828B83E05404601612B3
:1012700092A31298131289198C828D83A3F0EC2407
:1012800002FC50010D8A828B8312980F12929DA34B
:1012900012980FA3F0EC12A2173DFB8021F08A8276
:1012A0008B8322EA2402F8E43BF98882898322F8BE
:1012B0008C828D83E04812929DE0221211E87F011A
:1012C0000205EDC082C0839015E680048A828B837C
:1012D000128769600C8A828B83A3A3E06970ED801A
:1012E000047A007B000281F9C082C0839015E880F7
:1012F000048A828B83128769600C8A828B83A3A302
:10130000E06970ED80047A007B000281F974F012CC
:1013100003D68A088B09ECFEEDFF1212548A0C8B5F
:101320000DEA450D60647C0080010C850C82850D02
:1013300083A3A3A3A3A3A3A3E0F8ECC398504BEC0F
:10134000F50E750F007403780E1209FA850C82856C
:101350000D83A3A3A3A312959488828983E493FAAF
:10136000740193FBE5086A7003E5096B70BCA3A3E5
:1013700012938E7002EF6B70B17410120B451293C2
:101380009874081207B47901800279008015E493FB
:10139000FA740193FBEE6A2212ABCD898388822214
:1013A0001208727F080205ED74F61203D612125469
:1013B0008A828B83E5824583600512A7BE80047A0A
:1013C000007B0002946F74F61203D61212548A82C4
:1013D0008B83E5824583600512A7BC80047A007B7D
:1013E0000002946F74F71203D6E9FFEAFCEBFD905C
:1013F00015EA80048882898312944F604688828926
:1014000083A3A3E06F70ED7E0080010E8882898344
:10141000A3A3A3E0FAEEC39A50DAEE75F003A4FAA0
:1014200085F008AB0888828983A3A3A3A3E02AFAE6
:10143000A3E03BFB8A828B83E06C7003A3E06D70BA
:10144000CA80047A007B000292BE12AAEBA3A31208
:101450009683E8492274F61203D612126C8A828BA4
:1014600083E58245836006A3A3E0F9800279007FCB
:10147000020205ED74F61203D6ECFF12126C8A0814
:101480008B09A808A909E8496015E82402F582E457
:1014900039F583EF6005E0D2E68003E0C2E6F08034
:1014A000CE74F01203D6EAFEEBFF8C098D0A1212FD
:1014B0004E8A0C8B0DEA450D700302958F750B005B
:1014C0007410120B4512967FE8FAE9FB80128C82A9
:1014D0008D83A3A3A3E493A2E35003029575050BA8
:1014E000850C82850D83A3A3A3E0F8E50BC3984088
:1014F0000302958FE50BF50E750F007402780E123E
:1015000009FA850C82850D8312959412965D7002FE
:10151000EF6970CA8A828B83E0F88C828D83A3A3E3
:10152000E493C39840B87411650970197401650A91
:10153000609CE50A70A88C828D83A3A3A3E493A288
:10154000E240328099741365097044E50A700D8C8D
:10155000828D83A3A3A3E493A2E080E57401650ACE
:1015600060030294DE8C828D83A3A3A3E493A2E1A3
:1015700040030294DE7412120B4512968D7404120D
:1015800007B488828983A3A312981979018002790C
:10159000000293A3A3A3A3A3E0250EF8A3E0350FB5
:1015A000F92274F01203D6EAFEEBFF8C09121254F2
:1015B0008A0E8B0FEA450F70030296587A007B0063
:1015C0007410120B4512967F880A890B80050AEA6F
:1015D00070010B850E82850F83A3A3A3A3A3A3A3EE
:1015E000E0F8C3EA98EB9400506E8A0C8B0D7403FC
:1015F000780C1209FA850E82850F83A3A3A3A31288
:10160000966B12965D7002EF6970C3A3A3E493F525
:101610000C740193F50D129679C3E50C98E50D99BC
:1016200040ACEC2405F582E43DF583E493A2E7E4C5
:101630003365096006E493A2E650937412120B45D9
:1016400012968D74081207B488828983A3A312AB03
:101650006712A42D7901800279000293A3E8FCE9C6
:10166000FD8C828D831290FCEE6822A3A3A3A3E0DD
:10167000250CF8A3E0350DF922850A82850B83122B
:10168000968322129688F922E0F8A3E0221296832C
:101690008C828D83E8FCE9FD2274F11203D6EAFE08
:1016A000EBFFECFAEDFBEE4F700302980CEA24021C
:1016B000F50CE43BF50D8A828B83A3AC82AD838E5F
:1016C000088F09750A00E9120741044142D7974380
:1016D00044E997E0E2A297E8E94F9721084197098A
:1016E0004F970A64970BA297104197184197194F8B
:1016F000971A64971BA297204197214F97226497CE
:1017000023A29724B39725BC9726C59727CE972861
:101710004197294F972A64972BA2972CB3972DBCFA
:10172000972EC5972FCE97304197314F97384F97C7
:1017300039A2973ACE97EAA297F0CE97F1FB970C91
:10174000988E828F83129819ECFAEDFB02980C8E1A
:10175000828F83128C8F129235129813F00A0AAB83
:101760000D02980C8E828F837808120AEE8A828B83
:1017700083E50812A1187808120AEEE5098C828D1B
:101780008312A1187808120AEE741078081208F76C
:10179000850C82850D83E508F0EA2403FA506D0B71
:1017A000806A8E828F831206B81210BC74041208ED
:1017B00072805978081208AC7C05804678081208B7
:1017C000AC7C06803D78081208AC7C078034780831
:1017D0001208AC7C08802B78081208AC8E828F83AC
:1017E000E02401FCE43400800F78081208AC8E82FB
:1017F0008F83129903FCE439FD800978081208AC44
:101800007C107D0012102C7403120872029978A3C8
:10181000A3A3A3E08C828D832212A005F022E924E9
:10182000F8607814607914607A14607B24FB606B34
:1018300024F8606714606814606914606A24FB60AF
:101840005A14605B14605C14605D14605E14605F29
:1018500014606014606114604214604314604414A6
:101860006045146046146047146048146049146071
:101870002A14602B24F9602714602C146039245A30
:10188000602514602214601F24FA60131460101481
:10189000601524FA60211460228024790180227965
:1018A00002801E7903801A790480167905801279E6
:1018B00006800E7907800A790880067910800279FF
:1018C0000002085A74F71203D6E9FE74446E6005EC
:1018D00074436E700C8A828B83129903FAE4398008
:1018E0001574426E600574416E700E8A828B83E0BF
:1018F0002401FAE43400FB8007121290E9FA7B001D
:101900000292BE12832AF9EC24022274F11203D649
:10191000EAFEEBFFEC2406F8E43DF9880889098823
:1019200082F58312876970047901804C8C828D83E3
:10193000A3A3A3A3E0F91212968A0A8B0B8508824F
:10194000850983E0F508A3E085080CF50D750E0008
:10195000780C1208ACAC0AAD0BEEFAEFFB12102CAF
:101960007403120872740F120B451291496007E557
:101970000AF0A3E50BF079007F070205ED74F01281
:1019800003D674F8120940890A8A088B09ECFEED27
:10199000FFA818A919880C890D780C1208B0A90A9B
:1019A00012125A7402120872E970047901804C74A0
:1019B00018120B4512AB18741A120B45129A0074C8
:1019C00006120B4512944F780C60161208B0740280
:1019D000120938AA0EAB0F12129C74021208728000
:1019E0001A1208B0780E1208B0EEFCEFFDAA08AB90
:1019F00009A90A1212AE740412087274080293A0A4
:101A0000129A0422E0F50CA3E0F50D2274F0120303
:101A1000D674FE1209408A0C8B0DECFEEDFF851882
:101A200082851983E4F0A3F01212608A088B09EA18
:101A30004509602FA818A919880E890F780E120879
:101A4000B0E4F50EF50F780E1208B07900EEFCEF59
:101A5000FDAA0CAB0D85088285098312054E74041E
:101A600012087285188285198312A7C17402029325
:101A7000A074F01203D68A088B09ECFEEDFF121257
:101A8000608A0A8B0B7412120B4512AB18E50E45D7
:101A90000F600A850E82850F83E4F0A3F0EA450B00
:101AA0006027780E1208B07412120B451206BC792A
:101AB00001EEFCEFFDAA08AB09850A82850B8312B3
:101AC000054E7404120872800279C10293A374F166
:101AD0001203D6ECFEEDFF8E828F83A3A3A3A3A3F4
:101AE000E0A2E150771212C0E9F50A7072740F1289
:101AF0000B45129F529015E012944F6013AC08AD45
:101B000009EEFAEFFBE0F583888212054EE96047A3
:101B1000E5082403F8E43509F9880889098882F57D
:101B20008312A7C18E828F83A3A3A3A3E0F912120D
:101B3000968A0C8B0DAC0CAD0D850882850983123D
:101B40009B641208AC8E828F83A312A7BC12102C48
:101B500074031208728008750A878003750A88A9C1
:101B60000A029978129A04750E00780C2274F21207
:101B700003D68908ECFEEDFF8E828F83A3A3A3A377
:101B8000A3E0A2E1504D1212C0E9F97048A9081271
:101B900012608A0A8B0BEA450B6034E4F50CF50DF4
:101BA000780C1208B07410120B451206BC79028E24
:101BB000828F8312AB328E828F8312A7C1850A82F5
:101BC000850B8312054E7404120872E9F9800679B8
:101BD000C1800279887F060205ED74F21203D6EA0D
:101BE000FEEBFF8C088D098C828D83A3A3A3A3A396
:101BF000E0A2E5501C1212668A828B83E58245833F
:101C0000600F7902AC08AD09EEFAEFFB12054E80C9
:101C100002790080C074F41203D612A05D129FE70F
:101C20001210E0EA4B605485088285098312968879
:101C3000C313E8138A828B83F07C0080338E828FFB
:101C400083E0F508A3E0F8E4C8F9E50828E439F5ED
:101C500009EC25E0F8E433F9EA28F582EB39F5835D
:101C6000A3E508F0A3E509F0EE2402FE50010F0CF5
:101C70008A828B83E0F8ECC39840C202825B74EAEC
:101C80001203D68A108B11EA2403F50CE43511F502
:101C90000D850C82F58312A688750A00750E0075F5
:101CA0000F008049050A8E828F83A3A3E0F8EE24FB
:101CB00003FE50010FE870358E828F83E0F9A3AEEA
:101CC00082AF83EEFAEFFB1212968A088B09EE2A96
:101CD000FEEF3509FFEAA2E050070508047002058F
:101CE00009E50E2508F50EE50F3509F50F8510827B
:101CF000851183A312A41112A012EE98EF9940A4AB
:101D000075F006E50AA404F508250EFAE4350FFB84
:101D10001210E08A128B13EA45137003029DCE1253
:101D2000A682A808EA28F510E43BF5118A828B8385
:101D3000E50AF0750B00029DC4E50B75F006129FD5
:101D4000228E828F83129F4312A071F885148285A0
:101D50001583A3A3F0EE2403FE50010FE870638EF9
:101D6000828F83129F38129DD1EEFAEFFB121296EA
:101D70008A088B098E0C8F0D750E00780C1208AC3A
:101D8000AC08AD09AA10AB1112102C740312087222
:101D9000851482851583A3A3A3A3E510F0A3E51101
:101DA000F0EE2508FEEF3509FFE508A2E050070533
:101DB000080470020509E5102508F510E51135093C
:101DC000F511050BE50BC3950A5003029D390287F7
:101DD0006FA3129DD622F08E828F83A3AE82AF8333
:101DE0002274EA1203D68A108B11EA2403F50AE45E
:101DF0003511F50B850A82129F50750F00750C0086
:101E0000750D008042050F850882850983A3A3E034
:101E1000F9E5082403F50850020509FAAB09121286
:101E2000968A128B13AE12AF13E5082AF508E5095E
:101E30003FF509EEA2E050050E0470010FE50C2EEF
:101E4000F50CE50D3FF50D851082851183A312A0D9
:101E50000BE50898E5099940AC75F005E50FA40479
:101E6000FE250CFAE4350DFB1210E08A128B13EA02
:101E700045137003029F1F850A82850B83129F52B0
:101E8000EA2EF50AE43BF50B8A828B83E50FF075A9
:101E90001000029F15E51075F005129F228508823B
:101EA000850983129F43129F5AA3A3129F38F0E51E
:101EB000082403F50850020509FAAB091212968AA4
:101EC0000C8B0DAE0CAF0D85080C85090D750E0041
:101ED000780C1208ACEEFCEFFDAA0AAB0B12102C2A
:101EE0007403120872851482851583A3A3A3E50ADF
:101EF000F0A3E50BF0E5082EF508E5093FF509EE3E
:101F0000A2E050050E0470010FE50A2EF50AE50B5C
:101F10003FF50B0510E510C3950F5003029E950287
:101F2000876FA4F8A9F0E51228F582E51339F58347
:101F3000A385821485831522E0F985148285158393
:101F4000A3A322E0FAA3E0F9EA851482851583228F
:101F5000F583E0F508A3E0F50922F0A3E9129F61FB
:101F600022F08508828509832274F01203D6EA24C0
:101F700003F50AE43BF50B850A82F58312A6887502
:101F80000C00129FE71210E0EA4B6058850882852A
:101F90000983E064017002A3E070338E828F8312A4
:101FA0009FFCF0750C018035E50C12A0DC128A67ED
:101FB000129DD1E0F50EA3E0FDE50E88828983A392
:101FC000A3F0A3EDF0050CEE2402FE50010F8508EE
:101FD0008285098312A00BEE98EF9940CB8A828B01
:101FE00083E50CF00293A38A828B83A38582088504
:101FF0008309E02401FAA3E03400FB2212A005A328
:10200000228E828F83E08A828B832212AB6B12A096
:102010001222E028F8A3E039F9C32274F61203D69D
:1020200012A1031210E0EA4B600312A10B02946F9D
:1020300074F61203D612A05D7A037B001210E0EA58
:102040004B60178E828F8312832AF9EC8A828B83EE
:1020500012A0718A828B83A3A3F002946F12A061F5
:10206000228A828B83A3A3A3129688F9E8FEE9FF54
:1020700022F0A3E912A07822F08E828F83A3A3E03E
:102080002274F41203D612A21CF8A3E034FFF97AEA
:10209000037B0012028EE8F50912A21139FB12101F
:1020A000E0EA4B603412A179E509F075080080225E
:1020B000E50812A0DCE0F50AA3E0FDE50A888289C4
:1020C00083A3A3F0A3ED12A231EE2403FE50010F6F
:1020D0000508E508C3950940D702825B75F003A4A3
:1020E000F8A9F0EA28F8EB39F98E828F832274F68A
:1020F0001203D612A1031210E0EA4B600312A10BE7
:1021000002946F12A0617A027B002212A00112A138
:1021100018A312A005A3F022F08E828F832274F4FC
:102120001203D68A828B83A3A3A312A6888A828BEA
:1021300083A3E014F5082405FAE43400FB1210E050
:10214000EA4B603212A179A3E508F0780080218E75
:10215000828F83E0C0E0E8FC8A828B83A3A3A3E0A4
:102160002CF9A3E034008982F583D0E0129DD208D7
:10217000E8C3950840D902825B12A001129DD68A5D
:10218000828B83A32274F21203D612A21CF508A339
:10219000E034FFF50974027808120AD0E508F50862
:1021A000F50A750B007402780A1209FAE50A12A200
:1021B00017350BFB1210E0EA4B605312A179E508CA
:1021C000F07C008043ECF50A750B007402780A126B
:1021D00009FAEA250AF8EB350BF98E828F83E0F5D0
:1021E0000CA3E0F50BE50C88828983A3A3F0A3E59B
:1021F0000B12A2318E828F83A3A3A312AF0AA3F086
:10220000EE2404FE50010F0CECC3950840B7029B6E
:10221000D575F003A4A9F02402FAE4228A828B8304
:10222000A3A3A3E0FEA3E0FF8A828B83A3E024FFA5
:102230002212A07888828983A3A3A3A3F02274E842
:102240001203D674F812094012B13EE0F512A3E071
:10225000F513851282F583E075F006A4A9F0240138
:10226000FAE439FB1210E08A088B09EA4509700587
:10227000790002A3F7851282851383129819750AD3
:1022800000EE2402F516E43FF517800B850E8285DB
:102290000F837486F0050A85128285138312ACB40D
:1022A000400302A3B0A80AE875F006A4FAABF0E573
:1022B000082AF582E5093BF583A385820C85830D09
:1022C000E828F8E433F9E51228F582E51312A3FCB7
:1022D00012A41112A42DE50C2402F50EE4350DF51F
:1022E0000F12A69AA818A91988148915781412082B
:1022F000B08A828B8312AB3485108285118312A73A
:10230000BD12A40512125A7402120872E964016027
:102310000302A28C7405120B45E0A2E6401A851652
:102320008285178312A67A7405120B45E0A2E72076
:10233000F001B3400302A28CA2E050698E828F8329
:1023400012967FE82406F510E439F5117405120B96
:1023500045E0A2E4502012AAFC1212668A828B8306
:10236000E582458360107901AC18AD19AA10AB1154
:1023700012054EE980027400850E82850F83F0609D
:102380000302A2957406120B4512A411A3A3A3A3E2
:1023900012A42D7404120B45E0850C82850D83A3D5
:1023A000A3A302A294850E82850F83748F02A29448
:1023B00012A69A12AB951208B4750A01780A12088F
:1023C000B485168285178312AB8D1208B478081273
:1023D00008B085108285118312AB30E51012AF2F43
:1023E0003511FB12A4051212187405120872AA08FE
:1023F000AB091210E67901740802AAE339F583A348
:10240000AA82AB8322E51012A7B63511F583E0F955
:1024100022129683850C82850D8322750A00850C15
:1024200082850D83129683851882851983E8F0A32F
:10243000E9F02274E81203D674F61209408A0A8B76
:102440000BC2007E00EA12ACA0350BF583E0F51656
:10245000A3E0F5178A828B83A3A3A3A3A3A3A3E07E
:102460006402701C85168285178312AB381210E047
:102470008A0C8B0DEA450D7005790002A591D200FA
:102480007F008010A200500B85148285158374860E
:1024900012A6A60F851682851783E0F8EFC3984031
:1024A0000302A52DEF75F005A4F8A9F0E51628F5AF
:1024B00082E51739F583A3858208858309EE75F0D7
:1024C00003A4F8A9F0E50C28F582E50D39F583E5BC
:1024D000822402F510E43583F511A38582148583E7
:1024E0001512AB127402120928881289137812127D
:1024F00008B085088285098312ABAB12125A7402A8
:10250000120872E9700302A484850A82850B83A3F2
:10251000A312A67A7407120B45E0A2E720F001B3DC
:102520004074851482851583748612A6A6A2005075
:102530005EEE850C82850D83F0700BA3E4F0850CB4
:1025400082850D8304F0850A82850B8312A6888517
:102550000A82850B83A3A3A3A3A3A3129124120829
:10256000B475080178081208B4850A82850B83A324
:10257000A3E012A66C1208B4780C1208B012AB7764
:1025800012121E7405120872AA0CAB0D1210E67915
:1025900001740A02AAE3850882850983A3A3E0F8EF
:1025A0007406120B45E068600302A65A12AB12745F
:1025B00008120B4512944F606F850E82850F83A31E
:1025C000A3A3A3E064037002A3E0704A8508828598
:1025D000098312944F703F850882850983A3A3A3C2
:1025E00012A69E75120078101208AC7C027D007451
:1025F0000312093012102C7403120872850A8285A6
:102600000B83E0F812A68E85188285198312A7C164
:1026100012213C02A49378081208B07404120938FD
:1026200012AB061212B48017850882850983A3A312
:10263000A31206BC740412093812AB061212BA7443
:1026400002120872E9A200400302A493700302A4DC
:102650009385148285158302A490A200400302A4EE
:1026600093851482851583748D02A49013131354DB
:102670001F64015401F50878082212ADB2A2E0925D
:10268000F022850C82850D83E0FEA3E0FF22A3E00B
:10269000C812A7B638F583E0F9228E828F83E0F561
:1026A00010A3E0F51122129F611296838510828596
:1026B0001183E8F0A3E9F00E2274EC1203D674F84B
:1026C0001209408A0A8B0B8C128D13750800741C3A
:1026D000120B4512A69E802F850A82850B8312A6B7
:1026E000888A0C8B0D780C1208B07402120938120B
:1026F000AF2E3FFBEE12A7B23FF583E0F91212BAFC
:1027000074021208720508C3E5089510E49511409B
:102710000302A7AEE50875F005A4F8A9F0E51228B4
:10272000FEE51339FF850A82850B8312ACA6A81833
:10273000A919880E890F780E1208B08E828F831225
:10274000AB34850C82850D8312A7BDE50C12A7B2B0
:10275000350DF583E0F912125A7402120872E9601D
:102760004DEE2403F50CE43FF50D850C82F5831244
:10277000A7C17406120B4512A688EE4F700302A67D
:10278000D87404120B45E0F91212968A0E8B0FAC26
:102790000EAD0F850C82850D83129B641208ACEE82
:1027A000FAEFFB12102C740312087202A7057408CA
:1027B000801F12A7B6222414F582E422A3A3A3A3A8
:1027C000A312A7C922A3A3A3A3E0FAA3E0FB227448
:1027D0000A1208727F0C0205ED74E81203D674F435
:1027E0001209408A0C8B0D7510007511007E00EAED
:1027F00012ACA0350DF58312967F7402120B4512B0
:10280000A42D7402120B4512AAEB12AB381210E081
:102810008A088B09EA4509700302A8D97F00803C29
:1028200012AB6112AB348882898312A7BD12AAFC55
:102830001212A885188285198312ABD88518828553
:102840001983E0A2E0500312AAF385188285198348
:10285000E02510F510A3E03511F5110F7402120BED
:102860004512AB465047EF75F005A4F8A9F0740285
:10287000120B4512AB4F12AB201209288812891394
:1028800078121208B012ABA512125A740212087212
:10289000E9704B850882850983A37486F0129679C6
:1028A000850882850983A3A312A42D7E01EE8508E5
:1028B00082850983F0600302AAA375F005A4FF25B1
:1028C00010FAE43511FB1210E08A168B17EA45174F
:1028D000705CAA08AB091210E6790002AAE174083C
:1028E000120B4512AB6EA3A3E069600B85088285CD
:1028F0000983A3748D80A57409120B45E0A2E14001
:102900000B850882850983A374888090A2E5500B0B
:10291000850882850983A3747E8081740A120B4521
:10292000128769700302A82012129602A833EA2FB8
:10293000F510E43BF5117F0080228518828519830C
:10294000E0A2E0500312AAF385188285198312963B
:102950007FE51028F510E51139F5110F7402120BFF
:102960004512AB46400302AA8BEF75F005A4F8A907
:10297000F07402120B4512AB4FE51628F514E5175B
:1029800039F51512AB201209288812891378121212
:1029900008B012ABA512125A7402120872E9700341
:1029A00002AA8B12967985148285158312A42D852F
:1029B0001482851583A3A3A3E510F0A3E511F07499
:1029C0000A120B4512944F6039A818A919880E896C
:1029D0000F780E1208B07406120938AA10AB111243
:1029E000129C7402120872850C82850D8312AB183A
:1029F000780A1208B0740612093812AB061212B423
:102A00008040850C82850D8312AB18A818A91988FF
:102A100012891378121208B078101208B012ABA500
:102A20001212AE740412087212AB61A3A3A31206B1
:102A3000BC7406120938E812AF2F39FB12AAFC1237
:102A400012BA7402120872E9FAEA700302A93AEEA5
:102A500075F003A4F8A9F0E50828F8E50939F9EAC2
:102A600088828983A3F0850A82850B8312ABD30EFB
:102A7000EFF50A750B00780A1208B0AC16AD17AA6C
:102A80000CAB0D12130E7402120872EE85088285CB
:102A90000983F07007A3E4129F6104F0AA16AB1734
:102AA0001210E612A682850C82850D8312AB991254
:102AB00008B4750A01780A1208B4850C82850D8362
:102AC000A3A312AB8D1208B478081208B012AB772A
:102AD00012121E7405120872AA08AB091210E679C8
:102AE00001740C1208727F100205ED129688F583AE
:102AF0008882222401F0A3E03400F022E812A7B675
:102B000039F583E0F922E50E12AF2F350FFB12AB3A
:102B1000BB22850A82850B83E0F50EA3E0F50F2228
:102B2000850C82850D83E0F50EA3E0F50F74042279
:102B3000A3A3A3A312ABCD22E075F003A4A9F024B4
:102B400001FAE439FB2212AAEBE0F8EFC39822E085
:102B500028FAA3E0398A82F583A385820A85830B4C
:102B600022850C82850D8312AB6B22E0F8A3E0F97D
:102B7000850A82850B83228E828F8312ABC912AFA6
:102B80002E3FFBEE12A7B63FF583E0F92212ADAA65
:102B9000F50A780A228E828F83A3A3A3A3A3A3E0BE
:102BA000F50A780A22850A82850B8312ABCD850E41
:102BB00082850F8312A7C512ABBB22E50E2414F544
:102BC00082E4350FF583E0F922A3A3A3A3E0FCA3DD
:102BD000E0FD2212ABDEA3A3EAF0A3EBF022E0FAC1
:102BE000A3E0FB888289832274F01203D674F61264
:102BF000094012AC9B3F129F50750A00850882F570
:102C00008312967F851882851983E8F0A3E98010E6
:102C1000050A851882851983E02401F0A3E03400B9
:102C2000129F61A3A312ACB450378E828F8312AC73
:102C3000A67402120928880E890F780E1208B07443
:102C400002120928880E890F780E1208B08E828F22
:102C500083A3A312ADBF1212847404120872E97028
:102C6000AF8E828F83A3A3A3A3A3A3A3E0F8740CC6
:102C700068700FA90AAC08AD09EEFAEFFB12132039
:102C80008012741568700DA90AAC08AD09EEFAEF50
:102C9000FB1213267901740A0293A0EAFEEBFFEE01
:102CA000240CF582E422129683880C890D2285106B
:102CB00082851183E0F8E50AC3982274EC1203D6EA
:102CC00074F61209408A0E8B0F8C0C8D0DE9FE7F75
:102CD0000112A21139FB1210E08A088B09EA45099A
:102CE000700302AD9912AEDD700302AD6E12A41B2B
:102CF00012AEFE1209288812891378121208B074D5
:102D0000021209288812891378121208B012ADB97C
:102D10001212847404120872E96026E50A75F00341
:102D2000A4F8A9F0E50828F8E50939F97404120BAC
:102D30004512ABD37406120B45128A6712AF474097
:102D4000AF12AEEA120928880C890D780C1208B06F
:102D50007402120928880C890D780C1208B012AF81
:102D6000341212847404120872E960027F0012AFF8
:102D7000611208B4750C01780C1208B412AD9C12E3
:102D800008B478081208B012AF111212307405128C
:102D90000872AA08AB091210E602A7CF8510828537
:102DA000118312ADAAF50C780C2212ADB264015455
:102DB0000122E0131313541F228510828511831200
:102DC000AF41FC850C82850D8312A7C5E50C12A7C7
:102DD000B6350DF583E0F92274EC1203D674F612C1
:102DE00009408A0E8B0F8C0C8D0DE9FE7F01F508D2
:102DF000750900740278081209FAE50812A217355D
:102E000009FB1210E08A088B09EA4509700302AE3B
:102E1000DA12AEDD700302AEAF12A41B12AEFE12C8
:102E200009288812891378121208B074021209282E
:102E30008812891378121208B012ADB91212847474
:102E400004120872E9603BE50AF50C750D00740286
:102E5000780C1209FAE508250CF8E509350DF97426
:102E600004120B4512ABD37406120B4512AF0AF0D5
:102E70007407120B45E0540788828983A312AF4779
:102E8000409A12AEEA120928880C890D780C1208B3
:102E9000B07402120928880C890D780C1208B0123F
:102EA000AF341212847404120872E960027F0012B7
:102EB000AF611208B4750C01780C1208B412AD9C05
:102EC0001208B478081208B012AF11121236740545
:102ED000120872AA08AB091210E602A7CFE50E2469
:102EE00002F510E4350FF511EE2212AEF074022255
:102EF000850E82850F83E0F50AA3E0F50B22850E8F
:102F000082850F83129A0474022212888DA3A3A3D0
:102F100022850A82850B8312ABC9E50A12AF2F35D1
:102F20000BFBE50A12A7B6350BF583E0F922EE2478
:102F300006FAE42285108285118312AF4112B16D29
:102F40002212ADB2540122A3A3A3A3F0050A85184F
:102F500082851983E02FF0A3E03400F0E50AC39ED8
:102F600022EF850882850983F0EEA3F012AEF0858A
:102F70000E82850F83A3A3A3A3A3A3E0F50C780C73
:102F80002274EC1203D674F612094012B13E129A62
:102F900000750800850C82F58312B145EE2407F513
:102FA00010E43FF511EE2402F50EE43FF50F800B1F
:102FB0000508851882851983E004F0850C82850D4B
:102FC00083A3E0F8E508C398502B12B14E120928EC
:102FD0008812891378121208B07402120928881214
:102FE000891378121208B012B15812127E740412AA
:102FF0000872E970BBAA087B001210E08A0A8B0BEA
:10300000A80AA90B7404120B4512A42DE8497003F9
:1030100002B139E5086066750900850C82850D836B
:1030200012B14512B14E120928880C890D780C1284
:1030300008B07402120928880C890D780C1208B0A7
:1030400012B15812127E7404120872E9602F7408CB
:10305000120B45E0C0E0A8097404120B45E028FA01
:10306000A3E034008A82F583D0E0F0050985188258
:10307000851983E004F0E509C3950840A612B14E16
:10308000120928880C890D780C1208B074021209F4
:1030900028880C890D780C1208B012B15812127ED3
:1030A0007404120872E960087401120B45E4800789
:1030B0007401120B457401F0851082851183E0C004
:1030C000E07402120B45D0E0F07403120B45E509E1
:1030D00012B18BF508A3E0F50912AB951208B4758F
:1030E0000A01780A1208B4850E82850F8312AB8D0F
:1030F0001208B47404120928880A890B780A120885
:10310000B085088285098312AB30E50812AF2F35F0
:1031100009FBE50812A7B23509F583E0F912122A76
:103120007405120872E9FE7404120B4512A7C1124D
:1031300010E6EE700479018002790002A7CF12AC8C
:103140009B3FF5832212B1492212857DF0228E82A7
:103150008F8312AEF6740622850E82850F8312AF1E
:1031600041FD851082851183E012B16D22FC850A34
:1031700082850B83A3A3A3A3E0FAA3E0FBE50A24C3
:1031800014F582E4350BF583E0F92212A118E02250
:10319000E4F0A3F0A3F0A32212B190F02212D077B2
:1031A000240812B8922212B1AA22E0F508E4F50927
:1031B000F50AF50B22E0F508A3E0F50922122040FC
:1031C00074041208727F080205ED74091208727FF8
:1031D000040205EDE024F5C39413229007E512D212
:1031E000F17A147B00222402FAE43F22FB8A828BCC
:1031F0008312B1F912BF6CEE2212BE278A828B8332
:1032000022F0A3E4F012B20922EE240DF582E43F8D
:10321000F5832212C39EA3227C0B7D00EE241BFAB1
:10322000E43FFB22EE24FFF582EF34FFF58322E03A
:10323000FEA3E0FFEE4F2274021208727F06020521
:10324000EDE50812CCC33509F583E0228E828F8329
:10325000A3A312BAD8E02212B25B22EE2411F582A7
:10326000E43FF583E022E508A2E092AF02C0C57416
:103270000312087202C0C512B209E064012212B240
:10328000822212C386A3A32212BF6CE84922EE2435
:103290002BF582E43FF58322EE240812D70822C0E2
:1032A00082C08374FE1209409018E67442F0A37441
:1032B0001EF09018E8743CF0A3741EF0800D7AD3D1
:1032C0007B1812107A12BDAC121F569018D312C47C
:1032D0005F70EB9018D512C45F600F7AD57B18121F
:1032E000107A12BDAC121F5680E99018D3E4F0A3F7
:1032F000F09018D9F0A3F0A3F09018F4747EF0A326
:10330000741EF074028002741112087202BB6F7492
:10331000F61203D6E9FF747129F582E43427F583A8
:10332000E493FEFA7B00121050EA4B6013EA2E126F
:10333000BC4CE8F0A3E912D07CA3A3A3E4F0802C5A
:103340007A027B00121050EA4B601D74662FF582E2
:10335000E43427F583E4938A828B83F0A3741AF014
:1033600090193BE0F912105C7A007B0002D37CE9F3
:10337000FC740629F8EAA2E0501EE875F00A84E51C
:10338000F0F96014740A28C399F8E9C3940540045D
:10339000740A28F8740B28F8ECC3941340047914C9
:1033A00080027906E82979002409F85001097A0A8F
:1033B0007B00120286E8F902085AC082C083901985
:1033C00040E05402600A121716E960047901800295
:1033D000790002BB6FC082C083901940E054026044
:1033E000169018D9E0700C12C45C600BE0C812B9DA
:1033F000FB500479018002790002BB6FC082C08358
:10340000908944E0F89018DBE0C398500512105002
:1034100080047A007B0002BB6FC082C083121F56FB
:10342000790002BB6FC082C08374FE120940851808
:1034300082851983EAF0A3EB12B5A3A3A3A3A3A3E8
:10344000E0600A14605D24FE606002B5029007C56A
:10345000E0640F6018121F2CE9701285188285191C
:103460008312C8AE9018E212BAD412054E9007ED3E
:10347000E0C0E085188285198312C356D0E012B5EA
:10348000A3741412CCDDFCA3E0FD7AD57B181210D6
:1034900074A8A8C2AF9018DB12B5C77920121F20FC
:1034A00002B30312B567741580D912B567A3A3A33D
:1034B000A3E0604E12B56712B250C0E08518828555
:1034C000198312D04F12B581D0E012CCDD2402F85E
:1034D000A3E03400F988828983E02401FAA3E03470
:1034E00000FB88828983EAF0A3EB12CCDD12B89B43
:1034F000851882851983601312B574600512B58A28
:103500004048AA18AB19121F56809512B57460F284
:1035100012B58A502112B597FA851882851983A3AE
:10352000E0C8240612B866F8748612C5A13427F5DF
:1035300083E4936A601485188285198312B57464D4
:103540000870BF12B597640870B812B5971412B519
:10355000AB240AC0E085188285198312BAD4D0E062
:1035600012B5AB0402B483851882851983A3E0F5F4
:103570008388822212B5782212BA51C812B581E02E
:10358000222406F582E438F5832285188285198382
:1035900012B578C3940A2285188285198312B21352
:1035A000A3E02212B5B5F58388822212B5B5C824EE
:1035B0000612B89222F085188285198312BA512218
:1035C000A8A8C2AF9018DAE004F0E8A2E792AF2210
:1035D000C082C0839018EA12C45F600812B56E12F0
:1035E000054E8002790002BB6F74F71203D6EAFE23
:1035F000EBFF12B209740112BC0B12CD9112B1F49F
:10360000243512BC03C0E0EE2413F582E43FF583B9
:10361000D0E0F0EE243612BC03C0E0EE2414F582B4
:10362000E43FF583D0E0F0EE243812BC03C0E0EEB6
:103630002418F582E43FF583D0E0F0EE242FF582E4
:10364000E43FF5831206BC12B66AEE243112BC03C5
:10365000F9121F747402120872E9F5087007EEFA85
:10366000EFFB121E5AA90802C0C5EE2426FCE43F57
:10367000FD22C082C083121F2CE9600479208002E1
:10368000790102BB6FC082C083EA241112B696D2C0
:10369000E0800DEA240DF582E43BF583E022F0A3FF
:1036A000F002BB6FC082C08312B693640170111226
:1036B000B732400C8A828B83A3E0F9121F26806FF9
:1036C000EA241012B696A2E650128A828B83A3E0F7
:1036D000F99018E412BAD412054E805312B69364CE
:1036E00001700D12B73250088A828B837430803695
:1036F0008A828B83A3E0641B8A828B83700474228A
:103700008024A3E0700D12B693F8744512C5A1345D
:1037100027800B12B693F8746612C5A13427F5837F
:10372000E4938A828B83F090193BE0F912105C02DB
:10373000BB6FEA2410F582E43BF583E0A2E3227438
:10374000F71203D6E9FE12C45C700302B861EE60A2
:1037500011741B6E7013E0C812B864640570030224
:10376000B82F12B86AE402B83374E96E706112B807
:103770008A700B12171CE9600512B8A5606179EE1A
:10378000120E049018DC12B8879018DC603A12B858
:10379000A89018DC700B12B88714F0120FBA02B898
:1037A0006112B89AC2E712BA3712B8646403700B98
:1037B00012D04C241112B866D2E2F079ED120E0448
:1037C00012B87A12054E807512B86D74E98064746F
:1037D000E16E703E12171CE9605512B8A57050904A
:1037E00007E7E0C0E012D04C2412F582E438F583FC
:1037F000D0E0F09007D6E0C0E09018DC12B8761266
:10380000B876D0E0F09007D6E004F07901120FA26C
:10381000804F741C6E70189018DC12C8AE9018ECB3
:1038200012BAD412054E9018DCE4F0A3F0803212E4
:10383000B86AEEF09018DC12C8AE121E4812BA1820
:10384000E0548060109007EDE0F9120EBE9007EC96
:10385000E0F9120EB29018DCE4F0A3F07910121F18
:103860002002C0C5240D12B892229018DC12B87143
:103870002212BADCA32212C39A229018DC12C8B218
:103880009018E012BAD822E0F8A3E0C8241212B8C7
:103890009222F582E438F583E022E0F8A3E0C82420
:1038A0001012B892229018DC12BA1FE0540422744D
:1038B000F41203D6750A00750B00A2AFE433FEC202
:1038C000AF12C45C600302B9A412BAD112054EE96A
:1038D0004410F89018D3800985080A85090B12B99D
:1038E000EE12BA04700302B9A412B241586870E82B
:1038F000780A1208B0AC08AD097AD37B181210868A
:1039000074021208729018DCE508F0A3E50912BAF7
:103910003712B9FB500302B9AB9018DAE014F0EE9D
:10392000A2E092AF9018DCE0240EF8A3E03400F996
:10393000E8FEE9FF8E828F8312C8AE9018DC12B5C4
:103940009DF9121E0CE99018D7F0A312D26EE05424
:1039500080601812D04C241312B866F9120EBE12F1
:10396000D04C241412B866F9120EB212BA18A3E0A1
:103970005401605F9018D712C45F604512BA2E6080
:103980004012BA2EF879009018D712C8AE12028EE3
:10399000E8C0E012BA0CD0E012BA3CC39413401154
:1039A0007402800FEEA2E092AF80379018D902B96E
:1039B0001C7400C0E09018DDE0C812B9E5D0E080CA
:1039C0000D12BA0C740112BA3712B9E57401F0790C
:1039D00003800C9018DC12B89AA2E1B3E433F91218
:1039E0000FA202B1CF241AF582E438F58322E5084C
:1039F00024FBF582E50934FFF5832212CCC312B80B
:103A000095A2E72212B1B5E50845092212D0742427
:103A100019F582E438F583229018DC12BA1F2212BD
:103A2000BA51C812BA272212CCED38F5832212D02F
:103A300074241812B8922212BA49C82212BA49F54F
:103A4000838882A3A3A3A3E022F09018DC12BA51CA
:103A500022E0F8A3E02274F71203D6EAFEEBFF128D
:103A60001F5012BC00A2E3400A12B2777005908981
:103A7000428003908943E0F9EEFCEFFD7AD37B1896
:103A800012108CE96037EEFAEFFB9018E612BAD408
:103A900012054EEE240E12BC035404701112B5C070
:103AA00012BACDA3E054017021121E54801CEEFA0C
:103AB000EFFB9018DE12BAD412054E800D8E828F65
:103AC00083A374F112C002121E4802C0C512CD9920
:103AD000229018E812BAD82212BADC22E0F8A3E049
:103AE000F58388822202BB6874F71203D6EAFEEBE4
:103AF000FF7900901940E05402700CEE243312BCA0
:103B0000035404600279E8901940E05460700CEEB0
:103B1000243312BC035402600279E88E828F83A39F
:103B2000A3A3A3E0F8908948E0C398500279E8EE97
:103B3000243112BC03700CEE242E12BC03700479E5
:103B4000F5800BE97005121E36E9F9E96007EEFA17
:103B5000EFFB121F2602C0C5C082C0838A828B83FE
:103B6000740DF01217108007C082C083121E54D04B
:103B700083D08202085A74F41203D6EAFEEBFF8E59
:103B8000828F83E4F0A312BC0B540490894270121C
:103B9000E0F89018DAE0C398401279F1121F26027B
:103BA000B1CFE0F89018D9E0C39850EE12BC11A341
:103BB000E054016039EE243712BC03C39405403C45
:103BC000EE243312BC03540570327AEE7B181220B7
:103BD0004CEE2437F582E43FF58312B1A678081243
:103BE00008A87AEE7B181220407404120872EEFACC
:103BF000EFFB90193BE0F912105C80A379E8809C00
:103C0000EE2410F582E43FF583E022F012BC11E0CF
:103C100022EE2433F582E43FF5832274F61203D6B4
:103C2000E9FE2451FAE43400FB121050EA4B60150F
:103C3000EE8A828B83A3A3A3A3F0EA245112BC4C87
:103C400012BF6880047A007B0002D37CF8E43BF961
:103C50008A828B83A3A32202BB68C082C083901890
:103C6000F774A8F0A3741EF0A374D8F0A3741EF028
:103C7000A374AEF0A3741EF0A374B4F0A3741EF08A
:103C8000A374D2F0A3741EF0A374C6F0A3741EF044
:103C9000A374C0F0A3741EF0A374DEF0A3741EF02E
:103CA000A374E4F0A3741EF0A374EAF0A3741EF0EE
:103CB000A374F6F0A3741EF0A374BAF0A3741EF0FC
:103CC000A374A2F0A3741EF0A3749CF0A3741EF05E
:103CD00090191374CCF0A3741EF0A374F0F0A374C5
:103CE0001EF0A37404F0A37420F0A374FCF0A3747A
:103CF0001EF0A37402F0A3741FF0901937E4F09043
:103D0000193AF090192312BD177402F090192C1271
:103D1000BD17740102B6A07420F0A3741FF0A32293
:103D200074F51203D674F11209408518828519833F
:103D30007402F07401120B45E9F060047AFF7BFF16
:103D40007402120B4512DDF575082F750919750AF5
:103D50000078081208AC7C0B7D007407120B45AA92
:103D600082AB8312102C7403120872AA18AB1912BA
:103D70001710740F800512102C74031208727F0341
:103D80000205ED74F71203D674FD120940851882FE
:103D9000851983740AF07401120B45E9F07402125C
:103DA0000B45EA12BDB612171002B26F8518828554
:103DB0001983EAF0A3EBF0AA18AB192274F61203E8
:103DC000D674F7120940EAFEEBFF12BE1812B201D8
:103DD000740212BF59AA18AB191211C4EE24311281
:103DE000CE0812BE1E8A828B83E8F0A3E912BC0BB8
:103DF00012CE2D1208B0740212093879831A1AEF04
:103E0000FB121F747402120872E9F5087007EEFACB
:103E1000EFFB121E5A02D37512CD99740122FB8A50
:103E2000828B8312BE2722E024FFF8A3E034FFF93F
:103E30002274F01203D612D8B0120AEE7808790C68
:103E40001202E778081208A87A267B1902B1BD741D
:103E5000F41203D674C61209409007C5E0640F60DF
:103E600010851882851983742E12BDB6121F3280F8
:103E7000277A1D7B1912204C12B1DB12028E8808A2
:103E80008909E4F50AF50B78081208A87A1D7B1950
:103E90001220407404120872743A02B1CC74F51204
:103EA00003D6EAFEEBFF8E828F83A3E0F860030265
:103EB000BF42EE243012BC0364026007E06403607A
:103EC0000278E8EE2426F582E43FF58312B1D4406F
:103ED0000478E88070E8706AEE2426FAE43FFB7903
:103EE000E1120E82EE2431FAE43FFB7950120E8289
:103EF000EE243012BC0364027014EE2428F582E430
:103F00003FF58312D2ED9007D412BF68801290075C
:103F1000D474FEF0A30412BF597ACB7B071211D0E0
:103F2000EE241B12B29B1208AC7C0B7D007A2F7B17
:103F30001912102C7403120872EEFAEFFB121E967F
:103F4000E9F8E86011E88E828F83A312D26F7417AC
:103F500012C002121F3202BD7EF0EE2428FCE43FA4
:103F6000FD2212D2F19019B812BF6C22E8F0A3E939
:103F7000F02274F61203D674F712094090193AE051
:103F8000703B7401F0F9120F6CAA18AB19121F6282
:103F900075082F75091978081208B0750801750998
:103FA0000078081208B09007DA1206BC74061209ED
:103FB000387A037905121F7A740612087202D377D1
:103FC00074F71203D6EAFEEBFF7901120F728E82AC
:103FD0008F83E064207004A374EBF090193AE0A2A0
:103FE000E25003C2E2F0E0A2E1500812C218121E31
:103FF00090800C8E828F83742A12C002121F3202AC
:10400000C0C5F0EEFAEFFB2274F41203D674FE1270
:104010000940EAFEEBFF7901120F727A1D7B19123B
:10402000204C7A267B1912204C12C3628518828597
:10403000198312C390E0F50B7011AA18AB197953CC
:10404000120E8212C08D794A120E8212B298120894
:10405000AC7C0B7D007A2F7B1912102C7403120894
:104060007285188285198312C8AEA90B121E8A9018
:10407000193AE0A2E1500C7A008E828F83A3E0F916
:10408000121E9090193AE4F0740202B1CCEE24139F
:10409000FAE43FFB2274F71203D6EAFEEBFF8E82AE
:1040A0008F83A374EBF090193AE0A2E150077A00F5
:1040B00079EB121E90EEFAEFFB121EC68007EEFAA5
:1040C000EFFB121FC27F010205ED74F71203D6EA5F
:1040D000FEEBFF7901120F727A1D7B1912204C7AC8
:1040E000267B1912204C901937E4F090193AF07A97
:1040F000FF7BFF8E828F83A3E0F9121E8A80C67435
:10410000F71203D6EAFEEBFF121EC080B174F7125D
:1041100003D6EAFEEBFF7901120F728E828F83A322
:10412000A3A3A3E060047400800274EB12C15F508B
:1041300003C2E2F0E0A2E1500812C261121E9080B8
:1041400014A2E050108E828F83742AF0A374EB12B5
:10415000C002121F32EEFAEFFB121E6C02C0C58EB7
:10416000828F83A3F090193AE0A2E22274F6120340
:10417000D6EAFEEBFF90193AE0D2E1F07901120F96
:104180006C8E828F83A3E0703C121F68E9FAEE24E4
:104190000DF508E43FF50978081208B075080175B7
:1041A000090078081208B012C1D61206BCEE24022B
:1041B000FCE43FFD7905121F7A7406120872E98E3D
:1041C000828F83A3F08E828F83A3E060067A00F94A
:1041D000121E9002D37C12C1DA22EE240BF582E487
:1041E0003FF5832274F71203D6EAFEEBFF79011242
:1041F0000F728E828F83E064207004A374EBF090C2
:10420000193AE0A2E25003C2E2F0E0A2E150061245
:10421000C218121E9002C0C5C2E1F07A008E828FD1
:1042200083A3E0F92274F71203D6EAFEEBFF7901CB
:10423000120F727A1D7B1912204C8E828F83A3A3DA
:10424000A3A3E060047400800274EB12C15F50030A
:10425000C2E2F0E0A2E1500612C261121E9002C159
:1042600055C2E112B27EA3E0A2E4E433FA8E828F5B
:1042700083A3E0F92274F71203D6EAFEEBFF79017B
:10428000120F728E828F83A374EB12C1645003C22B
:10429000E2F0E0A2E1500612C218121E9002C0C560
:1042A00074F71203D6EAFEEBFF7A1D7B1912204C3D
:1042B000EEFAEFFB121EEA02C0BE74F71203D6EA52
:1042C000FEEBFF7A1D7B1912204CEEFAEFFB121E5B
:1042D000EA02C0C574F71203D674EF120940EAFE71
:1042E000EBFF12D02A7ACB7B071211BEE960628500
:1042F00018828519837409F07401120B4574EFF06C
:1043000012C362F87402120B45E812C390A3A3E033
:10431000C0E07404120B45D0E012C37D6408701530
:104320008E828F83A3A312C356E0C0E07405120BE4
:1043300045D0E080067405120B45E412D05C74068B
:10434000120B45AA82AB83121F8CAA18AB19121745
:1043500010741102B27112D0772407F582E438F597
:104360008322EE12C37412D2F188828983E0FCA307
:10437000E0F9EC2212CE16FB8A828B832212C381D3
:104380002212C386E022F08E828F83A3A3A3A322EE
:10439000F0A3E912C3A912C39A2212C39E22E0F825
:1043A000A3E0F5838882A3A322F08A828B8322C0B4
:1043B00082C083121FCE02BB6FC082C08390195788
:1043C00074F7F0A37418F0A37413F0A37419F090A9
:1043D0001A847412F0A37425F0A374B0F0A37424AB
:1043E000F09019437484F0A3741EF0901940E044D7
:1043F0000102B6A0C082C083EAFCEBFD7902121F65
:104400003E02BB6FC082C083790602D4FA74F612F2
:1044100003D674FE12094090193C12C45F60077AFB
:104420003C7B19121F56901942E4F09015D712C424
:104430005F60248007AA18AB19121F5690193BE041
:10444000F91210688A088B09A808A90985188285BD
:10445000198312B28870DE740202D3799018DC12CC
:10446000D2F1E8492274F71203D6E9FA7B009019D9
:104470003BE0F912109202C0C574F71203D674F033
:10448000120940EAFCEBFDE9FE8C828D83E0F874B2
:104490007C12C5A13427F583E493C0E07401120BAC
:1044A00045D0E0F0640B700DEE8C828D83A3F0128A
:1044B0001FB002C59CE0700302C59C640C6003023F
:1044C000C58D741A6E700B7404120B45E4F0A302D0
:1044D000C58C7404120B45ECF0A3EDF0EC2432F51E
:1044E00082E43DF583E0C0E07403120B45D0E01296
:1044F000D5CF120B227406120B45120B2E8C828D17
:104500008312D2E4740A120B45E8F0A3E912C5A69F
:10451000E054106009851882851983E48017EC2423
:1045200012F582E43DF583E0F89007E7E0C3988553
:104530001882851983F0E0C0E0740C120B45D0E0BE
:10454000F0EC2415F582E43DF583E0C0E0740D1233
:104550000B45D0E0F0EC2416F582E43DF583E0C095
:10456000E0740E120B45D0E0F0EC2417F582E43D28
:10457000F583E0C0E0740F120B45D0E012C5A6A38E
:10458000E0540160087401120B457411F0740212BA
:104590000B45EEF07401120930121710741002B2BC
:1045A0007128F582E422F0EC12CCED3DF58322C0B7
:1045B00082C083901942E06403700479018002791B
:1045C0000002BB6F74F71203D6901942E012C63F87
:1045D000748228F582741A39F58312CA28C2E7F06A
:1045E00012C646A3E493FE25E0FCE433FD74822C5E
:1045F000F582741A3D12CDA1EC4D6005EE90194282
:10460000F08A828B83E025E0FCE433FDE82CF58220
:10461000E93DF583E493FCC4540F25E0F87451128E
:10462000C5A13419F58312C45F7005121F9E800C5A
:10463000EC540F12C64612BAD412054E02C0C5255C
:10464000E0F8E433F92225E0FCE82CF582E439F5C2
:10465000832274F21203D674FE120940890B8A0871
:104660008B0912C740FA7B001210508A0C8B0DAEDA
:104670000CAF0DEE4F602E8E828F83E50BF0A3E41E
:10468000F0F50A78081208AC12C74D12B1E6FB1219
:10469000102C7403120872EEFAEFFB90193BE0F94C
:1046A00012105C8012851882851983E50BF0791A47
:1046B000AA18AB19121F2602B23774F01203D6746F
:1046C000FE120940890B8A0E8B0F12C740F508FABB
:1046D0007B001210508A0C8B0DAE0CAF0DEE4F60AC
:1046E000468E828F83E50BF0A3E4F0A808EE28F84D
:1046F000E43FF98E828F83A3A312C75F850E0885DE
:104700000F09F50A78081208AC12C74D12B21D1233
:10471000102C7403120872EEFAEFFB90193BE0F9CB
:1047200012105C79008014851882851983E50BF0DE
:10473000791AAA18AB19121F26791A740202B1C28B
:10474000745029F582E43427F583E49322A80B748E
:104750005B12C5A13427F583E493FC7D00EE2212A1
:10476000BF6C8E828F83A3A3A3A3E4F022C082C078
:1047700083E990193B02B6A074F61203D674FE12B8
:104780000940EAFEEBFFEE542070308039A8A8C241
:10479000AF9018DBE01412B5C98A828B8312C8A1CE
:1047A00090193E12DDF5121F32851882851983E0BB
:1047B000641560077A3E7B19121F567AD57B181252
:1047C000107AEA4B70C7EF54807012801C90193E2B
:1047D00012DDF5121F327A3E7B19121F5690193BDB
:1047E000E0F9121068EA4B70E4EE5410600E851880
:1047F00082851983742D12BDB6121F32EEA2E050CD
:104800000E851882851983742412BDB6121F32EEEC
:104810005402600E851882851983742512BDB61264
:104820001F32EE5404600E85188285198374261297
:10483000BDB6121F32EE5408600E851882851983AA
:10484000742812BDB6121F32EE544060107401126B
:104850000B4512C8B8742C12BDB6121F32EE54802C
:1048600060107401120B4512C8B8742F12BDB61235
:104870001F3290193C12C45F6020A8A8C2AF9019E3
:104880003C12C8AE90193CE4F0A312B5C912DDF495
:10489000121F327A3E7B19121F567A007B0002C427
:1048A0005712C8A522E0851882851983F02212C804
:1048B000B222E0FAA3E0FB22E412C8BD22F0851880
:1048C0008285198322C082C08390193E12D2EDEAFC
:1048D000687002EB69700790193EE4F0A3F002BB28
:1048E0006F74F71203D6EAFEEBFFEE4F7003120C63
:1048F00012A2AFE433F508C2AF8E828F8312C45F79
:104900006028E824FBFAE934FFFB90193E12CDA39E
:10491000E86C7002E96D700790193EE4F0A3F08E28
:10492000828F83E4F0A3F01210E602B266C082C068
:10493000839019657492F0A3741FF0A374A4F0A37C
:10494000741FF0A374AAF0A3741FF0A37466F0A3FD
:10495000741EF0A374B0F0A3741FF0A37460F0A3EE
:10496000741EF0A3746CF0A3741EF090197374E0BD
:10497000F0A3741FF0A374B6F0A3741FF0A374BC6B
:10498000F0A3741FF0A374C8F0A3741FF0A374C243
:10499000F0A3741FF0901964E402B6A0C082C08333
:1049A0009007D4E064FE7003A3E0F470097CCB7D33
:1049B000071211C4801C8A828B83A3A3A3A3A3A381
:1049C000A3A37402F09007D412D2ED8A828B8312D3
:1049D000BF6802BB6FC082C0839007DEC3E094FE55
:1049E000A3E094FF400479038002790202BB6FC008
:1049F00082C0838A828B83A3A3A3A3A3A3A3A3E0E0
:104A0000640270169007D412CA28687003A3E06984
:104A100070047901800F7900800BEAFCEBFD7ACB02
:104A20007B071211BE02BB6F12D2F18A828B83E028
:104A30002274F01203D674FC120940E985188285AD
:104A40001983F07402120B45ECF0A3EDF08A0A8B87
:104A50000B7508007402120B4512B19DC0E0740181
:104A6000120B45D0E012CCDDA2E75008750EFF75A1
:104A70000FFF800A9007DAE0F50EA3E0F50F851826
:104A800082851983E0C2E712CCE25420600712CC81
:104A9000AF7408800412CCAFE412CCE25404600777
:104AA00012CCBA7480800512CCBA741012CCE254C5
:104AB00010600612CC99E4800B9007E7E0C0E0128A
:104AC000CC99D0E012CCE2A2E05003750820540843
:104AD000600674104508F5088A828B83A3A3E0243E
:104AE000FFFEA3E034FFFFEA12CCA4C39402E0402F
:104AF0000F640B6009E0148E828F8312CCD3740391
:104B00004508F5087509009007FAE0640170118AFC
:104B1000828B83A3A3A3A3E0C3946740037509100A
:104B2000851882851983E0F50C750D00740E780CDC
:104B30001209FAE50D4509F509E0640270199007BC
:104B4000DF12D5C4F09007DEE0C0E012B224D0E05E
:104B5000F0EE24FEFE801CE06403701DEE24F9FEDE
:104B6000EF34FFFF7CEE7D07EEFAEFFB1211D0EE83
:104B700024FF1EEF34FFFF8003E0602F7401120B4F
:104B800045E060187414120B45E0650E7004A3E054
:104B9000650F700874404508F508800F8E828F837A
:104BA000E50FF012B224E50E12CCC97401120B45C8
:104BB000E0F50C750D00740A780C1209FAE50D4544
:104BC00009F509E0640270237402120B4512D4380F
:104BD0008E828F83F07402120B4512B252C0E01223
:104BE000B224D0E0F0EE24FEFE8020E064037021C9
:104BF000EE24F9FEEF34FFFF7402120B4512CDA331
:104C0000EEFAEFFB1211D0EE24FF1EEF34FFFF800F
:104C100003E060197414120B4512D5C3F07414121A
:104C20000B45E0C0E012B224D0E012CCC9EEF8EFA0
:104C3000F9E824FF1EE934FFFFE50A12CCA4700551
:104C40009007CA80039007D6E0FA04F0EA888289C8
:104C50008312D26FE50912CCD38E828F83E508F0E0
:104C6000E50A2404F8E4350BF9E50A2402FAE435F0
:104C70000BFBEEFC8A828B83E0F50888828983E057
:104C80002508C39C12C3A9EEF0A3EFF0850A828524
:104C90000B83A3E4F0F902B1C0EA2412F582E435F3
:104CA0000BF58322240DF582E4350BF583E022EA2F
:104CB0002410F582E4350BF58322EA12CCC3350BC0
:104CC000F583222411F582E422F0EE24FEFEEF3477
:104CD000FFFF22F0EE24FF1EEF34FFFF2212C8BDBB
:104CE000E022F0EA12CCED350BF583E022240EF53C
:104CF00082E42274F11203D674FE120940851882F0
:104D0000851983ECF0A3EDF0890B8A0E750A1A74ED
:104D100015120B4512DC4C121E068A0C8B0DAE0CC4
:104D2000AF0DEE4F605F7413120B45E012CD91E8AA
:104D3000F0A3E912B204E50BF0750A007808120836
:104D4000AC12B21812102C74031208727411120BE8
:104D5000451206BC7402120B4512CDA3A90EEEFA41
:104D6000EFFB121F747402120872E9F50A7016E55F
:104D70000B24F9600314700612B257D2E5F0EEFA74
:104D8000EFFB121E5AA90A74021208727F0702056D
:104D9000EDF8A3E0F912CD9922EE12CCED3FF583A8
:104DA00022F583E0FCA3E0FD2274F61203D674F72B
:104DB000120940EAFEEBFF7801EE243212BC0360D8
:104DC00002780512BACDE812B201740412CE201294
:104DD00011C4EE242F12CE0812B1EC243112BC0300
:104DE00012CE2D1208B0740212093879031A1AEF84
:104DF000FB121F747402120872E9F5087007EEFACC
:104E0000EFFB121E5A02D375F582E43FF58312B10F
:104E1000B5EE12CE16222402F8E43FF9E8FAE922B0
:104E2000F0EE2426FCE43FFDAA18AB192288828903
:104E30008312C38104F078082274F21203D68A0820
:104E40008B09ECFEEDFF8A828B837405F0EE243231
:104E500012BC038A828B83A3A3F0EA2403F50AE43D
:104E60003509F50B850A82F583E0F50CA3E0F50D15
:104E7000EE2425F582E43FF583120B22E50C12CCDB
:104E8000C3350DF583120B2E12D02AAA0CAB0D12CE
:104E900011C4850A82850B8312D43DFAA3E0FB88F6
:104EA000828983A3A3A312DDEFEE242F12BC03C0DB
:104EB000E012D032D0E012D0692415F582E438F542
:104EC00083E412D06912BA27E412D05C850A828585
:104ED0000B83E02416FAA3E03400FB121F8C8E82B1
:104EE0008F83A3A3A3A3A3A3A3E0C0E0850A828525
:104EF0000B8312D04F240DF582E438F583D0E012F5
:104F0000D053FAA3E0FB850A82850B8312D2EDE829
:104F1000240BFCE439FD8A828B83E08C828D83F044
:104F2000A3E412D07CE0F50B8C828D83A3E0450BCB
:104F300012D07CA3E0FCEA2403FA50010BECA2E7B8
:104F4000E433C0E0E8240FF582E439F583D0E0F0E3
:104F500074075C600478018002780075F0037407C0
:104F60005CA428F8EA28FAE43BFBE5082405F8E409
:104F70003509F98A828B83E08882898312D07CAAE2
:104F800082AB8385088285098312DDEF888289835D
:104F9000E0F50A25E0540EFCE50AC4540FF50A7545
:104FA0000B007403780A1209FAE50A5438F8EC2861
:104FB000F8EA28F8E43BF9850882850983A3A3A3CE
:104FC000A3A3A3A3A3A3E8F0A3E912C37DFA8E824F
:104FD0008F83A3A3E02AFAA3E03400FBC3EA98EB93
:104FE0009940288E828F83A3A3E0F88508828509E3
:104FF00083A3A3A3A3A3A3A3A3A312D040C39A28CC
:10500000850882850983A3A3A38016850882850964
:1050100083A3A3A3A3A3A3A3A3E4F0850882850984
:1050200083A3A3A3A3A3F002B23CEE2413FCE43FAA
:10503000FD2212D03622E82410F582E439F58322CD
:10504000E0FA8E828F83A3A3A3A3E0229018DC1240
:10505000D07722F08E828F83A3A3E02212D0602229
:10506000F0EE2408FCE43FFD22F0850A82850B83E4
:1050700012D077229018DC12BA51C82212C3A9A309
:105080002274F51203D68C088D09750A007808126F
:1050900008AC7C0B7D0002BD7602085AC082C0833A
:1050A0007918121F2602BB6FC082C0838A828B834D
:1050B000E0C3940B5003121F9802BB6FC082C083E1
:1050C000791980DE74F71203D6EAFEEBFF90193CE3
:1050D00012C45F601090193C12C8AE121FA47A3C33
:1050E0007B19121F56EEFAEFFB121F5090193CEE7F
:1050F000F0A3EFF002C0C574F71203D674DE1209F4
:1051000040EAFEEBFF8E828F83E024FD601124FED7
:10511000601524ED600924FA600D14600A803D7466
:1051200016120B45E480077416120B457401F01239
:10513000B66A740B120B45AA82AB831211D074139A
:10514000120B4512D1D2120B4512BF68740A120B12
:105150004512D1DE120B4512BF6880417416120B46
:10516000457402F012D02A740B120B45AA82AB834D
:105170001211D07413120B4512D1D2120B4512BF6B
:1051800068740A120B4512D1DE120B45E8F0A3E950
:1051900012D1CC120B45AA82AB83121F8C851882C8
:1051A000851983740B12D26FA3E0C0E07401120B57
:1051B00045D0E012D1CC120B45AA82AB83121F8CD2
:1051C000AA18AB19121710742202B27112D06074AF
:1051D00017227403F09007DE12D2F17402227402D7
:1051E000F09007DA12D2F174142274F71203D6EA9F
:1051F000FEEBFF8E828F83A3E0F5087036EE242F3E
:1052000012D25F7003A3E06960037508E8EE2426FC
:10521000FAE43FFB121F6EE96032EE2432F582E4BD
:105220003FF583E4F0E508700AEEFAEFFB121F8009
:10523000E9F508E50860128E828F83A3E50812D293
:105240006F741912C002121F3202C0C5EE2432124E
:10525000BC0360D1901963E070CB7508E880D8F585
:1052600082E43FF58312D2F19007DAE06822E4F09D
:105270008E828F8322C082C08374F112094074022F
:10528000120B45740412D07CE0C0E07403120B458D
:10529000D0E0F0EA242FF582E43BF58312D2ED74DE
:1052A0000D120B4512BF68EA2426FCE43BFD740492
:1052B000120B45AA82AB831211C47404120B45AAC7
:1052C00082AB83121F6EE9600E12D2F6120E82902C
:1052D00007D474FFF0A3F07402120930121710748F
:1052E0000F02B309A3A3A3A3A3A3A3A3A312D2F161
:1052F0002212BA51F92285188285198374FFF0A30E
:10530000F0AA18AB1979532274F61203D674E81276
:105310000940EAFEEBFF7402120B457403F0EE2421
:1053200013F508E43FF509AC08FD7404120B45AA17
:1053300082AB831211D012B24CC0E0740C120B4538
:10534000D0E012D05C740D120B45AA82AB83121F01
:105350008CAA08AB09121F6EE9600E12D2F6120E6B
:10536000829007D474FFF0A3F07402120930121770
:105370001074188004A90874091208727F020205CB
:10538000ED74F61203D674D4120940EAFEEBFF8ED8
:10539000828F83A3A312D438A2E650179007DA12A3
:1053A000D43D687003A3E0697009901964E0604817
:1053B000121FCE740B1209287403120B4512B1F49C
:1053C000FCEFFDAA18AB19121F8685188285198378
:1053D000742B12BDB6121F329007BFE0600874082C
:1053E000120B45E0600E851882851983740512BD85
:1053F000B6121710742C80819007E3E060B512C0DC
:105400008D121F6EE970ACEE2408F508E43FF50933
:1054100078081208B075080175090078081208B0FC
:105420009007DA1206BC7CCB7D077A037906121F3F
:105430007A740612087280BC12B871E02212D2F19E
:1054400012B28EE022C082C08374EF120940851828
:10545000828519837409F07401120B4574EE12BD34
:10546000B612171002B30774F71203D6A2AFE433D3
:10547000FFC2AFE96003120E70120DFE9007EDE05F
:10548000F9120EBE9007ECE0F9120EB2901964E02A
:10549000F9120E9A9007DA12C8AE120EA09007DE2B
:1054A00012C8AE120EA67AEE7B07120EAC7E001268
:1054B000D4EB12C45F600912D4EB12BAD412054EB9
:1054C0000EEEC3940740E812201C121F1A90197D9B
:1054D000E4F0121E00121F5C7ADD7B077952120E77
:1054E00082EFA2E092AF790002C0C5EE12C63F740F
:1054F0004328F582741939F58322121F3802BB6FD5
:10550000C082C08390197E74ECF0A3741FF0A37462
:105510000AF0A37420F0A37410F0A37420F0A37415
:10552000F2F0A3741FF0A374FEF0A3741FF0A37431
:10553000F8F0A3741FF09019517465F0A37419F07A
:10554000A37473F0A37419F0A3747EF0A37419F01C
:10555000901940E4F0A3F0120DF802BB6F02085A54
:1055600074F71203D6EAFEEBFF8E828F8374071264
:10557000D5CA12D5C4A3A312D5CAA312D5C3A3A357
:10558000A3F08C828D83A3A3120B228E828F83A320
:10559000A3A3A3120B2E8E828F83A3A3A3A3A3A3E3
:1055A000A3A3E4F0EC2418F582E43DF58312D2EDD8
:1055B0008E828F83A3A3A3A3A3A3A3A3A312BF68D5
:1055C00002C0C5A3E08E828F832212D5CFA322F022
:1055D0008C828D83A3A3A3A3A32274F41203D6EA1F
:1055E000FEEBFF90198B12D26EA3A3A3A3A3A3E09B
:1055F000C39406400690198B74E8F08E828F83A3C3
:10560000A3A3A3A3A3A3E0C3940F40158E828F830B
:10561000A3A3A3A3A3A3E06403601590198B74E86C
:10562000F08E828F83A3A3A3A3A3A3E06403700ED1
:10563000901940E0A2E0400690198B74E8F0EEFC6F
:10564000EFFD7A8A7B19121FE68E828F83A3A378DF
:1056500008120AEE740A78081208F790199E780862
:10566000120ADF8E828F83A3A3A3A3A3A3A3E09038
:1056700019A212D7149019A312D7199019A412D6EF
:10568000FA9019A5F0EE240C12BC039019A6F0A311
:10569000740AF09007EDE09019A8F090199B12BDE4
:1056A00017740412D7001208AC7C0B7D007AA97B1A
:1056B0001912102C740312087290198BE0702A8E44
:1056C000828F83A3E0702290198CE0600690198B82
:1056D00074EAF090198CE0F9120ECA8E828F8374EE
:1056E00026F07904120F6680078E828F837429F06A
:1056F000EEFAEFFB121F3202B1CFF012C1DAE02254
:10570000F0EE240D12D70822F508E43FF509750ADA
:105710000078082212D71FE02212D71FA3E022121E
:10572000B282A3A3A32274F41203D674F712094021
:10573000EAFEEBFF90198CE070309019A7E0640A44
:105740006028120EDCE9C0E09019A7E0F8901993E8
:10575000E028F8A3E03400F9E824F5F582E912B274
:105760002AD0E0F0901992E004F090199E78081287
:105770000AEE740178081208F790199E7808120A48
:10578000DF9019A7E004F0E508A2E04006E0C3942A
:105790001E40D7E0641E700302D8227AA77B1979D5
:1057A000E1120E827408120B45740212C8B974FF1C
:1057B000F0A3F090198CE0600464027009EEFAEF37
:1057C000FB121FF88068E06401700679087A808017
:1057D0000479077A837508A975091978081208B041
:1057E000E4F508F50978081208B07508FF7509FF97
:1057F00078081208B07406120938121F7A7406125B
:105800000872E9F874DB68601474E568600F74F37B
:1058100068600A74DF68600574E8687011E89019C0
:105820008BF08E828F83742912C002121F3202B154
:10583000CA74F01203D6750801750900750A00755F
:105840000B009019A7E078081208357808120A9022
:1058500090198E7808120A5990198CE06403700F21
:1058600012D8B0120AEE7808790C1202E78035756A
:105870000801750900750A00750B009019A2E078FF
:10588000081208359089A47808120A209089E078D7
:105890000C120AEE7808790C1202E790198CE0706D
:1058A00003120ED678081208A87A957B1902B1BDAA
:1058B0009007E812B1AA9089E0780C2274F11203E3
:1058C000D674D41209408A088B0990198CE06402BE
:1058D000600DE064016008E06405600302D9B690E1
:1058E000198BE4F0740B1209287403120B4512BFD4
:1058F00068AC08AD09AA18AB19121F869019A3E06D
:10590000F8901992E0C398507112DD6D901992E0F1
:10591000F50A802D8E828F8312D2E47414120B4507
:10592000E0687003A3E069700F740B120938EEFA97
:10593000EFFB1211BEE97042150AEE2421FE500160
:105940000FE50A70CF740B120928880C890D750EAB
:1059500000780C1208AC7C217D00901992E08CF04C
:10596000A4F8A9F0A3E028FAA3E039FB12102C74E4
:1059700003120872901992E004F09007BFE0600EE5
:105980007408120B45E070069019A3E07007AA187E
:10599000AB191217109019A3E06021901992E0F84A
:1059A0009019A3E06870158508828509837429F031
:1059B000AA08AB09800312DA59121F32742C02CDE7
:1059C0008974F61203D674FE1209408A088B09EA1C
:1059D000241BF582E43509F583E064037072EA2440
:1059E00024F582E43509F583E064037063EA241347
:1059F000FAE43509FB794A120E828508828509830B
:105A0000A312DD6D12DA6550010FAA18AB19795097
:105A1000120E8212DA6550010FAA18AB19794B12D7
:105A20000E82EEFAEFFB79E1120E828E828F83A353
:105A300012DA74F0A3E912D300120E8290198BE4EB
:105A4000F08508828509837429F0AA08AB098003D0
:105A500012DA59121F3202C45790198B74E812C31C
:105A6000A97429F0228E828F8312DA7412BF6DEE30
:105A70002402FE22E0FAA3E0F9EA85188285198360
:105A800022C082C0837A957B1912204C120ED079E5
:105A900004120F7290198CE06403700690198BE069
:105AA00060097AA87B1979E1120E827A8A7B190241
:105AB000BB63C082C08374F5120940EAFCEBFDAA07
:105AC00018AB19121FE67401120B4574FC12BDB617
:105AD000121710740B02B309C082C083790702D475
:105AE000FAC082C0839019B4E4F0A3F09019B6F024
:105AF000A3F0901A8C12DB04901A9012DB04901918
:105B0000B802B69EF0A3F0A374FFF0A3E4F02274F1
:105B1000F41203D69019B8E4F0A3F09019B412C4AB
:105B20005F602F901A8C7808120AEE12DC5312096B
:105B300096501F120D808A088B098C0A8D0B12DC7F
:105B400053120996500612DC53120ADF9019B41250
:105B5000BF629019B612C45F9019B8601E12C45F7C
:105B6000601112DC46120AEE9019B612DC561209C8
:105B700096500D9019B612BF62800512C45F602165
:105B8000901A8C7808120AEE9019B812DC56120995
:105B900096500E9019B812B876120B16120D8C8012
:105BA00003120D9202B1CF74F41203D6A2AFE43304
:105BB000FEC2AF9019B812C45F700302DC3E12DC63
:105BC00046120AEE901A8C7808120996500B120CA5
:105BD000129019B812C45F6065120D808A088B0993
:105BE0008C0A8D0B9019B812DC561207F7504F90A3
:105BF00089C47808120AEE9019B812DC5612099678
:105C00005003120C129019B812DC4C12204C85086B
:105C100082850983A3A3A3A3A3A3A3A3E0F9850873
:105C200082850983A3A3A3A3A3A312DE6DEEA2E042
:105C300092AF12054EA2AFE433FEC2AF8093EEA244
:105C4000E092AF02B1CF12C3A178082212B1B5AA77
:105C500008FB229019B412C39A78082274F0120338
:105C6000D68A088B098C0A8D0B7410120B45801C88
:105C70009089C4780C120AEE8E828F83A3A3780CCD
:105C80001209965003120C128E828F8312B22F606B
:105C9000398E828F83A3A37808120A0D9019B81247
:105CA000D2EDEE687002EF6970C69089C4780C126C
:105CB0000AEE8E828F83A3A3780C12099650B18EC0
:105CC000828F83A3A312B19880BE02B1C574F31270
:105CD00003D6A2AFE433F50CC2AF9019B612DD6E55
:105CE0009019B41206BC901A8C7808120AEE780843
:105CF000120A7FAA08AB09AC0AAD0B12202E74025F
:105D0000120872802F901A8C7808120AEE8E828FF9
:105D100083A3A378081209964013901A8C7808126E
:105D20000AEE8E828F83A3A378081209AB8E828F2E
:105D30008312DD6EEE4F70CD901A907808120AEE45
:105D4000901A8C780812096C6015901A90120B2228
:105D5000901A8C120B2E901A8C120B16120D7A12AE
:105D60002022E50CA2E092AF7F050205EDA3E0FE44
:105D7000A3E0FF2274F01203D6A2AFE433FEC2AF59
:105D8000ECF8EDF9880C890D8C828D83800C850EE2
:105D90000C850F0D850E82850F83E0F50EA3E0F5CF
:105DA0000FE50E450F601A850E82850F83A3A37839
:105DB00008120AEE8A828B83A3A3780812099650F0
:105DC000CD850C82850D8312DDF58A828B83E50EED
:105DD000F0A3E50FF08C828D8312D2EDEA68700299
:105DE000EB697003122022EEA2E092AF02B1C5A3CC
:105DF000A3A3A3A3A3EAF0A3EBF02274F41203D6A7
:105E0000EAFEEBFF740C120B45C082C083120D80BA
:105E10008A088B098C0A8D0BD083D0827808120AED
:105E2000208E828F83A3A37808120ADF7CB47D19A9
:105E3000EEFAEFFB12203A02B1CF74F71203D6EA62
:105E4000FEEBFF8C828D83A882A98312DE6DE58232
:105E500045836014EE65827003EF658370E912DE9E
:105E60007512DDF579018002790002C0C512C8B251
:105E70008A828B832212C8B2888289832274F712A5
:105E800003D6EAFEEBFFA2AFE433F508C2AF7CB461
:105E90007D19122046E9700B7CB67D19EEFAEFFBF6
:105EA0001220469019B812D2EDEE687002EF6970B8
:105EB0000312202202B26674F71203D674F3120999
:105EC000408518828519837402F014120B4512E381
:105ED00095120B45AA82AB831217887416120B45D4
:105EE00012DF001217C4E96401700A740B120B452B
:105EF00012DFEA8008740B120B4512DF0B02E6CAB0
:105F000012E051FEE9FFAA18AB192212E6B38E8205
:105F10008F83E8F0A3E9F079C82274F71203D674EE
:105F2000F3120940ECFEEDFF851882851983740297
:105F3000F0EAFCEBFD7403120B45AA82AB83121747
:105F400088AA18AB191217B8E96401700A740B1209
:105F50000B4512DFEA8008740B120B4512DF0B02AF
:105F6000E6CA74F71203D674F1120940AC18AD19E1
:105F70001215E4E9FE70227402120B457402F0124D
:105F8000E6A9740D120B4512E3EE740212093012E9
:105F900017A6E9640160027E01EEF9740F02E6CCF7
:105FA00074F71203D6E9FE90176E12E6BF70327ACC
:105FB0000F7B001210E090176EEAF0A3EB12E0489E
:105FC00060257800790012E0EF74FEF0A30412E37C
:105FD000B3A3A3E4F0A3F008E870010912E03E4087
:105FE000E5EE700312166202E6CFE0F8A3E0F98E48
:105FF000828F83E8F0A3E9F079002274F71203D6C8
:106000008C828D8312E04560307800790012E15473
:10601000FEA3E03FFF8E828F83E06A7003A3E06BF4
:10602000700DEEF8EFF98C828D8312DFF3800C088F
:10603000E870010912E03E40D479C802E6CFC3946B
:1060400003E9940022E4F0A3F090176E12E05149A6
:1060500022E0F8A3E0F9E82274F71203D674FE12E6
:106060000940ECFEEDFF8E828F83E4F0A3F075080B
:10607000C8AC18AD191215E4E97013EEFCEFFD85FC
:10608000188285198312E3AD1215F6E9F508A908FF
:1060900002E39074F71203D674FE120940ECFEED91
:1060A000FFAC18AD191215E4E9703F90176E12E6B7
:1060B000BF60377800790012E0EF12E3558518824F
:1060C000851983E06C7003A3E06D70148E828F835A
:1060D00012E6C4740B120B4512E90B12DFF3800CAD
:1060E00008E870010912E03E40CD79C802E3901241
:1060F000E0F78A828B8322E8FAE9FBEA75F005A4CF
:10610000FAACF075F005EBA42CFB90176EE02AFAC0
:10611000A3E03BFB2274F71203D690176E12E6BF82
:10612000602D7800790012E154F508A3E03F85085E
:1061300082F583E06A7003A3E06B70098C828D8323
:1061400012DFF3800C08E870010912E03E40D779B5
:10615000C802E6CFE8FEE9FFEE75F005A4FE85F083
:106160000875F005EFA42508FF90176EE02E227445
:10617000F01203D674FC120940EAFEEBFF7402121F
:1061800009388E828F8312E3AD121608E9F50A7A78
:10619000187B001210E08A0C8B0DEA450D60417CE3
:1061A000187D00790012103812E361780C1208B0E3
:1061B000750E18750F00780E1208B07C007D0085F2
:1061C0000882898312E3AD12116474041208728587
:1061D0000882850983E4F0A3F0AA0CAB0D1210E647
:1061E0008E828F8374FEF0A30412E35BA3A3A3A3A8
:1061F000E4F0E50A600302E2D97402120B4512E3EF
:10620000ADEAFEEBFFEE75F005A4FEA8F075F00513
:10621000EFA428FF90176E12E6BF603E90176EE065
:106220002EF508A3E03FF50978081208B0750805B7
:1062300075090078081208B0EA75F005A4FAA8F00C
:1062400075F005EBA428FBEA2402FCE43BFD7A4C44
:106250007B001211647404120872A818A919880826
:10626000890978081208B0750802750900780812C3
:1062700008B07C007D007A4C7B0012116A74041215
:106280000872E9705412ECC9E064FE7003A3E0F4F4
:10629000851882851983701512E6BF6014851882EF
:1062A000851983E024FFF0A3E034FF800312EAF5B0
:1062B000F0A818A9198808890978081208B0750883
:1062C0000275090078081208B07C007D007A4C7BCA
:1062D00000121164740412087274041208727F08A8
:1062E0000205ED74F71203D68A828B8312E04560B3
:1062F0005F7C007D00ECF8EDF9E875F005A4F8AEE0
:10630000F075F005E9A42EF990176EE028FEA3E0E1
:1063100039FF8E828F83E064FE7003A3E0F4702364
:10632000EEFCEFFD8A828B83ECF0A3EDF090176E0C
:10633000E028FAA3E0398A82F583A3A3A3A3E4F0BB
:10634000F9800F0CEC70010DC39403ED940040A58F
:1063500079C802E6CFE0FCA3E0FD22F08E828F83B5
:1063600022EE2402F8E43FF9880889092274F71222
:1063700003D674FE120940AC18AD191215FCE9FEE3
:10638000700C85188285198312E3AD12160EEEF992
:10639000740202E6CC12E6C474032212E39F22E0E8
:1063A000F8A3E0F58388822212E39FA3A3E0FAA377
:1063B000E0FB22F08A828B8322D083D08202085AAB
:1063C000C082C0839016CEE06405700C7A807B009A
:1063D0009016CBE0F912109280DF74F71203D612F8
:1063E00015F0121B12121AE202E6CF12E90FE8F0C2
:1063F000A3E9F02274F61203D674F1120940EAFE02
:10640000EBFF7402120B45E4F0EEFCEFFD74051295
:106410000B45AA82AB831211D0121AE8E9702A74D4
:10642000021209301217B8E96401601DA818A919F1
:106430008808890978081208B0EEFCEFFD7A007B25
:10644000001215DE7402120872740F02E6EB74F289
:106450001203D674D8120940EAFEEBFFEE2416F5BB
:106460000AE43FF50BAA0AFB1216A4901A72E06424
:10647000016005E064027020780A1208B07508080F
:1064800075090078081208B07C087D007A117B013C
:106490001211647404120872AA0AAB0B1221428E04
:1064A000828F83A3A3A3A3E0F8EE2406F508E43FBC
:1064B000F509740168600574066870727800E8FA7E
:1064C000EE2AF582E43FF583A3A3A3A3A3A3E07080
:1064D0000708E8C3941040E6741068703190186E95
:1064E000E0704574181209387A627B0012168679BA
:1064F000007418120930121B307900121B367C1000
:106500007D0079007418120930121038801A12E6D2
:1065100098F9AA08AB09121B3090186EE070098E2A
:10652000828F83E0F9121B3612162002E68E740465
:1065300068600302E60C7405120928880C890D783E
:106540000C1208B07402120938AA0AAB0B121AD046
:1065500074021208728A0A8B0BAE0AAF0B8518827E
:10656000851983E0700302E68E7415120B45E07006
:106570000C7417120B45AA82AB83121ACA74151237
:106580000B457401F07416120B45E4F07409120BFC
:106590004512F3B4120B4512EF447417120B45E485
:1065A000F07405120928880A890B780A1208B07558
:1065B0000A13750B00780A1208B07C007D00EEFA11
:1065C000EFFB121164740412087278081208B07C90
:1065D000107D007A027B011211587402120872E9D0
:1065E000702078081208B075081075090078081234
:1065F00008B07C007D007A027B01121164740412E1
:1066000008727A03790112209402E68E740368708E
:106610007D7403120938AA0AAB0B1215E4E9602B4A
:106620007403120928880C890D780C1208B0AC0A82
:10663000AD0B7AFE7BFF1215DE74021208727D002C
:106640007C007900AA0AAB0B12157E74011209387E
:106650007403120B4512E3AD1215F67401120B45CB
:1066600012E6BF701B7401120930121614E9701083
:106670007403120B4512E6AF7401120B4512E3EBE3
:10668000AC08AD09AA0AAB0B12164412165C7428AA
:106690001208727F060205EDEE2405F8E43FF9E8E2
:1066A000FEE9FF8E828F83E022851882851983128E
:1066B000E6B322E0F8A3E0F9228518828519831257
:1066C000E0514922EAF0A3EBF022740D1208727F28
:1066D000010205EDC082C0838A828B83A3A3A3A39A
:1066E000E0F9121B361214BE02E3B91208727F02DF
:1066F0000205ED74EE1203D674F01209408A108B75
:1067000011890AECFEEDFFEE4F700302E7D9EA456E
:1067100011700302E7D9A818A9198808890978080F
:106720001208B075081075090078081208B07C00CE
:106730007D007A017B0112116A7404120872E50A65
:10674000F508851882851983E5822508F50CE4355E
:1067500083F50D750E00780C1208AC7410C3950803
:10676000FC95E0FDEEFAEFFB12102C740312087298
:10677000A818A919880C890D780C1208ACAC0A7DF0
:1067800000C3E49508F895E0F9EE28F8EF39F9E848
:106790002410FAE439FB12102C74031208727C00E6
:1067A000ECFAE5102AF8E43511F9EE2AFAE43FFB99
:1067B00088828983E0FD8A828B83E06DF0888289FC
:1067C00083E0F88A828B83A3A3A3A3A3A3A3A3E05C
:1067D00068F00CECC3940840C7741002F37C74F1A9
:1067E0001203D674FC120940ECFEEDFF740212098C
:1067F000288808890978081208B07402120938122A
:1068000016027402120872E9F508600302E8FF74C8
:1068100002120B45E02401F8A3E03402F985188246
:1068200085198312E90BA3A312E3EE7A187B0012F9
:1068300010E08A0A8B0BEA450B700302E8FF780A26
:106840001208B0750C18750D00780C1208B07C0099
:106850007D007404120B4512E3A812116A7404122D
:1068600008728E0C8F0D750E00780C1208AC7C101F
:106870007D00AA0AAB0B12102C7403120872E50AF1
:10688000241412EF3DE50A241012EF3D780A120895
:10689000B0750C18750D00780C1208B07C007D00E6
:1068A0007404120B4512E3A81211647404120872E6
:1068B0007C187D007900AA0AAB0B121038AA0AAB2B
:1068C0000B1210E685188285198312E39BA3A3128D
:1068D000E6AFE875F009A4F8AAF075F009E9A42A72
:1068E000F9747028F8741739F9E824F7F582E93457
:1068F000ED12EF42E824FBF582E934ED12EF42A9F4
:106900000874041208727F070205ED12E90F22E0F5
:10691000FAA3E0F5838A822274F61203D674F41285
:106920000940EAFEEBFF74041209387A007B007913
:10693000AB121A3A121C928A088B09AC08AD097482
:10694000041209301211CAE9603B7404120938EECE
:10695000FAEFFB12179AE96015AC18AD197404121E
:1069600009301215FCE9700D12E989E07017790001
:10697000740C02E6EB740212093874041209301226
:1069800015E4E970E9790180E78518828519831299
:10699000E39FA3A3A3A32274F71203D674FE1209E4
:1069A00040ECFEEDFFAC18AD191215FCE9F97013BF
:1069B00085188285198312E3A88E828F83EAF0A35B
:1069C000EB80078E828F83E4F0A3F002E39074F6ED
:1069D0001203D674FE120940E4F508F5097808128E
:1069E00008B07C117D007A4C7B00121158740212A1
:1069F0000872E9FE74096E702112EDC31208B075B9
:106A0000080275090078081208B07C007D007A4CF5
:106A10007B0012116474041208727508AA750917B4
:106A200078081208B07C087D007A717B001211583A
:106A30007402120872E94EF9740202E6EB74F41261
:106A400003D674FE12094085188285198312E04529
:106A500060717E007F008E088F09E50875F005A43F
:106A6000F508A8F075F005E509A428F50990176E5A
:106A7000E02508F50AA3E03509F50B780A1208B0FD
:106A8000750A05750B00780A1208B012EDA01211F4
:106A900064740412087290176EE02508F8A3E035BC
:106AA000098882F583E064FE7003A3E0F4600A8540
:106AB000188285198312EAF5F00EEE70010F12EDBF
:106AC000994093A818A9198808890978081208B06C
:106AD00075080275090078081208B07C007D007AFC
:106AE0004C7B001211647404120872740212087252
:106AF0007F040205EDE02401F0A3E034002274EEEF
:106B00001203D674FE120940A818A9198808890929
:106B100078081208B075080275090078081208B0E4
:106B20007C007D007A4C7B0012116A74041208729A
:106B3000E9600302EC9E12E6B9700302EC9E851830
:106B400082851983C3E09404A3E09400400302EC1F
:106B50009E7A187B001210E08A108B11750800EAEB
:106B60002410F50AE43511F50BE50875F005A4FECF
:106B7000AFF090176EE02EF50CA3E03FF50D780C0A
:106B80001208B0750C05750D00780C1208B0E508F8
:106B900075F005A4F8EF12EDB612116A740412082C
:106BA00072E9600302EC8590176EE02EF8A3E03FD7
:106BB000F9E8FAE9FB8A828B83E064FE7003A3E0C4
:106BC000F4700302EC85E5104511700302EC857842
:106BD000101208B0750C18780C1208B07C007D00FB
:106BE0008A828B8312E3AB12116A740412087290CA
:106BF00089D0780C120AEE850A82850B83780C12F4
:106C00000A0D12ECC9A3A3E0FEA3E0FFEEF8EFF932
:106C1000E875F009A4F8AAF075F009E9A42AF97456
:106C20007028FC741739FD850A82850B83120B22AC
:106C3000EC24F7F582ED34EDF583120B2EE51024EC
:106C400014F582E43511F583120B22EC24FBF58256
:106C5000ED34EDF583120B2E78101208B0750C1878
:106C6000750D00780C1208B07C007D00EEFAEFFB89
:106C700012116474041208727C187D007900AA1045
:106C8000AB111210380508E508C39403500302EB5A
:106C900069E51045116007AA10AB111210E67508DE
:106CA000AA75091778081208B075080875090078E0
:106CB000081208B07C007D007A717B0012116A74A2
:106CC00004120872740202F37C90176EE02EF8A38F
:106CD000E03F8882F5832274F41203D674F9120916
:106CE0004012EDC31208B075080275090078081249
:106CF00008B07C007D007A4C7B0012116474041291
:106D000008727C057D007900740212093012103877
:106D10007E007F0074021209288808890978081209
:106D200008B075080575090078081208B012EDA0C2
:106D300012116474041208720EEE70010F12ED99B4
:106D400040D27A187B001210E08A088B09EA4509C4
:106D500060427C187D0079001210387E007F007838
:106D6000081208B0750A18750B00780A1208B07C72
:106D7000007D00EE2401FAEF3402FB12116474046A
:106D80001208720EEE70010F12ED9940D2AA08ABF4
:106D9000091210E6740702EAEDC39403EF9400228F
:106DA000EEF8EFF9E875F005A4F8AAF075F005E93A
:106DB000A42A12EDB622F9E82402FCE439FD7A4C4B
:106DC0007B0022851882851983E4F0A3F0A818A916
:106DD000198808890978082274EC1203D674ED1218
:106DE000094089107C137D007900AA18AB19121094
:106DF000387410120B4574FFF07E007F00EE2411F2
:106E0000F508EF3401F509A818A919880A890B7843
:106E10000A1208B07C137D00AA08AB09121158743D
:106E200002120872E9600302EF1BEEF8EFF9E87551
:106E3000F009A4F8AAF075F009E912F8C62404F5DF
:106E400012E4350BF513E510A818A919880C890D63
:106E5000780C60361208B0750C13750D00780C12A2
:106E600008B07C007D00AA08AB09121164740412FA
:106E70000872850A82850B8312EF4485128285137E
:106E800083F0A3F0A3F0A302EF1A1208B0750C135D
:106E9000750D00780C1208B07C007D00AA08AB09C3
:106EA00012116A74041208729089D4780C120AEED6
:106EB000851882851983780C120A0DA818A91988DB
:106EC0000C890D780C1208B0750C13750D00780C38
:106ED0001208B07C007D00AA08AB0912116474048A
:106EE000120872851882851983120B22850A828501
:106EF0000B83120B2E7404120B45120B2285128287
:106F0000851383120B2E7C137D007900AA18AB1910
:106F10001210387410120B4574FFF00EEE70010F52
:106F200012ED99500302EDFDE51060077A007B0039
:106F3000121ACA74131208727F0C0205EDF582E46E
:106F4000350BF583E412F3AC2274EE1203D674E42D
:106F50001209408A0C8B0DECFEEDFF7508A1851817
:106F600082851983E4F0EE2406F50AE43FF50BAAC6
:106F70000AFB12178EE9700BAC0AAD0BAA0CAB0D15
:106F8000121A467409120928880C890D780C120807
:106F9000B07402120938AA0AAB0B121AD07402128A
:106FA00008728A0A8B0BA80AA90B901A72E0640176
:106FB0006005E06402703F851882851983E07036B1
:106FC0007C087D00790074011209301210387409B0
:106FD000120928880A890B780A1208B0740212096B
:106FE000387403120930121AD074021208728A0A15
:106FF0008B0BA80AA90BEE240FF50AE43FF50B85CD
:107000001882851983E0700302F11C750800EE24D4
:1070100020FAE43FFB7419120B45E0604714600E40
:107020001460642405606024FE601602F138901A32
:1070300072E06401700302F0DFE06402700B02F0A2
:10704000DF901A72E064016005E0640270078A82D2
:107050008B837401F0850A82850B837403F0A3741B
:107060000102F0EA741B120B4512F39D850A82851A
:107070000B8312E3EE8A828B83E4F0EE2421F58207
:10708000E43FF583E48063E875F009A4F8AAF0759D
:10709000F009E9A42AF974F628F510740D39F511F0
:1070A00012F384780C120AEE851082851183780C15
:1070B0001207F750629089A4780C120A208510827A
:1070C000851183E50CF0A3E50DF0A3E50EF0A3E533
:1070D0000FF0901A72E064016005E06402700E85A2
:1070E0000A82850B837402F0A314F0804B74111292
:1070F0000B45A982AA83890C8A0D750E00780C12A3
:1071000008AC7C087D00EE2418FAE43FFB12102C3A
:10711000740312087280217508A2801C901A72E014
:1071200070161220D0E97010850A82850B837403D3
:10713000F0A37401F0750800A908741C02F37C74B4
:10714000EE1203D674DF120940ECFEEDFF7508A1C4
:107150007414120B45E4F07415120B4512E6C4EEDC
:107160002406F50CE43FF50DAA0CFB12178EE9700E
:107170000302F36374011209288808890978081248
:1071800008B07402120938AA0CAB0D121AD074029E
:107190001208728A0A8B0BEE240FF508E43FF509FA
:1071A00074FF650A700474FF650B700302F35112DB
:1071B000F38EAAF075F009E9A42AF9748B28F5106A
:1071C000741739F511851882851983E0700302F26E
:1071D000557411120B45E0602114600E14603024C8
:1071E00005601424FE601002F2E1901A72E064015E
:1071F000602AE06402602502F2D47413120B451277
:10720000F39D850882850983E8F0A3E902F2E09006
:107210001A72E064016005E06402700E85088285E0
:1072200009837402F0A31402F2E07409120B45A959
:1072300082AA8389088A09750A0078081208AC7C3A
:10724000087D00EE2418FAE43FFB12102C740312A0
:10725000087202F2E1750E00780C1208AC7C087D11
:1072600000740C120B45AA82AB8312102C7403120B
:1072700008727411120B4574FFF07412120B4574EE
:1072800001F012104AEA540FC0E07413120B45D0FB
:10729000E0F07401120B4512F3B4120B4512F3A681
:1072A000120928880C890D780C1208B0750C13751A
:1072B0000D00780C1208B07C007D00AA0AAB0B12FE
:1072C000116474041208727C097D007900AA10AB65
:1072D000111210388508828509837403F0A37401A4
:1072E000F0EE240EF582E43FF583E4F0851082850C
:1072F0001183120B2212F384120B2E9089A47808AA
:10730000120AEE8510828511837808120A0D851005
:10731000828511837808120AEE908984780C120A0B
:10732000EE7808790C120367E50C450D450E450F04
:10733000702C851082851183A3A3A3A3A3A3A3A369
:107340007401F07A007B049016CBE0F91210928061
:107350000D8508828509837403F0A37401F0750814
:1073600000801574141209301217B2E96401700814
:1073700074141209301217A6A90874211208727F1A
:107380000A0205EDEE2412F582E43FF58322EA2499
:10739000EFF8EB34FEF9E875F009A4F822E02404D4
:1073A000F8E43401F92212F3AB0422E4F0A3F0A3D1
:1073B000F0A3F02212F3AB74052274F41203D67416
:1073C000CE1209408908C2007C0C7D007900AA1801
:1073D000AB191210381216BCE9F8A2E75002D2001D
:1073E000750900804DEE2475FE50010FA818A919EB
:1073F000880A890B780A1208B07C0C7D00EEFAEF3F
:10740000FB1211587402120872E97024A200502075
:10741000780A1208B0750A0C750B00780A1208B0C9
:107420007C007D00EEFAEFFB121164740412087206
:107430000509AE097F009027AEE493F8EEC39840AB
:10744000A47C087D0079FF7404120B45AA82AB83EB
:10745000121038EE2474FE50010FA818A919880ADA
:10746000890B780A1208B07C0C7D00EEFAEFFB1253
:1074700011587402120872E97024A2005020780A90
:107480001208B0750A0C750B00780A1208B07C005F
:107490007D00EEFAEFFB12116474041208727C1581
:1074A0007D007900741D120930121038741D120904
:1074B00028880A890B780A1208B07C157D007A8228
:1074C0007B001211587402120872E970267401656B
:1074D000087020780A1208B0750A15750B00780A32
:1074E0001208B07C007D007A827B00121164740463
:1074F0001208727C117D007900740C120930121090
:1075000038740C120928880A890B780A1208B07C92
:10751000117D007A3A7B001211587402120872E948
:107520007026740165087020780A1208B0750A1177
:10753000750B00780A1208B07C007D007A3A7B0057
:107540001211647404120872740C120928880A89D2
:107550000B780A1208B07C117D007A3B7B00121177
:10756000587402120872E970267401650870207858
:107570000A1208B0750A11750B00780A1208B07C5F
:10758000007D007A3B7B001211647404120872744F
:107590003202EAED74F11203D68C088D09743A6A4E
:1075A0007001EB6006743B6A4B701578081208B0E6
:1075B00075081075090078081208B07C0102F644BD
:1075C00074036A700374016B7008750C25750D27C0
:1075D000801974686A4B702F901A72E0640160051C
:1075E000E06402706B750C35750D27750E80780C94
:1075F0001208AC7C107D00AA08AB0912102C740391
:107600001208727900804B74026A700374016B6017
:107610002174626A4B601BEA24FCF8EB34FEF9E843
:1076200049600FEA24FFF8EB34FDF9C3E812E03FAC
:10763000501E78081208B0750810750900780812F5
:1076400008B07C007D0012116A7404120872800276
:10765000790A02E90674F41203D674E81209408923
:10766000097C187D007900AA18AB1912103875082A
:1076700000E5082401FEE43402FFA818A919880ACD
:10768000890B780A1208B07C187D00EEFAEFFB1225
:1076900011587402120872E970267401650970208D
:1076A000780A1208B0750A18750B00780A1208B02B
:1076B0007C007D00EEFAEFFB121164740412087274
:1076C0000508EEC3940340A9741802EAED74F7129A
:1076D00003D6E9FE121680EEF912168CEEF9121698
:1076E0006E02E6CF74EE1203D67A187B001210E019
:1076F0008A0E8B0FEA450F700302F7DB75080075E1
:107700000900E50875F009A4F8AAF075F009E50983
:10771000A42AF9747028F50A741739F50BE50A12D2
:10772000F8B4600302F7AEE5082401FEE50934026F
:10773000FF780E1208B07510187511007810120835
:10774000B07C007D00EEFAEFFB12116A740412089F
:1077500072E9705A850A82850B83120B22E50E248A
:1077600010F582E4350FF583120B2E850A82850B06
:1077700083A3A3A3A3120B22E50E2414F582E43500
:107780000FF583120B2E780E1208B0750A18750BC0
:1077900000780A1208B07C007D00EEFAEFFB1211AF
:1077A000647404120872850C82850D83E4F0050868
:1077B000E50870020509C39403E5099400A2D265A7
:1077C000D033500302F7027C187D007900AA0EAB7B
:1077D0000F121038AA0EAB0F1210E602F37F74EEF0
:1077E0001203D67A137B001210E08A0E8B0FEA4543
:1077F0000F700302F8B1750800750900E50875F00F
:1078000009A4F8AAF075F009E50912F8C612F8B44F
:10781000600302F896E5082411FEE5093401FF78BB
:107820000E1208B075101375110078101208B07C94
:10783000007D00EEFAEFFB12116A7404120872E97F
:107840007054850A82850B83120B22850E82850F68
:1078500083120B2E850A82850B83A3A3A3A3120B8D
:1078600022850E82850F83A3A3A3A3120B2E780E6D
:107870001208B0750A13750B00780A1208B07C0064
:107880007D00EEFAEFFB1211647404120872850C8D
:1078900082850D83E4F00508E50870020509C394AC
:1078A00003E5099400500302F7FCAA0EAB0F121077
:1078B000E602F37F2408F50CE4350BF50D850C8208
:1078C000F583E0640122A42AF9748B28F50A741761
:1078D00039F50BE50A2274F61203D674F812094042
:1078E000908932AC18AD1974081207D6EA4B6006BD
:1078F000EAFEEBFF800CA818A91988088909AE08D0
:10790000AF09EEFCEFFD7A007B0079AB121A40EE76
:10791000FCEFFD7AAA7B171211D07508AA7509171A
:1079200078081208B075080875090078081208B0C0
:107930007C007D007A717B0012116474041208725D
:10794000740802E6EB74F61203D674DA1209407C6E
:10795000157D00790074111209301210387411125B
:1079600009288808890978081208B075081575096A
:107970000078081208B07C007D007A827B0012112A
:107980006474041208727C117D007900AA18AB1986
:10799000121038A818A9198808890978081208B09F
:1079A00075081175090078081208B07C007D007A0E
:1079B0003A7B001211647404120872A818A919887D
:1079C00008890978081208B0750811750900780847
:1079D0001208B07C007D007A3B7B001211647404B5
:1079E000120872742602E6EBC082C083906180E4C4
:1079F000F0E04409F0906189E0D2E5F0906182E026
:107A0000D2E0F0E0D2E1F0E0D2E2F09007A274011F
:107A1000F002FD2074E81203D674F61209408A16AB
:107A20008B17ECFEEDFFEA451760188A828B83A363
:107A3000A3A3A3A3A3A3A3E0F8740268600A74033A
:107A400068600579E802FCA1120D56E9F460057939
:107A50001E02FCA1851682851783A3A3A3A3A3A35B
:107A6000A3A3E0F514120D628A088B098C0A8D0B12
:107A7000120D688A108B118C128D1385080C8509E4
:107A80000D850A0E850B0F780C79101209E7740228
:107A90006514751400703B8A0C8B0D8C0E8D0F7461
:107AA000FE5514780C1208F7E50CA2E04019850881
:107AB0000C85090D850A0E850B0FE514780C12084C
:107AC000F7E50CA2E050460514E514C39418503DA8
:107AD00080C5850C08850D09850E0A850F0B75106C
:107AE00003751100751200751300E514C333781087
:107AF00012083578087910120A33E5084509450A55
:107B0000450B60090514E514C3940C40C574186551
:107B1000147069851682851783A3A3A3A3A3A3A3C7
:107B2000A3E06402606FE514F5087509008516820C
:107B3000851783A3A3A3A3A3A3A3A3E06402705AFE
:107B40007406120B45EEF07407120B45EFF0851624
:107B500082851783E0C0E07408120B45D0E0F08501
:107B60001682851783A3E0C0E07409120B45D0E0AC
:107B7000F07904740612093874028026740C6514B6
:107B800070A4851682851783A3A3A3A3A3A3A3A38D
:107B9000E064037091791A02FCA17908AC16AD1764
:107BA000740378081209FA2508FA74613509FB1282
:107BB0000E58851682851783A3A3A3A3A3A3A3A30B
:107BC000E064027903AC18AD19704E7A677B6112DC
:107BD0000E5E7903AA18AB1912103E8A088B098C25
:107BE0000A8D0B750C01750D00750E00750F00E503
:107BF00014780C1208357808790C1209E778081205
:107C000008A874071209301210C27404120872799D
:107C100003E91209387A67806A7A647B61120E5E22
:107C20007903AA18AB1912103E8A088B098C0A8DA9
:107C30000BE514C333FA750C01750D00750E007554
:107C40000F00780C1208357808790C1209E7750CCA
:107C500001750D00750E00750F0074012A780C1265
:107C600008357808790C1209E778081208A8740713
:107C70001209301210C274041208727903E9120951
:107C8000387A647B61120E58851682851783A3A308
:107C9000A3A3A3A3A3A3E0FB7A01A914120D5C790B
:107CA00000740A1208727F100205ED74F71203D6F1
:107CB000EA4B6021EA2408FEE43BFF8E828F83E0DA
:107CC000F87402686005740368700A120D56E9F9C9
:107CD00074FF69700479E8800D8E828F83E0FB7AEF
:107CE00000120D5C79007F010205EDC082C0837433
:107CF00001699007A3700B7401F090618AE0D2E2F1
:107D00008008E4F090618AE0C2E2F080137B6112A7
:107D10000E5E7903AA18AB1912103E740312087292
:107D2000D083D08202085AC082C0839007A3E06447
:107D300001700479FE800279FF80E5C082C08390E3
:107D400007A3E0600479018009906163E0F8744062
:107D500058F980CC74EC1203D674F41209408A826C
:107D60008B83A3A3A3A3A3A3A3A3E064027040EC0B
:107D7000851882851983F07401120B45EDF08A8213
:107D80008B83E0C0E07402120B45D0E0F08A828B56
:107D900083A3E0C0E07403120B45D0E0F0A818A95B
:107DA00019881289137E04751001120D62800C8AE5
:107DB000128B137E08751002120D688A0C8B0D8CC5
:107DC0000E8D0F7F00850C08850D09850E0A850F25
:107DD0000BEF78081208F7E508A2E05053E510F51C
:107DE000F0EF84F50BEEF97404120938E50B89F015
:107DF000A4FAA8F0E428FB74613BFB120E5E740445
:107E000012092888088909750A0078081208ACEE5A
:107E1000FC7D00851282851383A982AA837B0012D0
:107E200010327403120872E964017004A90B800B0C
:107E3000E5102FFFC39418408C79FF740C12087260
:107E40007F0C0205ED74EF1203D6E9FF8A10EBFEFA
:107E5000750C01750D00750E00750F00EFC33378BA
:107E60000C120835750801F509F50AF50BEF7808CD
:107E7000120835046510702D74026E7014120D62B4
:107E80008A0C8B0D8C0E8D0F780C79081209E78007
:107E900030120D688A088B098C0A8D0B7808790CD2
:107EA0001209E7803C74026E7020120D628A0C8BFE
:107EB0000D8C0E8D0F7808120A90780C7908120A32
:107EC00033780C1208A87A83801E120D688A088BFA
:107ED000098C0A8D0B780C120A907808790C120A1A
:107EE0003378081208A87A867B611210C2740412D3
:107EF00008727F090205EDC082C08374FD1209403B
:107F00007903AC18AD197A8302FD0DC082C0837469
:107F1000FD1209407903AC18AD197A8602FD0DC037
:107F200082C083900368E4F053F3FD53FDFD90039A
:107F300069F0A3F090036BF002FFEE74F71203D622
:107F4000E990036CF0900369EAF0A3EBF090036C06
:107F5000E06024538CFE438C0143AB02D2BD758993
:107F6000FD90036BE06401701F7A107B0090036743
:107F7000E0F91211A6801153ABFDC2BD7A107B004F
:107F8000900367E0F912109290036B7401F0FF0206
:107F900005EDC082C083790090036CE07008900307
:107FA00068E06024E4F0A28140027920900369E057
:107FB000FAA3E0FBEA4B60107A00900369E0F8A3B3
:107FC000E0F583888212054E8024C082C083E58953
:107FD000A2E1501A7589FD90899C1206B87A107B2F
:107FE00000900367E0F912119A7404120872D083AA
:057FF000D08202085AD6
:10800000C082C0837900EA1298943BF583C082C095
:10801000839017D412A048D083D082C3E09CA3E001
:108020009D500D12A1E7FAA3E012810560027901CB
:1080300002975974F71203D68908129A2B1283A457
:10804000ACF075F00BE9A42CF99017D6E028FEA34C
:10805000E039FF7401650860067402650870228AC1
:10806000828B83128593740265087020EA2403FAD8
:1080700050010B12178EE970138E828F83E4F0800B
:108080000BEA12865D3B12858A1217888E828F83D7
:10809000E0D2E7F012149402974B74F41203D68ADC
:1080A000088B09EA1284718A828B83E060517E001A
:1080B0007F008046128102703C128505F50AA3E01C
:1080C00039F50B850882850983E0850A82850B8353
:1080D000128A1212852DF012865B3509128447121E
:1080E0001788128468850A82850B83E0D2E7F01234
:1080F00014941285220EEE70010F12845C40B502BA
:1081000089A5EEFAEFFBEA75F00BA4FAA8F075F07A
:108110000BEBA428FB9017D6E02AF8A3E03B88825B
:10812000F583E0540F2274F51203D68A088B097583
:108130000A01740B120B45128527EC4D6016EC12E8
:1081400098943D1297DE1281C1790112176AEE4FA1
:10815000606C801FEE4F603C128EB91281C1128597
:108160008B12178EE964017015AA08AB09121770FB
:10817000E9F50A129DC07902EEFAEFFB8011128434
:108180005212178EE9640170357903AA08AB0912FF
:10819000176A802A8A828B83A3E064FE7003A3E0BF
:1081A000F4700CEA12845412178EE96401700CAA60
:1081B00008AB09121770E9F50A8003750A000288F6
:1081C00012EA12A05535091289982274F71203D6C3
:1081D0009017D41290C2EA4B602FEA75F00BA4FA04
:1081E000A8F075F00BEBA428FBEAFEEBFF1210E001
:1081F0009017D61290C29017D61299676012EEFCB3
:10820000EFFD790012103880079017D6E4F0A3F044
:1082100002974BC082C0839017D612996760169060
:1082200017D612A0411210E69017D4E4F0A3F090F4
:1082300017D6F0A3F0029759C082C083EC4D6005B9
:108240001211D080097C087D007900121038029745
:1082500059C082C0837900EA4B60197800E8FCEAD3
:108260002CF582E4129DEF60047901780808E8C3D8
:10827000940840E9029759C082C0837901EC6A7082
:1082800002ED6B6011EA4B600BEC4D60071211CAF6
:10829000E9F98002790002975974F71203D674F352
:1082A000120940ECFEEDFF851882851983E4F00485
:1082B000120B45EAF0A3EB1290EA1217B274031204
:1082C0000B45AC82AD83EEFAEFFB121788EEFAEFA6
:1082D000FB12178E02974674F71203D674F3120935
:1082E00040ECFEEDFF851882851983E4F0EAFCEB93
:1082F000FD7403120B45AA82AB83121788AA18AB30
:10830000191217B87401120B451297E08E828F83F1
:1083100012996374FE68700374FF696004790180C8
:1083200002790002974674F71203D6EAFEEBFF12B9
:108330001764E9F50874016508701112838FF4FA67
:1083400088828983E05A4480F01214940288F4747D
:10835000F71203D6EAFEEBFF7508008E828F83E0EA
:10836000602A121764E9F50874016508701E12830B
:108370008FFA88828983E05A70128E828F83E0445C
:1083800080FA88828983E04AF01214940288F412F9
:108390009730F81283A4128513F8A3E039F98E827E
:1083A0008F83E022A3E0F9E875F00BA4F82274F4BF
:1083B0001203D68A088B097C007D00EA12845412CD
:1083C0001788E508128471850882850983A3E06413
:1083D000FE7003A3E0F4606C7E007F008061128178
:1083E000026057EEFAEFFBEA75F00BA4FAA8F075FD
:1083F000F00BEBA428FB9017D6E02AF50AA3E03B8C
:10840000F50B85088285098312A040850A82850BB9
:1084100083A3E06A7003A3E06B701F1284481217F5
:108420008EE96401700EE50A12865D350BFD12843B
:10843000521217881284681285220EEE70010F12F4
:10844000845C409A0289A5FDE50A2403FAE4350B11
:10845000FB22E5082403FAE43509FB229017D41225
:108460009DFBC3EE9AEF9B2212847DEEF0A3EFF00A
:108470002212847F74FEF0A304F0790022E5081232
:10848000A0593509F5832274F21203D68A0A8B0BA0
:108490008A828B83129DC4EA129C8A129DC575083C
:1084A00000EA12844A12178EE9640170537E007F3D
:1084B000008048128505FAA3E0398A82F583E054EA
:1084C0000F6033128505F50CA3E039F50DE50C12AC
:1084D000865D350D1284471211CAE9640170178553
:1084E0000C82850D8312852D129C87EEF0A3EFF090
:1084F0007508011285240EEE70010F12871840B323
:10850000A908029172EEF8EFF912850D22E875F0D4
:108510000BA4F8AAF075F00BE9A42AF99017D6E09D
:10852000282279019017D4E0FEA3E0FF22A3128E47
:10853000C8850A82850B83A3E8F0A3E92274F512AB
:1085400003D6EAFEEBFF129DC07C007D0012858BF6
:10855000121788EEFAEFFB121764E9F50A74016549
:108560000A7024128EB91286AE850882F5831285B0
:108570009312845212178EE96401700B12865B35D8
:108580000912858A121788028812FDEE2403FAE484
:108590003FFB22A3129DE012899A2274F21203D6A5
:1085A00074E6120940EAFEEBFF1288F9129DC575C8
:1085B0000801750A00750B00750C00750D00851813
:1085C00082851983E4F0EE12865D3FFD7403120B81
:1085D00045AA82AB83121788AA18AB191217B8E9FB
:1085E00064017022740B120B4512A1D81289907489
:1085F00001120B45129DDA7003A3E0696049A818C7
:10860000A919880A890B740D120B45128655129709
:10861000E0740E120B45129963740D120930121793
:10862000B2E964017009740D120928880C890D786B
:108630000C1208B0AC0AAD0BEEFAEFFB1217767411
:1086400002120872E9F508EEFAEFFB1217ACA9085E
:10865000741A02916FE412935FA322E5082403FCCD
:10866000E42274F61203D67E007F008039EEF8EF24
:10867000F91286AE78081208B075080B75090078F3
:10868000081208B0EEFCEFFDEC75F00BA4FC75F0E1
:108690000BEDA42AFD7A237B0012116A74041208E0
:1086A000720EEE70010F12871840C202880D1285FB
:1086B0000DF508A3E039F5092274F61203D67E0001
:1086C0007F00804C128505F8A3E039F98882898300
:1086D000E0A2E75036C2E7F0858208858309780872
:1086E0001208B075080B75090078081208B0EEFC86
:1086F000EFFDEC75F00BA4FC75F00BEDA42AFD7AF0
:10870000237B0012116474041208720EEE70010FC4
:1087100012871840AF02880D9017D4128EC8C3EE8E
:1087200098EF992274F61203D6E4F508F509780853
:108730001208B09017D412887875F00BA4FCA8F03A
:1087400075F00BEDA428FD7A237B001211587402FA
:10875000120872E9FE74096E70031217DCEEF9025A
:10876000880D74F61203D674FF1209407E007F0054
:10877000803C851882851983E412886C1208B075D4
:10878000080175090078081208B0EEFCEFFDEC75E1
:10879000F00BA4FCA8F075F00BEDA428FD7A237B68
:1087A0000012116474041208720EEE70010F128729
:1087B0001840BF740102880A74F71203D6E9FCEA74
:1087C000FD7B007A008010EA1288679C4008E0F880
:1087D000EDC39840010B0A129FF240EBEBFA7B00CD
:1087E00002974B75F01CA4F8A9F0744128F5827427
:1087F0000839F583E022F090185212A242AA08AB81
:108800000922128EC88A828B83221208727F02028A
:1088100005EDA90A7F030205ED128656A3229027D3
:10882000B2E493F8ECC39822E0F50AA3E0F50B223A
:10883000C082C0837C008009EA24FF1AEB34FFFB6E
:108840000C12881E5011EC128867940550F2EA4B06
:1088500070E612885E80047A007B00029759743DAE
:1088600028FA740839FB221287E3C322F0A818A95A
:10887000198808890978082212A242EC22E50A2404
:1088800002FCE4350BFD2202085A74F71203D6EA03
:10889000FEEBFF901854E06408601AE06404601571
:1088A0008E828F83E054036401703F1288F9129D19
:1088B00005640670358E828F83A3A3E064FE700387
:1088C000A3E0F460258E828F83A3A312A04C7003D3
:1088D000A3E0697008EE2415129DB86005121C62B1
:1088E0008003121C68E9F50880037508C2EEFAEFF0
:1088F000FB1210E6A90802974B1288FD221289018B
:1089000022EE240BF582E43FF5832274F41203D6A1
:108910008A088B0912A1D4FAE82AFAE43400FB127F
:1089200010E08A0A8B0BAE0AAF0BEE4F605C850835
:1089300082850983E0FC7D0079001210388E828FD9
:1089400083A3129DC4121C988E828F83A3A31290BE
:10895000C0850882850983E0F8EE28F8E43F128993
:1089600090850882850983A3E0C0E0129FE8D0E0EB
:10897000F0121CAAEE240EF582E43FF583E912A161
:10898000DDE0C0E0128E88D0E0F0EEFAEFFB80155B
:10899000F9128EC012899822F583E8F0A3E9F0223B
:1089A00074181208727F040205ED74F41203D67471
:1089B000E81209408A088B098C0A8D0BE9FE901891
:1089C00054E064046005E06408700479C28041A347
:1089D0007808120ADFEE90185B128A1A1210388596
:1089E00018828519837808120ADF7405120B45EE88
:1089F000F07404120B457401F07407120B45E4F097
:108A00009018547402F09017BEE41290EA1216E621
:108A1000808EF085088285098322F07C187D00799C
:108A200000AA18AB1922C082C0839017D812996788
:108A300060109017D812A0411210E69017D8E4F0F9
:108A4000A3F0121BE402975974F01203D674E812D3
:108A500009408A0A8B0B8C088D09890C7E007F00E7
:108A6000742F120B45E060267430120B451297E00C
:108A7000800B12104A8A0E8B0FA80EA90FC3E89420
:108A8000F8E994FF50ECE84960E8E8FEE9FF742C4F
:108A9000120B45E0FC742D120B45E0FD740F6C7059
:108AA00005740F6D6012901A59E064026005ECC302
:108AB0009D500579C1028BA67428120B45120B221A
:108AC000901855120B2EE50C90185BF0EC9018598D
:108AD000F0EDA3F0742E120B45E090185CF074FFDB
:108AE000650A700474FF650B7024901A70E0F470CE
:108AF00003A3E0F4700C12104A901852EAF0A3EBB2
:108B00008015901A7012A20FE8F0A3E9800990185E
:108B100052E50AF0A3E50BF0E50845096017AA083D
:108B2000AB09121DA0E96401700BAC08AD097A66AF
:108B30007B181211D07A667B18121DA0E970097A91
:108B4000667B1879E21216D4901845EEF0A3EFF088
:108B5000901848E4F0A3F0901865F0901A59E0647A
:108B6000027008901859740FF0A3F090185474050F
:108B7000128A1A1210387404120B45E4F09018553A
:108B8000120B22851882851983120B2E90185BE038
:108B9000C0E07405120B45D0E0F07407120B45E4F9
:108BA0001290EA1216E67418029D0AC082C08390E1
:108BB00018547401F002975974F01203D674E3123A
:108BC00009407401120B451290C2A3ECF0A3EDF022
:108BD000E9FF7E00750C018E0D8E0E8E0F901854DD
:108BE0007401F07C187D00790074051209301210B0
:108BF000387401120B45120B227405120B45120B2F
:108C00002E740A120B45EFF07409120B457403F031
:108C1000740C120B45E4F07401120B45850C0885A9
:108C20000D09850E0A850F0B7808120A6CE50845B8
:108C300009450A450B60010E7401780C12083512C3
:108C4000A1F470D3AA18AB19795A1216D4851882D8
:108C5000851983E0F508E4F509F50AF50B8E0CF5A6
:108C60000DF50EF50F7808790C1202E790899478CB
:108C70000C120AEE7808790C1202E79089AC780C95
:108C8000120AEE7808790C120367128EA47A007B20
:108C90000490189FE0F91211A678081208A87A002B
:108CA0007B0490189FE0F912119A740412087274F0
:108CB000051209301216E6741D029D0A74F712039C
:108CC000D67C0112182A02974B74F71203D67C0047
:108CD00080F174F21203D674FD120940EAFEEBFF34
:108CE000890C8C0D12A045121BD28A088B09EA450B
:108CF00009700579CA028E838A828B83A3A3A3A3FA
:108D0000A3A3A3E064FE7003A3E0F4700579C3029B
:108D10008E83121C988A0A8B0BA80AA90B850882DD
:108D2000850983A3A3A3A3A3A3A3E0687003A3E07F
:108D300069700579C2028E839018521297E08508F7
:108D400082850983E0687003A3E069600985088271
:108D5000850983128FE090185212A041121D708570
:108D60000882850983A3A3A3A3A3A3A3A3A3A3E02A
:108D700004901865128FBC1211D07401120B457447
:108D8000021290EA121D048A0A8B0BAE0AAF0BEE98
:108D90004F7003028E7A128EB9888289837406F02E
:108DA00090183FE088828983A3F0EE2417128E92F8
:108DB000F0121C92EE241AF582E43FF5831290C261
:108DC000EE2413128E9212970D7440F0A3E4128ECB
:108DD0009B128EB1128E88E50DF0EEFAEFFB1217A2
:108DE000F4E9FE6003028E7C9018547409128E9B85
:108DF000128FD6901847E0650C6003E50CF07A48B6
:108E00007B18794B1216DA7A527B1879501216DADF
:108E10007A477B1879E11216DA7A457B1879531272
:108E200016DA128EA4901A4412A041121CC212A388
:108E3000F4E4F50AF50B78081208A87A017B009093
:108E4000189FE0F91211A074041208727A007B04D2
:108E500090189FE0F91211A612A3F4740278081278
:108E6000083578081208A87A007B0490189FE0F96A
:108E700012119A740412087280027E109016ABE4EC
:108E8000F0EEF9740302916FEE2411F582E43FF5E0
:108E90008322F582E43FF58374012212A1E1A3A3AA
:108EA000A3A3A322901A42128EC89017DA12899AAD
:108EB0002212A02312899A22F0128EC0128EC6228C
:108EC000EE12A0593F22F58312A1D8F92274F612AE
:108ED00003D674E5120940128FC68908901854E031
:108EE00064046005E06408700579C2028FB77426D7
:108EF000120B45E064FE7003A3E0F4700579C30231
:108F00008FB77C197D007900740212093012103875
:108F100090185474031290EA79501216DA742612DB
:108F20000930794B1216DA851882851983128FE081
:108F3000E508901847F07426120B45128FD6742559
:108F4000120B45E0F50990183F128FBC1211D07436
:108F5000CE55094480C0E0741A120B45D0E0F0747D
:108F600017120B457402F07426120B451297E07429
:108F70000F120B4512A06A1297E07418120B4512DB
:108F80009963740D120B45E508F0740A120B45E461
:108F9000F090185A740FF07A5A7B1879541216DA36
:108FA000901859740FF07A597B1879471216DA74B1
:108FB000021209301216E0741B02880AF0EEFCEF70
:108FC000FD7A667B1822851882851983ECF0A3ED63
:108FD000F0EAFEEBFF22128EC890184812899A22FE
:108FE00012A21312899A2274F71203D674F8120986
:108FF000407E008A828B83A3A3A3E0C0E0740412A6
:109000000B45D0E012A028A3A3E0C0E07406120B29
:1090100045D0E0F07407120B45740112A028129994
:1090200067600D8A828B8312A04112178EE970242B
:109030007405120B45E4F0121C927402120B45EAFF
:10904000F0A3EB12A06E74FDF0A374FF1290EA126D
:109050001CECE9FEEEF9740802974874F71203D687
:1090600074F8120940EAFEEBFF7900901854E064AE
:10907000086005E06404704685188285198374FDD4
:10908000F0A374FFF0121C927402120B451290C2EE
:109090007405120B45128655E0C0E07404120B45AE
:1090A000D0E012935FE0C0E07406120B45D0E0F010
:1090B0007407120B45E41290EA121CECE9F9809651
:1090C000A3A3EAF0A3EBF02274F71203D6790112FE
:1090D00016CEE9FE121782121C50121BE490189F44
:1090E000E0F9121B7EEEF902974BF0AA18AB192299
:1090F00074F21203D6ECFEEDFF750800E9247960E6
:109100002224FC605924F3600F24FC601014604E8C
:10911000147043901854804E9018428049121D5884
:10912000EA80447508C1121D648A0C8B0DA80CA935
:109130000DE849603788088909750A00780812081F
:10914000AC7C177D00EEFAEFFB12102C74031208B2
:10915000727508008016747F29C3945840057508FD
:10916000C98009129177E08E828F83F00285001208
:1091700008727F060205ED74B029F582E43417F514
:10918000832274F51203D68A088B098A828B831294
:109190008527EE4F70030293359017F71299676099
:1091A000178A828B83A3A3E0F9EEFAEFFB9017F8FE
:1091B000E0F583888212054E8E828F83A3A3A3A33A
:1091C000A3A3A3A3A3E06402600302929F8E828FF5
:1091D00083A3A3A3A3A3A3E0540270030292C385B5
:1091E0000882850983A3A3E064E970030292C38522
:1091F0000882850983A3A3E064CD70030292C3852E
:109200000882850983A3A3E064F070030292C3EE91
:10921000240D1296EF6028EE2413129DB860208E64
:10922000828F83A3A3A3A3A3A3A3A3A3A312935552
:10923000121D10E9701D7A307B011214E280149027
:109240001A60E0048E828F83A3A3A3A3A3A3A3A386
:10925000A3A3F0850882850983A3A3E0701F750A84
:109260000080097A367B011214E2050A850882859E
:109270000983A3A3A3E0F8E50AC39840E6EE240A15
:10928000129DB814F0C0E0129338D0E01297187411
:1092900004F0901A6112A01DE81293471210928EEA
:1092A000828F83A3A3A3A3A3A3A3A3A3E0640260C9
:1092B000128E828F83A3A3A3A3A3A3A3A3A3E0647B
:1092C0000670728E828F83A3A3A3A3A3A3E0A2E060
:1092D0005063850882850983A3A3E0F9EEFAEFFBCA
:1092E000121AEE8E828F83A3A3A3A3A3A3E054FE3E
:1092F000129355121D10E9850882850983A3A37076
:109300002AE070237A2F7B011214E27E0085088206
:10931000850983A3A3A3E0F8EEC39850187A367B9F
:10932000011214E20E80E67A318005E070077A2D92
:109330007B011214E2028814EE1293413FF583225E
:10934000EA2413F582E422F0A3E9F07A207B00906E
:10935000189FE0F92212935F12A23A129DFB22F0AD
:109360008E828F832274F01203D674BB12094012CE
:109370008FC6750E00750F007402120938121A0A92
:10938000740F120B45E070087412120B45E0601761
:109390007402120B45E0A2E650128E828F8312A057
:1093A00038121D10E960057A350294C87402120B58
:1093B00045E0540C64047004D2008002C200E0A2B4
:1093C000E5503C750F01A2004035121C98129723FE
:1093D0007003A3E06970051296EC706E121C98126F
:1093E00097237003A3E06960161296EC7011129730
:1093F000357402120938121AC4E960030294C612C5
:1094000096EC702A7402120B45E0A2E65020740319
:10941000120B45E0540370167402120B45E0540C15
:10942000640C600AE0540C64086003750E01740259
:10943000120B45E05403F87402687022740212099A
:1094400038129735121A1C0296DB8E828F8312A077
:1094500038128EB97417120B4512996380937401F8
:10946000687048E50EA2E050101296EC700B740282
:10947000120938129735121A107402120928741C36
:10948000120B45E8F0A3E9128EB87419120B45E8E7
:10949000F0A3E9129704C0E0741B120B45D0E0F072
:1094A00074191209301219380296DBE8600302962B
:1094B000DB90183CE0640170178E828F83A3A3A316
:1094C000A3A3A3E0700A7A347B011214E20296DBB4
:1094D0007444120B457402128EB8743C120B451280
:1094E00096F9F583E0548070030295ED7426120B13
:1094F0004574021297181297E0741E120B451299C8
:10950000637405120B45E0C0E07427120B45D0E0F0
:10951000F07404120B45E0C0E07428120B45D0E053
:10952000F09018521297E07429120B451299637447
:1095300008120B451297E0742B120B4512996374B5
:109540000A120B451297E0742D120B4512996374A1
:1095500012120B45E0F8742F120B45E8F0A3E4F06B
:109560007410120B451297E07431120B451296F9E4
:109570001297DE7433120B45129709E0C0E0743580
:10958000120B45D0E0128819A3A3E0C0E074361294
:109590000B45D0E0F0129DB5C0E07437120B45D0FA
:1095A000E0F07413120B45E0C0E07438120B45D0A4
:1095B000E0F07415120B45E0C0E07439120B45D091
:1095C000E0F0EE2423129DB8C0E0743A120B45D0AF
:1095D000E0F0EE2425129DB8C0E0743B120B45D09C
:1095E000E0F0741E120930121A220296DB74551232
:1095F0000B457808120AEEA200400302968CEE2476
:109600000F129DB8C0E07414120B45D0E0F0901713
:10961000F912996770030296DB121C988A0C8B0D65
:10962000A80CA90D743C120B45E0687003A3E06917
:1096300060030296DBEE24231296E01208B4EE24B7
:1096400021F582E43FF5831206BC78081208A8E5EC
:109650000FF50878081208B48E828F83A3A3A3A302
:10966000E0F50878081208B47409120B451206BC1C
:10967000A90E740D12093874471209309017F912A7
:1096800097E412054E740B120872804FE50EA2E0AB
:10969000500B7402120938129735121A10EE241169
:1096A0001296E01208B478081208A8E50FF50878B9
:1096B000081208B47406120B451206BC9018521218
:1096C00006BCEE2412129DB8F97446120938740CC7
:1096D000120930121AFA740A1208727445029D0AAD
:1096E000F582E43FF583E0F50C780C22EE2421F5B9
:1096F00082E43FF583E054802212899AEE2421F51A
:1097000082E43F22129DCCE022E8F0A3E9F0EE24AF
:109710000FF582E43FF5832212971C22129DD0A3FD
:10972000A3A3228A088B09A808A9091297306822E6
:10973000128901E022128EC0129DF92274F71203E1
:10974000D61214648005740D1208727F010205EDB3
:10975000C082C08312146A8000D083D08202085A6B
:1097600074F71203D612147080E1C082C083121401
:109770007680E6C082C08312147C80DD74F7120309
:10978000D612148280C574F71203D6E9FE90183FF2
:10979000E0A2E34018901803120B22E8494A4B60FC
:1097A0000C7A087B009017E6E0F9121092EEF9129D
:1097B000148802974B74F71203D6EAFEEBFF890870
:1097C00074016508701479001218EA9027A6E493D2
:1097D000FC7900EEFAEFFB1218CC02974B39F583B7
:1097E000128EC82212A23A2274F71203D612148ED5
:1097F00002974B74F71203D6901A7DE0F978008037
:109800000B129A76540D640170011908129A8F5048
:1098100003E970ED02974B74F71203D6901A7EE0BD
:10982000F97800800B129A76548D648170011908C2
:10983000129A8F5003E970ED02974B74F21203D61F
:10984000890AE975F007A4A9F0240FFEE439FFEEB8
:109850002AFAE43FFB1210E08A088B09EA45096006
:109860002CEEFCEFFD7900121038E50812989412E6
:109870009AB2E50AF0E5082EF8E5093FF985088275
:10988000850983A3A3A3A3A3A3A3129961AA08ABE9
:109890000902917212A0552274F61203D68A088B1F
:1098A000091218A8E9F8901A7CE0F9E8C399400970
:1098B0009017E212A0411218AEE5082402FEE4352A
:1098C00009FF9017E412A05FF09017E4E004F0AAFB
:1098D00008AB091218B48E828F83E002875EC082C3
:1098E000C08379009017E280010912A0418A828B1F
:1098F00083E582458370F202975974F71203D6EA22
:10990000FEEBFFEE4F60579017E2129967604F88A9
:109910008289837A007B00EE65827003EF65836045
:109920000FAA82AB83129C7AE5824583603080E780
:109930009017E21297E0EE687002EF698E828F83D3
:1099400070081297E09017E2800312880212996360
:10995000EEFAEFFB121968EEFAEFFB1210E602972F
:109960004BA3A312899A22128EC8E84922C082C052
:10997000839017E2800488828983129967600A883D
:109980008289831288784D70ED8A828B83E4F0A3FC
:10999000F0E84960068882898380039017E212907C
:1099A000C202975974F71203D6E9FD9017E28004BA
:1099B0008A828B831299DD601D7C0080010C129AD3
:1099C0002BECC39850EAEC75F007A4F8A9F0129AB2
:1099D000226D70E980047A007B0002974B129DFB98
:1099E000EA4B2274F71203D6E9FE7D0080010D12C6
:1099F0009A2BEDC3985024ED75F007A4F8AFF0EF63
:109A0000F9129A226E70E7ED75F007A4F8129AA188
:109A10004CF0E8240FFAE439FB80047A007B000262
:109A2000974B129A992413129AAA2212A1EBF822A8
:109A300074F61203D6E9FEEAFF1218BA8A088B09F7
:109A4000A808A909E849602B7C00801AEC75F0078A
:109A5000A4FAABF0E82AFAE93BFB129340129DEF1F
:109A60006E7002EFF00CE812989412A0C5FAECC3E5
:109A70009A40D902880DE875F007A4FCADF0EA2CF5
:109A8000FCEB3DFDEC2414F582E43DF583E022126D
:109A9000A1EBFCE8C39C22EFF9EA28F8EB39F9E8DE
:109AA00022129A972414129AAA22F582E439F58395
:109AB000E0221284822274F11203D674F512094056
:109AC000EAFEEBFF89088C09E9A2E050127EFC7FD8
:109AD000FFA2E15005D2E4029B73D2E3029B731212
:109AE000190E8A0A8B0BA80AA90B901845E068701A
:109AF00003A3E069600EAC087902EEFAEFFB1219DD
:109B000008E970057900029C5AE508F50A780A12FE
:109B100008B479027CFE7DFFEEFAEFFB1218DE74CA
:109B200001120872E96003029C58E508C2E5F508D5
:109B3000A2E640417403120938EEFAEFFB12179ABD
:109B4000E9702C12A045EEFAEFFB121D4C8A0A8B2D
:109B50000BEA450B601FEA2402FAE4350BFB1217EF
:109B60008EE9601112887D74031209301211D0E55C
:109B700008D2E5F5089017E5E0F50E901845128833
:109B800028780A1208B07D017C009017E5E0F9AA58
:109B90000AAB0B1218F07402120872E9F89017E57C
:109BA000E004F0E86003029C58E508A2E550047464
:109BB0000E80027406C0E07401120B45D0E01290D2
:109BC000EA121D048A0A8B0BEA450B7003029C54AF
:109BD000EA241712A1C27401F0121C92E50A241A99
:109BE00012A1C2EAF0A3EB129C87129C7A7401F0D6
:109BF0007478550812A52AA3A3E50EF0EE88828991
:109C000083A3A3A3F0EF129C5FE4F0E508A2E55064
:109C10000F7403120938E82406FAE439FB1211D054
:109C2000850A82850B83A3A374FDF0A374FFF0E57E
:109C30000960169027B3E493F8E509C398500AE544
:109C40000A241312A1C2E509F0AA0AAB0B1217F4F9
:109C5000E9F980067910800279C7740B029CF788B5
:109C6000828983A3A3A3A3129C6B22129C6F22F070
:109C700088828983A3A3A3A3A322129C7E2212A17C
:109C8000D8F98882898322F0E50A12A055350BF5B0
:109C9000832274F41203D67A007B1090189FE0F9A7
:109CA0001211ACEA4B4C4D60089018B17401F08071
:109CB000439017BCE06401901A5A7006E0FC7901E9
:109CC0008004E0FC79037A007B001218CC90279E78
:109CD000E493F508740193F509E4F50AF50B7808A7
:109CE0001208A87A007B1090189FE0F912119A745C
:109CF000041208720289A51208727F070205ED128C
:109D0000A031A3A32212A23AE0221208727F080215
:109D100005ED9027ACE493F8E9C3982274F412039C
:109D2000D68A088B09ECFEEDFF750A01901845E014
:109D300065087004A3E065096013750A00780A12CB
:109D400008B4121D2E7401120872E9F50A7900AAEE
:109D500008AB0912190E8A088B09A808A9099018DE
:109D600045E0687003A3E06970467900EEFAEFFB06
:109D7000121902EA4B60308A828B83A3A3A3A3A3A8
:109D8000A3E0541860217508FE7509FF78081208D1
:109D9000B08A828B83A3A31206BC12A424121914C6
:109DA000740412087280097901EEFAEFFB1218842C
:109DB000A90A0289A5EE2411F582E43FF583E02289
:109DC0008E828F83A374FEF0A304F022129DD02212
:109DD00012935FA3A3A3A3A3A322129DE0E0682292
:109DE000129DE422E0F8A3E0F98E828F83A3223B48
:109DF000F583E0223B129DF922F583E0FAA3E0FB14
:109E00002274F21203D6EAFEEBFF8C088D09890B4F
:109E100074FC6E700374FF6F7003029FE37900128D
:109E2000190E8A0C8B0DAE0CAF0D740E120B45E0A3
:109E3000F50A901845E06E7003A3E06F7009E50A1B
:109E4000A2E64003029FE3A90A1219028A0C8B0DB5
:109E5000A80CA90DE849704579007AFE7BFF12191C
:109E6000028A0C8B0DA80CA90DE8497030741855A6
:109E70000A7003029F137A0080010A9027AD129F97
:109E8000F54003029F13EA75F007A4F8A9F012A3A6
:109E900044541870E574E528F8740A39F988828901
:109EA00083EEF0A3EFF074FE6508700474FF65099B
:109EB000600988828983A3A3129FFC88828983A377
:109EC000A3A3A3A3A3E50AF0A2E0500D888289838F
:109ED000A3A3A3A3A3A3D2E2F07401650B88828994
:109EE00083A3A3A3A3A37036740112A014E0541893
:109EF00060269027A0E49388828983A3A3A3A3125A
:109F000087F6121D768B0DEA450D6003029FE37DF7
:109F10000080367902029FE5901844E080D9E06421
:109F2000017003029FE388828983A3A3A3A3A3A351
:109F3000E0541860079027A0E4938004901843E051
:109F4000129C5FE50B029FE20D9027AAE493F8EDC7
:109F5000C3984003029FE37C00802DEC75F007A4BA
:109F6000F8A9F074E728F582740A1297DDED75F010
:109F700017A4FAABF074892AF582740A129DEF686F
:109F80007003A3E06960C10C9027AD12882140CB1B
:109F9000E4936C70B3ED75F017A4F8A9F0748928F8
:109FA000FE740A39FF7C177D007900EEFAEFFB1290
:109FB00010388E828F83129FFC90185212A01DA31E
:109FC000A3A3A3A3A312970974AAF0EE240E128EE2
:109FD0009212A0045001097A027B00120286129F9D
:109FE000E8E8F07900029172EE240DF582E43FF585
:109FF00083229027B2E493F8EAC39822E508F0A3FD
:10A00000E509F022F012A009229027A7E493790035
:10A010002401F82212A01822129C6FA32212A0235E
:10A02000A3A322129DE4A322F08A828B8322F0A3B1
:10A0300004F088828983A322A3A3A3A3A3A3A3A339
:10A04000A3129DFB2290185212A24222128EC89097
:10A050001845E0682212A05922240BF582E422E080
:10A060008E828F8322128482E022E8F0A3E9F085B9
:10A0700018828519832274F31203D689088A09ECA1
:10A08000FEEDFF9027A9129D155033750C0080023C
:10A09000050CE50CC39508501B121C98A80CE82869
:10A0A000F8E433F9EE28F582EF12A0C56A7003A335
:10A0B000E06B70DCE509650C7004790180027900C1
:10A0C0007F050205ED129AAD2274F61203D6E9FE61
:10A0D000790012190EEEF91219028A088B09A808E4
:10A0E000A909E849600612A531F9800279040288BD
:10A0F0000D74F01203D68A0C8B0DE9FE8C08EDFF6F
:10A100001218FCE9F97410120B45E0F50EA3E0F506
:10A110000F129D125043E9F50A750B007403780A7B
:10A120001209FA741B250AF582740C12A1C5E0F815
:10A13000E508C398501FEF6074E9F50A750B0074C9
:10A1400003780A1209FA12A1B2A3A3A3A3A3E508F4
:10A1500012A1CA80577903805679007AFE7BFF12DC
:10A1600018FCE9F99027ACE4936970047902803F08
:10A17000EF603AE9F50A750B007403780A1209FAE0
:10A1800012A1B2E50CF0A3E50D12A1CA12A014E5CC
:10A1900008129C6774FFF0EE88828983F090184360
:10A1A000E088828983A3A3A3A3A3A3A3F0790002D9
:10A1B0009D0D7415250AF8740C350BF98882898376
:10A1C000A322F582E4350BF58322129CFFE50EF005
:10A1D000A3E50F228A828B83E0F8A3E02212A1E19B
:10A1E00022128A12A3A32212A1EB22EA12A0593B47
:10A1F000F583E022E50C450D450E450F22E8FA12E5
:10A20000A204E02274552AF582E4340CF58322126C
:10A21000A2132212A1D8F990185222C082C08378CA
:10A22000008001089027A2E493FAE8C39A5008122C
:10A23000A1FD6970EEE4F002975912A1D8F5838868
:10A240008222E0FCA3E0FD2274F61203D6E9FC7939
:10A2500000800109129D125039E9F5087509007452
:10A260000378081209FA741612A295740C12A065EC
:10A270006A7003A3E06B70DBE9F5087509007403ED
:10A2800078081209FA741512A295740C12A0656C64
:10A2900070C102880D2508F5822274F71203D68951
:10A2A000085308407E00802EEE75F007A4F8A9F050
:10A2B00074E528F582740A12A0C56A7003A3E06BE6
:10A2C000701374FE6A700374FF6B605812A34454D9
:10A2D000406508604F0E9027AD12A33D40CAE4933D
:10A2E0006E705374FE6A700374FF6B70497E008059
:10A2F000010E9027AD12A33D503CEE75F007A4F877
:10A30000A9F074E928F582740A12A0C570E3A908BF
:10A31000EE75F007A4ABF074E528F582740A129D7F
:10A32000F41218EAEE75F007A4F8A9F074E528FA1B
:10A33000740A39FB80047A007B0002974BE493F89F
:10A34000EEC3982274EB28F582740A129AAD227437
:10A35000F41203D6EAFEEBFF890B8C0A7401650B3D
:10A36000700C9027A4E493F9121920E97073790016
:10A37000EEFAEFFB12190EA90A1219028A088B09CC
:10A38000A808A9097401650B6014E8496061888216
:10A390008983A3A3A3A3A3E0650B70538043E8497B
:10A3A000601988828983A3A3A3A3A3E06401700B2F
:10A3B00088828983A3A312A3F7800AE50AA2E64054
:10A3C0002E8E088F0974FE6508700474FF6509609D
:10A3D0001E9027A4E493F9AA08AB09121920E9609A
:10A3E000047900800CEE65087003EF650970D2797E
:10A3F000010289A5901A44E0F508A3E0F50922744A
:10A40000F61203D6E9A2E6501879FF1219CE8B098D
:10A41000EA4509600890184512A04180047AFE7B45
:10A42000FF02880D790090184512A2428A828B8320
:10A43000129DFB2274F11203D6EAFEEBFF8C088D0D
:10A4400009E9600C750A00780A1208B4790B806F6C
:10A450007900AA08AB091219028A0A8B0BEA450B8C
:10A4600060658A828B83A3A3A3A3A3A3E0A2E05089
:10A47000568E0C8F0D780C1208B07411120B451209
:10A48000A0487413120B4512A041121D82740212CF
:10A4900008728A0C8B0DA80CA90D74FE68700374E9
:10A4A000FF696023850A82850B83129961750A0012
:10A4B000780A1208B4790CEEFCEFFDAA08AB091279
:10A4C0001D2E7401120872029CFAC082C08378E5C6
:10A4D000790A7C00804688828983A3A3A3A3A3A3CF
:10A4E000E0A2E0402F88828983A3A3E06A7003A3DF
:10A4F000E06B702088828983A3A3A3A3A3E06401F7
:10A50000701288828983A3A3A3A3A3740312A52B2B
:10A51000A3129DC40CE82407F85001099027ADE46C
:10A5200093FDECC39D40AF029759A3F088828983C5
:10A53000228882898374FE12A5491412A549A3A317
:10A54000E4129C6B12A018F02212A02EA32274F425
:10A550001203D6890812A045121D768A0A8B0BAE0B
:10A560000AAF0BEE4F603E8E828F83A3A3E0F912F9
:10A570001D8EE9F98E828F83A3E06029E960269021
:10A58000183EE06401700D8E828F83A3E0C3995062
:10A5900003E980068E828F83A3E0F8E508C3984024
:10A5A000047901800279000289A574F71203D6E9C3
:10A5B0009016CBF09016AA7402F09016A274FEF0DA
:10A5C000A304F0121C921214E87A287B1A1221AE0E
:10A5D0001214C412140A02AA4574F71203D674F0B6
:10A5E0001209408908121626E508603A90186EE0B4
:10A5F0007034901A52E06401702C9017C8E0602605
:10A60000AC18AD197A627B001216867900AA18ABD5
:10A6100019121B307900121B367C107D007900AABC
:10A6200018AB1912103812B77360219016D112B7F7
:10A6300095FEA3E0FF9016D112B68E1210E6EEF84A
:10A64000EFF99016D112B780E84970DF741002AAB2
:10A650004274F21203D6890AEAFEEBFF5480702D91
:10A66000EEA2E0504179011214CA7C0F7B0F9016C4
:10A67000CFE0FA9016D4E05407F91214EEEE64011C
:10A6800002A7151213FEAA08AB091210569016CB9A
:10A69000E0F91210688A088B09EA450970E5EEFABC
:10A6A000EF648002A740EF5420603B9016CEE06438
:10A6B0000C700D79021214CA1214AC901A4A800B55
:10A6C000790C1214CA1214B2901A461206B87A0003
:10A6D0007B209016CBE0F912119A7404120872EEE6
:10A6E000FAEF6420805AEE5410602E9016CEE0F9F6
:10A6F0001214FA9017BAE0640170179089A012063C
:10A70000B87A007B0890189FE0F912119A7404122D
:10A710000872EE6410FAEF8027EE54086006EE64CB
:10A7200008FA8037EF5401601A901854E0F8740862
:10A7300068600574046870031213F2EEFAEF6401A6
:10A74000FB8018EE5404600A7A0279FF1216C212D6
:10A750000B4FEEFAEFFBA90A1213D47F060205EDA8
:10A7600074F71203D6EAFEEBFFEE54806019121460
:10A770001C1213EC79011220767A0179031220DC85
:10A78000EE6480FAEF802BEF5402600A121422EE7E
:10A79000FAEF6402801CEF5408600A121698EEFA71
:10A7A000EF6408800DEF5404600B12169EEEFAEF72
:10A7B0006404FB80047A007B0002AA4574F0120353
:10A7C000D674F71209408A0A8B0B89097508017E35
:10A7D000007F009016CEE08518828519837008E40A
:10A7E000F0F91216B680037401F0AA18AB19795269
:10A7F0001216DA1214D09016D6E090183FF0901688
:10A80000D3E06404707DE4F0121CC8121CCE121652
:10A81000AA74016508600302A8FE1213E612104A2A
:10A82000EA547FF8E50A28F8E4350BF9E82464FED9
:10A83000E439FF9017A6120B229016C6120B2E7A3F
:10A840000279FF1216C290184574FEF0A304F0902E
:10A85000184814F0A304F0901852F0A3F07C087D7F
:10A860000079007A667B181210387900121CE0908B
:10A870001A72E06401705A74016509703E7A007BB7
:10A8800000804B1213E0E9F508600302A8081213D8
:10A89000F8E9F508750C018E0D8E0E8E0F90184795
:10A8A000E0780C1208359016C6E50CF0A3E50DF023
:10A8B000A3E50EF0A3E50FF002A8117C087D007956
:10A8C0000074011209301210387401120930121686
:10A8D000A4750C31750D18780C1208B0750C6E75D6
:10A8E0000D00780C1208B07C007D007A217B0012EC
:10A8F000116474041208727A0279001216C2A9084F
:10A900001213C874FF650A700474FF650B60109021
:10A9100016CE7401F0121446EEFAEFFB1214A0905A
:10A9200016D6E0F9121D0AA90874091208727F08E8
:10A930000205ED74F71203D67E001216BCE9F8A2E8
:10A94000E150077E017900122076EEF902AA45C097
:10A9500082C083901A72E0700E9016CF7402F0904D
:10A9600016D4E054F880369016D4E054F8F8901AD3
:10A9700072E06401700474018007E064027007747F
:10A9800002489016D4F07AE87B17121DA0E99016C1
:10A99000CF7003E480077403F0901A2704F002B22A
:10A9A0004DC082C0839016CEE06405702C12144016
:10A9B00079061214CA1214BE1214221214B8901678
:10A9C000D6E0A2E35008901A5FE06401700E901A7E
:10A9D0002F120B16121CB680031214BE02B24DC009
:10A9E00082C083790F121CDA7A0279001216C20231
:10A9F000B24D74F71203D6121CC8E9FE7039121C4E
:10AA0000D4E9602A121C989016A212BB3B9016A2A1
:10AA100012B77670079016D4E054F8F09016CF7401
:10AA200003F0901854E412B2E31211D080027E09B0
:10AA300090182BE4F0A3F0EE700479008002790105
:10AA400080031208727F010205ED74F61203D68AA4
:10AA5000828B83E014601B14605324E8600A24474F
:10AA6000600B24D66070806B1215D88069121404B4
:10AA700080649016CEE06402705C901A72E064010B
:10AA80006005E06402704F1220D6E9600B1220CA04
:10AA9000E96043122118803E121BD88B09EA450950
:10AAA00060047901800279001220C48029901A7212
:10AAB000E064016005E06402701C90030FE064072D
:10AAC0006005E0640870077A01E0F91220DC1214D6
:10AAD00016800312141002BB0974F61203D674EB2D
:10AAE00012094012B9A7E0F508A3E0F509780812A9
:10AAF00005A102002100220031AB0080018004ABDF
:10AB0000000043AB12155A8A088B09AE08AF09EE54
:10AB10004F60308E828F83E0700EEE2403FCE43FA2
:10AB2000FDA312B68E12153CEEFAEFFB1210E68072
:10AB300012AC18AD19121554AC18AD19EEFAEFFBA2
:10AB4000121536741502BB06C082C0837A017B8061
:10AB50009016CBE0F91215CC7A007B809016CBE0F2
:10AB6000F91215CC7A217B009016CBE0F91215CCA6
:10AB70007A227B009016CBE0F91215CC02B24DC0C0
:10AB800082C0838A828B83E024FC600624FC6014EC
:10AB90008022901A72E064016005E0640270151270
:10ABA00016328010901A72E064016005E064027051
:10ABB0000312163802B24D74F41203D69016CEE08A
:10ABC0006403600FE0640A705C9016D4E05407647C
:10ABD0000170699016CCE070447A107B009016CB1F
:10ABE000E0F91210927901121434E9700979051212
:10ABF00014CA790180299016CEE0640370171214EC
:10AC0000B890030FE06402700C79011220767A018B
:10AC100079021220DC79061214CA02AD947900126E
:10AC200020B202AD94E064046012E0640E600DE0B6
:10AC3000640F6008E0640D600302AD829016CCE002
:10AC4000600302ACD19016D0E4F07901121434E91B
:10AC5000700F79051214CA7A107B2712143A02ADCC
:10AC60009479061214CA7A007B209016CBE0F91270
:10AC700011A69016D6E0A2E3501D901A5FE070175F
:10AC80009089C4120B16121CB67A007B00121CBCF1
:10AC90007A007B00121CC21214B89016D6E0A2E310
:10ACA000500B901A5FE06401600302AD949016CFE0
:10ACB000E064037010901A44E0F508A3E0AA08FBD2
:10ACC000E4FCFD8006901A2F120B16121CB602AD82
:10ACD000949016CFE0640170389016D0E004F0C371
:10ACE0009404501F901852E0F47003A3E0F4601B2A
:10ACF0009016CF7403F09016AB7401F0901A27747D
:10AD00000480689017F0E0640170619016CFE480D1
:10AD10005AE0640370569016AB7401F0901854E436
:10AD2000F0901A27E06404700712AD96740D803B12
:10AD3000E0640D702C90186EE4F012142875080170
:10AD4000750900750A00750B00901847E078081225
:10AD500008359016C67808120ADF901A27740E80FC
:10AD60000AE0640E700612AD96740FF0121D4612C2
:10AD7000180612104AEA547F2464FA7B001214A0C9
:10AD80008012E0600F1214B87A107B009016CBE0AE
:10AD9000F912109280189016C6E4F0A374F8F0A38C
:10ADA00074FFF0A37407F0901A27221208727F0430
:10ADB0000205ED74F11203D674F41209407E007599
:10ADC00008667509188E0A80010E9027AEE493F884
:10ADD000EEC398400302AE8FA818A919880C890DFC
:10ADE000780C1208B0750C0C750D00780C1208B0B8
:10ADF0007C007D00EE2475FAE43400FB12116A74C5
:10AE0000041208727404120B45A982AA83890C8A61
:10AE10000D750E00780C1208AC7C087D00A908AAFC
:10AE200009AB0A1210327403120872E970617C08CF
:10AE300079007404120B45AA82AB831210C8E96032
:10AE400088EEFF78081208AC7C087D007407120BAE
:10AE500045AA82AB8312102C7403120872851882E3
:10AE6000851983E4F0A3F0A3F0A312B3701208B025
:10AE700075080C75090078081208B07C007D00EF99
:10AE80002475FAE43400FB1211647404120872028F
:10AE9000AFD674F11203D674DF120940740C120994
:10AEA00030121B2A740C12092888088909780812A4
:10AEB00008B075081575090078081208B07C007D87
:10AEC000007A827B00121164740412087275080003
:10AED00080020508AE087F009027AEE493F8EEC329
:10AEE00098400302AF71EE2475FE50010FA818A917
:10AEF00019880A890B780A1208B0750A0C750B00BC
:10AF0000780A1208B07C007D00EEFAEFFB12116A9D
:10AF100074041208727404120B45A982AA83890C66
:10AF20008A0D750E00780C1208AC7C087D007966DD
:10AF30007A187B001210327403120872E96093745D
:10AF40001D120B45120B22851882851983120B2EB8
:10AF5000A818A9198808890978081208B075080C7A
:10AF600075090078081208B07C007D00EEFAEF80C9
:10AF7000457C087D0079FF7404120B45AA82AB83DF
:10AF8000121038741D120B45120B22851882851978
:10AF900083120B2EA818A9198808890978081208A5
:10AFA000B075080C8F0978081208B07C007D00EE9F
:10AFB0002474FAE43400FB121164740412087290D1
:10AFC000182BE4F0A3F07C15FDF9740C1209301273
:10AFD000103874218002740C1208727F070205ED8C
:10AFE00074F61203D674EB1209407C157D007900CB
:10AFF000AA18AB19121038A818A919880889097855
:10B00000081208B075081575090078081208B07C98
:10B01000007D007A827B00121164740412087202AF
:10B02000AB4374F11203D674F41209407508008022
:10B0300054A818A919880A890B780A1208B0750A49
:10B040000C750B00780A1208B07C007D00EEFAEF58
:10B05000FB12116A74041208727404120B45A9825F
:10B06000AA83890C8A0D750E00780C1208AC7C0836
:10B070007D0079667A187B00121032740312087210
:10B08000E970250508E5082475FEE43400FF9027E3
:10B09000AEE493F8E50898409885188285198312E4
:10B0A0000B22E8494A4B605A9016CAE0705474016A
:10B0B000F09089B07808120AEE8518828519837895
:10B0C00008120A0D851882851983120B2290182305
:10B0D000120B2EA818A9198808890978081208B037
:10B0E00075080C75090078081208B07C007D00EE28
:10B0F000FAEFFB121164740412087290182BE4F03A
:10B10000A3F002AFD674F51203D674DB1209407EA9
:10B110000012142E74101209288808890978081260
:10B1200008B07508158E0978081208B07C007D00FB
:10B130007A827B0012116A7404120872E970467CEC
:10B14000107D007900AA18AB19121038A818A91997
:10B15000880889098E0A78081208AC7C107D007472
:10B1600014120B45A982AA837B00121032740312B9
:10B170000872E970107E017C157D00790074101250
:10B180000930121038EEF974251208727F03020597
:10B19000ED74F41203D68A088B097A047B009016AA
:10B1A000CBE0F91211ACEA4B4C4D701BE4F50AF5FB
:10B1B0000B78081208A87A047B009016CBE0F912ED
:10B1C000119A740412087202ADAEC082C0837A0470
:10B1D0007B009016CBE0F91211A67A047B00901642
:10B1E000CBE0F912109802B24D74F61203D6901605
:10B1F000CDE4F07508CD75091678081208B07C0109
:10B200007D007A857B001211587402120872E97071
:10B210002078081208B0750801750900780812082E
:10B22000B07C007D007A857B0012116A74041208DC
:10B230007202BB0974F61203D6E9FE9016CD7401B2
:10B24000F06E70037403F002BAE3120872D083D078
:10B250008202085A74F61203D6E9FE12144C7A8858
:10B260007B1312196E74016E7024901A3C120B221B
:10B27000901A2F120B2E901A4212B9B99017DA12A7
:10B28000B780901A4012B9B99017DC12B780908934
:10B29000C4120B16121CB67A007B00121CC27A0074
:10B2A0007B00121CBC74016E702F9016CE7402F0DD
:10B2B0009016CF04F09016AB740112B2E31211D0C5
:10B2C0009018547402F012180612104AEA547F249F
:10B2D00064FA7B001214A080077A887B1312143A58
:10B2E00002BB09F07C667D187AAC7B162274F112E1
:10B2F00003D674F71209408A088B09ECFEEDFFEEC5
:10B30000FAEFFB12161AEEFAEFFB1215EA9003346D
:10B3100012B77660327408120B457403F08E0C8FEE
:10B320000D750E00780C1208AC7C087D00740312B9
:10B33000093012102C7403120872AA18AB1990036A
:10B340003412B36712054E7900AA08AB091218EA45
:10B35000901852E0FCA3E0FDAA08AB09121D5E1292
:10B360001494740902AFD8E0F8A3E0F58388822230
:10B37000F0A818A9198808890978082274ED120321
:10B38000D6890C8A0E8B0D8C0A8D0BAE0DEEFA7BD6
:10B39000001210508A088B09EA45096035EE6020DA
:10B3A000E50A450B601A850A10850B1175120078A5
:10B3B000101208ACEEFC7D0012102C7403120872FF
:10B3C000850882850983E50EF0AA08AB09A90C124D
:10B3D000105C7F0B0205EDC082C08374FD12094032
:10B3E000E9851882851983F09016B812B7A3600911
:10B3F000AA18AB1912054E80177402120B45E4F01F
:10B40000041209387B027A019016CBE0F912145E1F
:10B410007900740302B24A74EE1203D68A088B09CB
:10B420009016BA12B7A3600612054E02B67E9018A7
:10B43000A012B78F9018A0E0F50AA3E0F50BEA245C
:10B4400004F50EE43509F50FEA2402F50CE435099C
:10B45000F50D802B12B9B5850C82850D83E06870DF
:10B4600003A3E06970128E828F83A3A3E0F8850E98
:10B4700082850F83E06860678E0A8F0B12B786EEB5
:10B480004F70D17A167B001210E08A108B11AE102B
:10B49000AF11EE4F700302B67E7C167D007900126C
:10B4A00010388E828F83A3A3A3A3A3A3A374FEF05B
:10B4B000A304F08E828F83A3A3A3A3A3A3A3A3A318
:10B4C000A3F09018A012B77670059018A0800BE535
:10B4D0000A2414F582E4350BF583EEF0A3EFF08532
:10B4E0000882850983A3A3A3A3A3A3A3A3A312B63E
:10B4F00083A3F0E5082408F8E43509F988828983F4
:10B5000012B683F0850E82850F83E08E828F83A32F
:10B51000A3F0850C82850D8312B68E8E828F8312E6
:10B52000BB3BE508240CF582E43509F583E0C0E077
:10B53000EE2413F582E43FF583D0E0F0EE240BFA1D
:10B54000E43FFB88828983E06401600EE508240DF6
:10B55000FCE43509FD1211D080097C087D0079FFDB
:10B56000121038E508240AF8E43509F9880A890B2D
:10B570008882F583E0F89019DEE0C398400302B6B4
:10B580007E850882850983A3A3A3A3A3E064016049
:10B59000091220D6E9700302B67EC2F0850A8285C0
:10B5A0000B83E0F50CEE2409F8E43FF988828983E7
:10B5B000E0F50DEE240AFAE43FFBE508240BFCE479
:10B5C0003509FDE50DC3950C500C8C828D83E0C3CD
:10B5D000941440198019E50D650C70138A828B83D1
:10B5E000E0F50C8C828D83E0C3950C5002D2F0E51F
:10B5F000082407F50CE43509F50D850C82F583E088
:10B60000701B850882850983E0F50EA3E0F50F9095
:10B610001848E0650E7004A3E0650F7048A2F05072
:10B6200030850882850983E0F50EA3E0F50F8E8250
:10B630008F83A3A3A3A3A3A3A3E50EF0A3E50F12F7
:10B64000B79A88828983F08C828D83E08A828B838B
:10B65000F0850C82850D83E0600B8E828F83A3A31F
:10B66000A3A37401F0850882850983A3A3A3A3A3E0
:10B67000A3E0600A8E828F83A3A3A37401F07F0AE4
:10B680000205EDE08E828F83A3A3A3A3A322E0FA99
:10B69000A3E0FB2274F41203D674FB12094089085C
:10B6A000E99016CCF07071121D46121D528A0A8B59
:10B6B0000BAE0AAF0BEE4F60547C177D0079001281
:10B6C000103890184812B9B98E828F8312B7807CD7
:10B6D0004A7D1812B7ED1211D090185212B76512A8
:10B6E000B77C12B99D74AAF09027A7E4937900243F
:10B6F00001F85001097A027B00120286EE240DF552
:10B7000082E43FF583E8F012B9937401F09016CE0D
:10B71000E0700579031214CA9016BC12B776603037
:10B72000851882851983E508F090184512B68E7445
:10B7300001120B4512BB3B90184812B68E740312CF
:10B740000B4512BB3BAA18AB198882898312054EA0
:10B750007C007D007B027A029016CBE0F912145E29
:10B76000740502ADAB12B9BD8E828F83A3A3A3A3D0
:10B77000A3A3229016D112B9BDE84922A3A3A3A383
:10B78000E8F0A3E9F022EE2414F582E43FF583E02B
:10B79000FEA3E0FF2212B367E022F0850A82850B48
:10B7A00083E02212B9BD88828983E58245832274B1
:10B7B000F61203D6EAFEEBFF121C928A088B09AC44
:10B7C00008AD0912B7ED1211CAE96401701C901698
:10B7D000BE12B7A3600EEEFAEFFB12054E8B09EA1C
:10B7E0004509700612B8E512145202BB09EE240294
:10B7F000FAE43FFB2274F41203D674FD120940EA06
:10B80000FEEBFFEE240CF8E43FF9880889098E82EC
:10B810008F83A3A3A3A3A3A3A3A3A3A3E064017003
:10B82000537402120B45E4F088828983E07025741A
:10B8300001120B45E4F0FAFB121CC27A007B0012E5
:10B840001CBC851882851983E4F012211EAA18AB4E
:10B850001912183C9089C4120B16121CB685088266
:10B86000850983E0F91214527402120930795212D8
:10B8700016DA805D121C9E8A0A8B0B12B8E58E8246
:10B880008F8312B68EE50A6A7003E50B6B70257420
:10B89000016960139016D4E054076402701685089D
:10B8A000828509837401F0850882850983E0F91295
:10B8B0001452801D850882850983E0F508780812F6
:10B8C00008B4EE2402FCE43FFD121458740112087F
:10B8D000729016C012B7A36007EEFAEFFB12054E86
:10B8E000740302ADAB12B988F92274F71203D6E9DA
:10B8F000FE74016E70199016D0E07013121D46127E
:10B9000020D6E9700779001220B2800312211802B4
:10B91000AA4502085AC082C083121C9802B24DC0C8
:10B9200082C0837A007B019016CBE0F91211ACEA59
:10B930004B4C4D70031214BE02B24D74F61203D676
:10B9400012B9A712B9B95480703B12B98870367415
:10B9500013687001E9602EE8F508E94480F509787C
:10B96000081208B0E4F508F50978081208B012B911
:10B9700093E0FD7C8412B7ED12B99DE0F91215B485
:10B98000740412087202BB09EE240BF582E43FF541
:10B9900083E022EE240EF582E43FF58322EE240FAD
:10B9A000F582E43FF58322EAFEEBFFEE240CF582FC
:10B9B000E43FF583228E828F8312B9BD22E0F8A383
:10B9C000E0F92274F41203D6EA4B60218A088B094D
:10B9D000E4F50AF50B78081208A87A017B009016A6
:10B9E000CBE0F912119A7404120872800C7A017B70
:10B9F000009016CBE0F912109202ADAE74F712036C
:10BA0000D6E9FE9016D6E0A2E1501A901A50E06EE8
:10BA100060139016D4E054F84402F09016D6740CDB
:10BA2000F0F9121D0A02AA45C082C0839016CEE02A
:10BA300064016005E064027011901A267401F07AC6
:10BA4000007B001214A079018002790002B24DC07F
:10BA500082C0839016CEE06401600AE06402600553
:10BA6000E0640C7009901A26E4F0790180027900F4
:10BA700002B24D74F61203D674F81209407A007BB4
:10BA80000012196E121C928A088B09AE08121C98BB
:10BA900075080078081208B49016D6E0F9EEFCADEF
:10BAA0000912159074011208727A007B0012196E47
:10BAB000901A5FE064017027AA18AB19121CA41237
:10BAC0001C9E9017BFE0F50878081208B4901A5E23
:10BAD000E0F97401120938121D3A740112087274E7
:10BAE0000880237508CD75091678081208B0750806
:10BAF0000175090078081208B07C007D007A857B0A
:10BB00000012116474041208727F020205EDC082F3
:10BB1000C0837A007B019016CBE0F912109202B23A
:10BB20004DC082C0837A00EA25E012BB41E4F0A355
:10BB3000F00AEAC3940940EF02B24DEAF0A3EBF039
:10BB400022F8E433F974B428F582741639F58322A7
:10BB500074F71203D6E9FE9016CEE06E600EEEF09A
:10BB60007A107B009016CBE0F912109202AA45746D
:10BB7000F41203D674F81209407508007F0090157E
:10BB8000C5E4F07E79750A088F0B780A1208B07444
:10BB9000021209387A007B00EEF9120C3C74021292
:10BBA0000872851882851983E0F47003A3E0F470AD
:10BBB000139015C5E07004EEF080197A01EEF912C9
:10BBC00010F280107404120B45E0F47003A3E0F44B
:10BBD00060028E080EEEC3947F40AAE5089015C55A
:10BBE000601FE0600FF91210FE7A007B00A90812B6
:10BBF00011048014A9081210FEE5089015C5F08004
:10BC000007E06004F91210FE7E79EFFC7A007B00F9
:10BC1000EEF91210F88B0BEA450B60047F017E7879
:10BC20000EEEC3947F40E3EFA2E050147E797C00D7
:10BC30007A007B00EEF91210F80EEEC3947F40EE0E
:10BC40009015C5E0703C7E007C00EC12BC8812CEE2
:10BC5000B974F86A700374076B7004ECFE8018EE18
:10BC600012BC8839F583C3E09AA3E09B5002ECFE36
:10BC70000CECC3940640D374792E9015C5F0F912DC
:10BC800010FE79017408801025E0F8E433F974B9E6
:10BC900028F58274152274021208727F040205EDE1
:10BCA00074F71203D674F8120940EAFF85188285EA
:10BCB0001983E4F0A3F0EF60087402120B45E480EE
:10BCC000077402120B4574FF12C3057A007B001241
:10BCD000112874081208727F010205ED74EE120338
:10BCE000D674F8120940890C8A0E8B0F8C0D7508DA
:10BCF00008750900750A00750B00751008751100AC
:10BD000078101208B07402120938AA08AB09A90CFD
:10BD1000120C3C7402120872851882851983E0F4B3
:10BD20007003A3E0F4700302BE6D7402120B45129F
:10BD3000C12140067EFC7FFF800612C0FFFEE9FFA6
:10BD400074F8C39508F874079509F9C3E89EE99F4C
:10BD50005020E50A2400E50B3408F50BC3E50A95ED
:10BD600008F50AE50B9509F50B7508007509080239
:10BD7000BE6DE5082408F508E43509F50985188243
:10BD800085198312C11B700302BE4BE50E450F607F
:10BD90004AA80EE50F547FF9851882851983E0685B
:10BDA0007003A3E069600302BE557406120B4512CE
:10BDB000CA24E50F5480700F74FF68700374FF6924
:10BDC000600302BE55800D74FF68700374FF6970D4
:10BDD0000302BE55AA08AB0902BE88AA08AB09A98E
:10BDE0000C1211228A108B11A810A9117404120BC5
:10BDF00045E0687003A3E06970467406120B4512B3
:10BE0000CA24E50D602A74FF68700374FF697045E9
:10BE1000851882851983E0FAA3E04480FB12110A99
:10BE2000EA4B60317C019015C6E0F91211168025AD
:10BE300074FF68700374FF69601B7AFF7BFF8048A2
:10BE40007C01AA08AB09A90C121116EE2408F8E42B
:10BE50003FF912C66CE5082EF508E5093FF509C360
:10BE6000E50894F8E5099407500302BCFAA80CE829
:10BE70002812C10CE508F0A3E50912BEB4E50AF0EA
:10BE8000A3E50BF07A007B007408800274041208AA
:10BE9000727F0A0205ED74F71203D6E9FE120C4810
:10BEA000EE2E12C10C7408F0A3E412BEB4E4F0A3A9
:10BEB000F002BCD7F074C728F582741439F58322D8
:10BEC00074EE1203D674F712094089088A0A8B0BA4
:10BED0007E007F00750C01750D00780C1208B0749F
:10BEE00002120938EEFAEFFB9015C5E0F9120C3C8E
:10BEF0007402120872851882851983E0F4600D902F
:10BF000015C5E0F91210FE790002C0FA0EEE7001BC
:10BF10000FC3EF940840BD7E087F007401F09015B8
:10BF2000C5E012C10AE0F50EA3E0F50F750C087527
:10BF30000D00780C1208B07403120938EEFAEFFB0A
:10BF4000A908120C3C74021208727401120B45E02D
:10BF5000F47003A3E0F4700302C0BA7403120B453B
:10BF600012C1214008750CFC750DFF800812C0FF3E
:10BF7000F50CE9F50D74F8C39EF874079FF9C3E852
:10BF8000950CE9950D500302C0BA74F8C3950EF8EC
:10BF90007407950FF9C3E8950CE9950D500302C09D
:10BFA000CDEE2408FEE43FFF7401120B4512C11BC5
:10BFB000700302C0A67401120B45E0650A7004A369
:10BFC000E0650B700302C0A6EEFAEFFBA9081211A0
:10BFD000228A108B11A810A9117405120B45E06874
:10BFE0007003A3E069600302C0A67407120B45E06A
:10BFF000F47003A3E0F4700B7C00EEFAEFFBA908E9
:10C0000012111675090078091208B4E4F510F5113B
:10C0100078101208B07406120B4512CA1574041277
:10C020000B4512CEBC9015C5E0F9121140740312F5
:10C030000872E9700302C0CDE50E2408F50EE43560
:10C040000FF50F780C1208B0780E1208B09015C5D5
:10C05000E0FCEEFAEFFBA90812113A740412087220
:10C060007403120B4512C12C1211227405120B45D8
:10C0700012CA3D7002EB6D7054AA0EAB0F9015C53D
:10C08000E0F912111C8A108B11A810A91174051265
:10C090000B45E0687003A3E06970327401120B4530
:10C0A00012C12C12114CEE250CFEEF350DFFC3EE24
:10C0B00094F8EF9407500302BF1E851882851983F8
:10C0C000E070149015C5E0F91210FE8025851882E5
:10C0D000851983E4F080ECE50A450B70157A019030
:10C0E00015C5E0F91210F2A9081210FEE508901526
:10C0F000C5F0851882851983E0F9740902BE8EECBB
:10C100002403F8E43DF9E854FC2225E0F8E433F98F
:10C1100074BB28F582741439F5832212CA28E849C1
:10C120002212CA15C3EC94FCED94FF2212CA15AA80
:10C130000EAB0F9015C5E0F92274F41203D6EAFE97
:10C14000EB800374804FFF7508797C00EEFAEFFBFB
:10C15000A9081210F8EA4B6008E5089015C6F080AF
:10C16000150508E508C3947F40E0EF548060D49043
:10C1700015C6E4F0FAFB02BC9B74EE1203D674F60B
:10C18000120940890A8A0C8B0D8C088D09C3EC9426
:10C19000F4ED94FF400E85188285198374FCF0A39A
:10C1A00074FF8019EC2403F8E43509F9E854FC2401
:10C1B00008500109851882851983F0A3E9F07F00F2
:10C1C0007C069015C5E004FEEEC3947F40027E79A4
:10C1D0009015C5E06E603074872E25E0F8E433F9E1
:10C1E00074AD28F582741512CEB9E4C39AFA7408B6
:10C1F0009BFB74B928F582741539F583E02AFAA3FC
:10C20000E03B12C2EE50080E1CEC70BC02C2E7EC20
:10C21000700302C2E7741C120B45E0F50EA3E0F5B3
:10C220000FEE12C10A12CA2EFA74089912C2EE4019
:10C230000302C2C47510088F1178101208B074047C
:10C240001209387A007B00EEF9120C3C74021208D5
:10C25000727406120B45E0F47003A3E0F4700B1245
:10C26000C2FE7A04FBEEF912112EAA0CAB0DEEF908
:10C27000121104E96071E50AF50B780B1208B47825
:10C280000E1208B0AC08AD09AA0CAB0D9015C5E0B4
:10C29000F91211407403120872E960059015C5E0A7
:10C2A000FFE50A7009EE850E82850F8380137A01FF
:10C2B0009015C5E0F91210F2EEF91210FEEE90158D
:10C2C000C5F08023E50AF50B780B1208B4780E123E
:10C2D00008B0AC08AA0CAB0DEEF9121140740312B1
:10C2E0000872E96002EEFFEFF9740A02BE8EFB8568
:10C2F000188285198312CA28C3EA98EB99228518F7
:10C3000082851983E4F0A3F0AC18AD192274F212FF
:10C3100003D674F812094089098C08EA24F8F50A52
:10C32000EB34FFF50B750C08750D00780C1208B096
:10C330007402120938AA0AAB0B120C3C74021208E0
:10C3400072E50870227406120B45E4F0A3F0740441
:10C35000120B45AC82AD83E50A2404FAE4350BFBED
:10C36000A90912112880317402120B45E02403F848
:10C37000A3E03400F9E812CA1B12C2FEAA0AAB0BF2
:10C38000A909121128A809E828F8E433F974C72884
:10C39000F58274143912C3A274081208727F06025F
:10C3A00005EDF583E02EF0A3E03FF02274F41203D4
:10C3B000D674FE120940851882851983ECF0A3ED2E
:10C3C000F08908EAFEEBFFEE24FCFEEF34FFFFAC41
:10C3D00018AD19EEFAEFFB12112E750A02750B005B
:10C3E000780A1208B07402120938EEFAEFFBA908B5
:10C3F000120C3C740212087285188285198312CEC1
:10C40000BC02BC9674F01203D674FC120940890C6D
:10C410008A0A8B0BECFEEDFF750800750900EE240F
:10C4200003F50EE43FF50F7402780E120AD0AE0E3B
:10C43000AF0F12C7E86052750E04750F00780E1228
:10C4400008B07402120938AA0AAB0BA90C120C3CF2
:10C450007402120872E50A2404F50AE4350BF50BA0
:10C460007800E8FA851882851983E5822AF582E446
:10C470003583F583E0FAE5082AF508E43509F5097E
:10C4800008E8C3940450AB80D9AA08AB097404121D
:10C4900008727F080205ED74F41203D6E9FE7508F0
:10C4A0000175090078081208B08A088B09740278AF
:10C4B00008120AD0EEF50A750B007409780A120901
:10C4C000FAE5082400FAE509350BFB120C4202BC20
:10C4D0009674F71203D674FC1209408C828D83E0A7
:10C4E000851882851983F08C828D83A3E0C0E07467
:10C4F00001120B45D0E0F07402120B4574FFF0748A
:10C5000003120B4574FFF0AC18AD19121128740416
:10C5100002BCD474EE1203D674FC1209408909EAF5
:10C52000FEEBFF8C0C8D0DEE5403F5087416120B08
:10C5300045E0F50AA3E0F50BE508606074FC5EFEDB
:10C54000750E04750F00780E1208B07402120938C7
:10C55000EEFA120C3C7402120872E50C450D6028CC
:10C56000850A82850B83E0C0E0A80812C65BD0E094
:10C5700012C6770508E50C24FFF50CE50D34FFF530
:10C580000DE508C3940440D2AC18AD19EEFAEFFBE8
:10C59000A909121128EE2404FEE43FFFE50C540320
:10C5A000F508850C0E850D0F7402780E120AD085E1
:10C5B0000E0C850F0DE50C450D6048780C1208B087
:10C5C000AC0AAD0B8E0E8F0F7402780E120AD0E5F6
:10C5D00009F510751100740978101209FAE50E2496
:10C5E00000FAE50F3511FB120C4274021208727446
:10C5F00002780C1209FAA80CA90DEE28FEEF39FFFB
:10C6000012C66CE5086051750C00750E04750F00BC
:10C61000780E1208B07402120938EEFAEFFBA9097D
:10C62000120C3C74021208728015850A82850B83F5
:10C63000E0C0E0A80C12C65BD0E012C677050C85FE
:10C64000080D74FF250DF5080470DFAC18AD19EE68
:10C65000FAEFFBA90912112802BE8C8518828519F0
:10C6600083E58228F582E43583F58322E50A28F5FF
:10C670000AE50B39F50B22F0850A82850B83A38529
:10C68000820A85830B2274EE1203D674FC120940D1
:10C69000890E8A0C8B0D8C0B7416120B4512CA3541
:10C6A000E5085403F50A7418120B45E0FEA3E0FFF9
:10C6B000E50A6072F8C3E50898F508E5099400F505
:10C6C0000975100475110078101208B0740212096F
:10C6D00038AA08AB09A90B120C3C7402120872EEBE
:10C6E0004F603375100178101208B0A80A74021256
:10C6F0000B4512C7F7120C3C7402120872050CE5C8
:10C700000C7002050D050AEE24FF1EEF34FFFFE555
:10C710000AC3940440C9AC18AD19AA08AB09A90B07
:10C7200012112812C7DCEE5403F50A8E108F117413
:10C73000027810120AD0AE10AF118039751004754E
:10C74000110078101208B07402120938AA0CAB0D4F
:10C75000A90E120C3C7402120872E50C2404F50CAC
:10C76000E4350DF50DAC18AD19AA08AB09A90B12EB
:10C77000112812C7DC12C7E870C2E50A605B7E00B0
:10C780007510048E1178101208B07402120938AABC
:10C7900008AB09A90B120C3C7402120872802375B5
:10C7A000100178101208B0EEF87402120B4512C78F
:10C7B000F7120C3C7402120872050CE50C700205AD
:10C7C0000D0EAF0A74FF2FF50A0470D3AC18AD1923
:10C7D000AA08AB09A90B12112802BE8CE508240493
:10C7E000F508E43509F50922EEF8EFF9E824FF1E13
:10C7F000E934FFFFE84922E58228FCE43583FDAAFD
:10C800000CAB0DA90E2274EC1203D674F812094079
:10C81000890C8A0E8B0FECFEEDFFE929F508E43355
:10C82000F50974BB2508F51074143509F511851048
:10C8300082F583E0F50AA3E0F50B750D00851882FB
:10C84000851983EAF0A3EBF07402120B45EEF0A316
:10C85000EFF0AC18AD19AA0AAB0B1211287512082B
:10C8600075130078121208B07402120938AA0AABC4
:10C870000BA90C120C3C74021208727402120B45C4
:10C8800012CA24851882851983E0650E7004A3E01E
:10C89000650F600302C9C2EE687002EF69600302AF
:10C8A000C9C2741E120B45E0700302C99D741C12AC
:10C8B0000B4512CA35850882F583EEF8EFF9E85486
:10C8C00003F50EE58245837015E875F0FFA4F8AA1C
:10C8D000F075F0FFE9A42AF9E8FAE9FB801F7A0075
:10C8E0007B008009E0FCEA2CFAE43BFBA3E8FCE9CE
:10C8F000FDEC24FF18ED34FFF9EC4D70E7E50E6018
:10C900001EF87404C398F895E0F9E875F0FFA4F8F0
:10C91000ACF075F0FFE9A42CF9EA28FAEB39FB74C6
:10C9200004120B45EAF0A3EBF0E50A2408F50AE44B
:10C93000350BF50BE5084509601778081208B0EECD
:10C94000FCEFFDAA0AAB0BA90C12113474021208F9
:10C9500072EEFCEFFDAA0AAB0BA90C1211227404B3
:10C96000120B4512CA3D7002EB6D7034AA0AAB0B74
:10C97000A90C12111C8A088B09A808A909740412B1
:10C980000B45E0687003A3E069701585188285196E
:10C990008312CA15AA0AAB0BA90C12114C750D0112
:10C9A0007402120B4512CA24C3E894F4E994FF40C0
:10C9B000067EFC7FFF8049E8240350010912CA1B50
:10C9C000803EC3E894F4E994FF40067EFC7FFF803C
:10C9D00009E8240350010912CA1B851082851183BE
:10C9E00012CA2EF8740899F9C3E89EE99F5004E82A
:10C9F000FEE9FF74C72508F5827414350912C3A235
:10CA000085108285118312C3A4A90D7408120872BF
:10CA10007F0C0205EDE0FCA3E0FD2254FC2408FE9F
:10CA2000E439FF2212CA2822E0F8A3E0F92212CA50
:10CA300028E4C39822E0F508A3E0F5092212CA15FC
:10CA4000EA6C22C082C0837900E925E0FCE433FD72
:10CA500074562CF58274893DF583E06A7003A3E077
:10CA60006B600709E9C3940340DFD083D0820208DA
:10CA70005A74F61203D6E9FE8A088B09ECFAEDFB2C
:10CA8000121146E9F8C39403500E12CB6BEE12CB91
:10CA900076E508F0A3E509F07F020205EDC082C04B
:10CAA000831210EC80C474F41203D6EAFEEBFF8C00
:10CAB000088D09794E120C0CE9603CEEFAEFFB127E
:10CAC000110AEA4B6010EEFCEFFD9015C6E0F9127A
:10CAD000114C79008023740C120B451206BCAC0873
:10CAE000AD09EEFAEFFB790112111074021208720F
:10CAF000E9600479098002790A02BC9B74F612038A
:10CB0000D674F8120940EAFEEBFF121146E9F8C3A9
:10CB10009403504212CB6BE09015C612CB7612CE26
:10CB2000BC75080875090078081208B0740212096B
:10CB300038EA24F8FAEB34FFFB9015C6E0F9120C42
:10CB40003C74021208727402120B4512CEBC7408B7
:10CB500012087202CA98EEFAEFFB12110A8B09A9A9
:10CB600009EA4970BC7A007B0080E374C729F5822A
:10CB7000E43415F58322F0E812CB7C2229F8E43363
:10CB8000F974CA28F582741539F5832274E8120302
:10CB9000D674F3120940740B120B45EAF0A3EBF0C4
:10CBA0008C0E8D0F751300794E120C0CE9607E749B
:10CBB00025120B45E0F516A3E0F517E516451770AD
:10CBC0000302CE98740B120B4512CEBC12110A74DC
:10CBD00001120B45EAF0A3EBF09015C6E0F51274D4
:10CBE00001120B4512C11B7005790902CE9A750816
:10CBF0000875090078081208B07405120938740322
:10CC0000120B45E024F8FAA3E034FFFBA912120C42
:10CC10003C74021208727405120B45E50E2516F8D5
:10CC2000E50F3517F9C3E098A3E0995005790A029A
:10CC3000CE9A7401120B45E0250EF50AA3E0350FDC
:10CC4000F50B850A10F5117427120B45E0F50CA3BE
:10CC5000E0F50DAE16AF17750800806B7514017501
:10CC6000150078141208B07402120938AA10AB111A
:10CC7000A912120C3C74021208728518828519835D
:10CC8000E0F8850C82850D83E068602675080174E4
:10CC900007120B45C3E098F0A3E09400F0850C82E6
:10CCA000850D83E0F87407120B45E028F0A3E0340B
:10CCB00000F00510E51070020511850C82850D83CA
:10CCC000A385820C85830D12C7E87090E508A2E069
:10CCD000400302CE98851882851983E4F0A818A92C
:10CCE000198808890978081208B07407120B4512D0
:10CCF000CA15740D120B4512CEBC790012111074B6
:10CD000002120872E9F50C700302CE3B7405120B97
:10CD10004512CA24C3E894FCE994FF40087508FC56
:10CD20007509FF800DE8240350010954FCF508E95A
:10CD3000F509A80CE828F8E433F974BB28F5147455
:10CD40001439F515851482F58312CEA47409120BDB
:10CD500045E0F47003A3E0F4700D7C007401120B45
:10CD60004512CEC2121116780E1208B08E108F1115
:10CD700078101208B0AC0C7405120B4512CEC2121A
:10CD8000113A7404120872EE250EFEEF350FFF748F
:10CD900027120B451206BCAC16AD17EEFAEFFBA935
:10CDA0000C12113474021208727405120B45E0C3A0
:10CDB000950EF8A3E0950FF9E8C39516F50EE995E1
:10CDC00017F50F780E1208B0EE2516F50EEF351791
:10CDD000F50F780E1208B0AC0CE50A2516FAE50B33
:10CDE0003517FBA91212113A7404120872851482C5
:10CDF00085158312CEA47405120B4512CEAF121105
:10CE0000227407120B4512CA3D7002EB6D702CEEB6
:10CE1000FAEFFBA90C12111C8A088B09A808A909B2
:10CE20007407120B45E0687003A3E069700D74038A
:10CE3000120B4512CEAF12114C800375130A8518E0
:10CE400082851983E0603465127010740A6513706E
:10CE50000A9015C5E0F91210FE803D7A019015C5C3
:10CE6000E0F91210F2851882851983E0F91210FE9C
:10CE7000851882851983E09015C5F085188285197B
:10CE800083E065126012740A6513600C7C01EC1279
:10CE90000B4512CEC2121116A913740D1208727F1F
:10CEA000100205EDE0C39508FEA3E09509FF2212EC
:10CEB000CA15EEFAEFFBA90C2239F583E0FAA3E0DC
:10CEC000FB22E0FAA3E0FBA9122274F01203D6EAD7
:10CED000FEEBFF8C0A8D0B121146E9F87410120B51
:10CEE00045E0F50CA3E0F50D7412120B4512CA359E
:10CEF000E8C394035024E8FE780C1208B0AC08ADE7
:10CF000009EE12CB7CE0250AFAA3E0350BFB74C7CF
:10CF10002EF582E43415F5838023EEFAEFFB12112F
:10CF20000AEA4B7004790A8020780C1208B0AC0829
:10CF3000AD09EA250AFAEB350BFB9015C6E0F912AC
:10CF40000C3C7402120872790002C49274F212034B
:10CF5000D6EAFEEBFF8C0A8D0B12110A8A088B09A8
:10CF6000EA450970047909803DEEFAEFFB12115E83
:10CF70008A0C8B0DE50A650C7004E50B650D6004E9
:10CF8000790C80227C01AA08AB099015C6E0F91241
:10CF90001116EEFAEFFB12110A8B09EA450960043B
:10CFA000790A8002790002C39D74F21203D674F4E8
:10CFB0001209408A088B09ECFEEDFF890C7C0C7D80
:10CFC000007900AA18AB191210387409120B45E445
:10CFD00012D9A8E0C0E07408120B45D0E0F08E82B0
:10CFE0008F8312D14712DDC6901A35E024FFF50A6F
:10CFF000A3E034FFF50B850882850983E0850A826A
:10D00000850B83F0750D1E780D1208B47808120890
:10D01000B0780A1208B0E50C2401F508E43400F5F4
:10D020000978081208B07421120B451206BC90173B
:10D030006BE0F97C287D1A740912093012218A7478
:10D0400009120872740C02D1AB74F41203D6E9FF12
:10D05000901A3512D25DEFFE740E120B4512E016D7
:10D06000801F88828983E0850A82850B8312DCEC2D
:10D07000A882A983850A82850B83A385820A85837A
:10D080000B74FF2EFE0470DA7410120B45E090173B
:10D090006B600474408001E4F0740C120B451206BE
:10D0A000BCEFF912156C7402120872E9F990176B53
:10D0B000E4F002D15574F61203D6E9FE12D1CEF097
:10D0C000EEF50875090078081208B0790202D4EE6E
:10D0D00074F41203D674F7120940EAFEEBFF890AD2
:10D0E0008C0B12D3DBEEFCEFFD7AC57B181211CA54
:10D0F000E9700A7408120B4512D24D80127408129E
:10D100000B457402F09016A212D147E8F0A3E9F0A3
:10D11000EEFCEFFDAA08AB091211D08A828B83E5E1
:10D120000AF0A3E50BF0E4F508F50978081208B059
:10D13000790A74021209387A1A7B1712156C740274
:10D140001208727409800B12E01EF9851882851985
:10D1500083221208727F040205ED74F61203D6745E
:10D16000F7120940E9FEEC12E0127408120B457444
:10D1700002F0851882851983EAF0A3EBF0EA888231
:10D180008983F0EB12D1A1F0EF88828983A3A3A356
:10D19000F075080175090078081208B0790402D109
:10D1A000DBA3F0EE88828983A3A3221208727F0694
:10D1B0000205ED74F61203D612D1CE12D895750879
:10D1C0000475090078081208B0790302D4EE12E061
:10D1D0001BF5838882EC12D96FED22740212093894
:10D1E0007A1A7B1712156C740212087274091208ED
:10D1F000727F020205ED1208727F070205ED74F6D8
:10D200001203D674F7120940E9FE7408120B451296
:10D21000D24812D889EA12D96BEBF0901A35E02483
:10D2200002FAA3E03400FB1211D012E01BC8240A5A
:10D23000F582E438F583EEF0750813750900780877
:10D240001208B0790B02D1DB12D24DF022740FF02C
:10D2500085188285198374FDF0A374FF22E0F50A16
:10D26000A3E0F50B2274EC1203D674F81209408A7D
:10D270000C8B0D7EFE7FFF750A00750B00EA240CF7
:10D28000F510E4350DF511851082F58312D8C6EA44
:10D290004B70047C0880027C02E50C2413F582E4C8
:10D2A000350DF58312D55A2CF582E439F583E0F576
:10D2B0000EE50C240BF512E4350DF513EA4B701A4C
:10D2C000880A890BAC0AAD0B7AC57B181211CAE922
:10D2D000603C9016A212DB6A802488828983E0FA7F
:10D2E000A3E0F8E4C8F9EA28FEE439FF9016A2E0CA
:10D2F0006E7003A3E06F7016750AC5750B1874FE87
:10D300006E700374FF6F6006E50A450B700C8512A2
:10D3100082851383E0600302D3D112D3DB74FE6EE7
:10D32000700374FF6F6026E50A450B6020E50E6010
:10D33000067401650E7005750E00803B750E8085C4
:10D340001282851383E06401702D02D3D1750E81A2
:10D3500085108285118312D55A4970067EFF7FFFA2
:10D3600080157C087D0079FFAA18AB19121038A827
:10D3700018A919880A890B850882850983E50EF0AA
:10D38000A3858208858309AC0AAD0BAA08AB0912F4
:10D3900011D08A828B83EEF0EFA3F090176B74109C
:10D3A00012D76AF508A3E04480F50978081208B09E
:10D3B000790BE50C2402FCE4350DFDE50C240FFA95
:10D3C000E4350DFB12156C740212087290176BE4B1
:10D3D000F074081208727F0C0205ED901A35E0F522
:10D3E00008A3E0F5092274F61203D6901A35E0FE80
:10D3F000A3E012D56C120B4512D4BF541F8E828F3E
:10D400008312DCE912D99712DCE912D99C12D4C933
:10D4100012D99712D4C912D99C12D4D412D9971206
:10D42000D4D4A312D4B212D4E812D4B2A3F0E82414
:10D4300008FCE439FD8C828D83E0F508EE240BF5C1
:10D4400082E43FF583E50812D775E0C0E0EE240CD6
:10D45000F582E43FF583D0E012D4E8A3A3A3E0C0B3
:10D46000E0EE240DF582E43FF583D0E0F0E8240BF4
:10D47000F582E439F583E0C0E0EE240EF582E43F66
:10D48000F583D0E0F0E8240CF582E439F583E0C0C0
:10D49000E0EE240FF582E43FF583D0E0F07508025A
:10D4A00075098078081208B0791012D54B50010B1D
:10D4B000804412D99DA3A3A3A3A3A3A3A3A3221231
:10D4C000E01EF988828983E022A3A3A3A3A312DC30
:10D4D000F0A3A322A3A3A3A3A3A3A312D4DF221286
:10D4E000DCF5A3A3A3A3A32212D4DFA3A322EAFC07
:10D4F000EBFD7A1A7B1712156C740202D1EE74F6EA
:10D500001203D612D557FEE912D56C120B4512D470
:10D51000BF8E828F83A312D565F508A3E0F5095469
:10D520000FF9740C7808120AD0E508C4498E828F6E
:10D5300083A3A3A3A3F075080375098078081208D4
:10D54000B0790512D54B50010B80ABEA2402FCE404
:10D550003BFDEA240FFA22901A3512D55E22E0F83C
:10D56000A3E0F9E822A3A312DCF5E022FF8E828F6C
:10D5700083E4F0ECA3F0ED8E828F83A3A3F0740A12
:10D580002274EC1203D68A088B09E9FE12E013EC30
:10D590002409F50CE43DF50DEC2406F50EE43DF50B
:10D5A0000FEE7023EC4D601F850C82850D83E0FA31
:10D5B000850E82850F83E02AC333240CFAC3944F6F
:10D5C0004007791002D7367A04EE88828983F0E525
:10D5D000082413F50AE43509F50B850A82F583E082
:10D5E000FBA3E0F5838B8212D98BA312D75DFBA33B
:10D5F000E0F5838B82A312D742F0E82403F582E49E
:10D6000039F583EAC39405500302D70D74FC2AF060
:10D610008C828D8312D74212D77385820A85830B41
:10D6200012D98B12D77CF0EC2403F50AE43DF50BFC
:10D63000850A82F58312D74212D77C12D773A3A32F
:10D64000A3A3E0540F88828983A3A3A3A3A3A3A3C6
:10D65000A3A3F0850E82850F8312DB5BA3A3A3A394
:10D66000A3F0E8240BF8500109850E82850F83E0B2
:10D6700060437B00EC2407F50AE43D850A10F511B0
:10D680008026EB12D739851082851183E0250AFFA9
:10D69000A3E0350B12D98712D76A250AFFA3E0351C
:10D6A0000B12D7485001090B850E82850F83E0FFCE
:10D6B000EBC39F40CD850C82850D8312D89CA3A817
:10D6C00082A983850C82850D83E060437B00EC2476
:10D6D0000AFC50010D8C0A8D0B850C82850D83E0B0
:10D6E000FCEBC39C5029EB25E0FCE433FD850A826A
:10D6F000850B83E02CFFA3E03D12D98712D75D2C68
:10D70000FFA3E03D12D7485001090B80CCE4F0752F
:10D710000A04750B80780A1208B0EAF9E5082402B9
:10D72000FCE43509FDE508240FFAE43509FB121580
:10D730006C740212087202D3D625E0F50AE433F5C0
:10D740000B2212D991A3A3228F82F58312D75022E4
:10D75000A3E088828983A3F0E82402F82212D7622A
:10D76000E022F0850A82850B8322F08510828511E4
:10D7700083E022A3A3F08C828D83A322A3A3A3A37F
:10D78000A312D9A312DB5FA32274F11203D674FF94
:10D79000120940E9851882851983F08A0A8B0BECFF
:10D7A000FEEDFF901A3512D8A17508047406650ABB
:10D7B00070047480650B700575091080037509008D
:10D7C0007410120B4512D8C17411120B4512D8A84F
:10D7D0007413120B45E0F98A828B83A3A3A3F06034
:10D7E00023740429F5087414120B4512DD23120862
:10D7F000ACE9FC7D00EA2404FA50010B12102C74F1
:10D8000003120872E50990176BF0780A1208B0A9A4
:10D8100008EEFCEFFD740212093012156C7402124E
:10D820000872E9F990176BE4F00402D1F674F7126C
:10D8300003D674FF120940E9851882851983F01216
:10D84000D889ECF0740A120B4512E016901A35E0F4
:10D85000FCA3E0F5838C82A3E812D89512D889A3A3
:10D86000A3A3E4F0740C120B451206BC7904EAFC85
:10D87000EBFD740212093012156C740212087274F6
:10D88000011208727F010205ED901A35E0F8A3E05D
:10D89000F58388822212D96FA3E9F02212D991F080
:10D8A0002212D55EFAE9FB2212DD18A312DD30F058
:10D8B000227F0A0205EDA312D8BB22E08A828B8365
:10D8C0002212D8BBF022E0FAA3E0FB2274F4120388
:10D8D000D674F7120940EAFEEBFF12D889E912D993
:10D8E0006BECF0EE4F60708E828F83A3A3A3A3A393
:10D8F000A3A3A3E0F87402686005740F6870588EE3
:10D90000828F8312E01674FF68700374FF696014DD
:10D9100074FC68700374FF69600A74FD68700374B6
:10D92000FF6970337408120B457402F0121C98855D
:10D930001882851983EAF0A3EBF0750A36750B009F
:10D94000780A1208B07902E91209387A1A7B17129C
:10D95000156C7402120872750A36750B00780A127B
:10D9600008B07902EEFCEFFD02D13712D96F22F038
:10D97000901A35E0F8A3E0F5838882A3227401129F
:10D9800008727F0E0205ED8F82F58312D99122F580
:10D9900083E0888289832212D99DA322A3E08E820C
:10D9A0008F832212D762A32212D9B1A3A3A3A3A368
:10D9B00022F08E828F83A3A3A32274EB1203D6746A
:10D9C000FF120940E9851882851983F08A128B13AA
:10D9D0008D147418120B4512DB6AEC602012D88982
:10D9E000EC12DB701208B07901AC12AD13740212A4
:10D9F000093012156C740212087202DB3D741712A2
:10DA00000B45E0F50D75F016A42404F50E12DB8726
:10DA10001210E08A0A8B0BEA450B7005791002DBC5
:10DA20003D8A828B83A385821085831185100885AA
:10DA30001109E4F0A3E514F07416120B4512DB474C
:10DA4000A3F0850882850983A3A3A3E50DF0E5086B
:10DA50002404F50850020509750C0002DB05EE24CC
:10DA600002FCE43FFDAA08AB091211D0EE240AFC27
:10DA7000E43FFDE5082408FAE43509FB1211D08AD9
:10DA8000088B09A808A909EE2412FAE43FFB8A8250
:10DA90008B8312D89C8A828B83A312D98BA3F0E844
:10DAA0002402FAE439FB12DCBB12D8C1EE2415F5CE
:10DAB00082E43FF583E0333354FCFC8A828B83E0BD
:10DAC0004CF0EE2416F582E43FF583E0C454F0FCFC
:10DAD0008A828B83E04CF0EE241712DB50F0EE24A8
:10DAE0001812DB50A3F0EE2419F582E43FF58312FF
:10DAF000DB5BF0E82406F508E439F509EE241AFEAC
:10DB000050010F050CE50CC3950D500302DA5E9031
:10DB10001A35E510F0A3E51112DB701208B0A90E5A
:10DB2000AC12AD13740212093012156C7402120893
:10DB300072E9FEAA0AAB0B1210E612DB7A7401122C
:10DB400008727F0D0205EDE0850882850983A32216
:10DB5000F582E43F12D98FA3A3A32212DB5F22E058
:10DB600088828983A3A3A3A3A322E0FEA3E0FF22CC
:10DB7000F0750831750980780822901A35741CF008
:10DB8000A37417F0EEF9222401FAE43400FB22E03A
:10DB90008A828B83A3A3A32274EA1203D674FF1292
:10DBA0000940E9851882851983F08A148B158C1237
:10DBB0008D0D7418120B45E0F50C75F015A42404B6
:10DBC00012DB871210E08A0A8B0BEA450B7005798D
:10DBD0001002DCB88A828B83A385820E85830FAA0C
:10DBE0000EAB0FE512F0A3E50DF07417120B451202
:10DBF000DCC5E50C12DCE350010B75080475090067
:10DC00007419120B4512DB6A8016740E2508F5088C
:10DC100012DD02FA50010BEE2415FE50010F05092A
:10DC2000E509C3950C505DEEFCEFFD1211D08E821C
:10DC30008F83A3A3A3A3A3A3A312D8B612DCD78870
:10DC400082898312D8B712DCEB12D8B7A3A3F0EE07
:10DC50002413F8E43FF98882898312DCE050010B39
:10DC6000EE240BFCE43FFD88828983E06403709A14
:10DC700074152508F5081211D012DCBB12D8B712A2
:10DC8000DCFB8093901A35E50EF0A3E50FF0750EDE
:10DC900033750F80780E1208B0A908AC14AD157456
:10DCA0000212093012156C7402120872E9FEAA0AF7
:10DCB000AB0B1210E612DB7A02D97DEE2414F5824A
:10DCC000E43FF5832212D8BBA3A312DCCE22F08A54
:10DCD000828B83A3A3A322F0EE2409F8E43FF92268
:10DCE00012DB8FF0EA2404FA22A3A3A312DCF022B1
:10DCF00012DCF5A322F08882898322F0A3AA82ABEA
:10DD000083228C828D8312D8BBF08C828D83A312E8
:10DD1000D8BBA3F0EA240222E0F8A3E0F9E88A8263
:10DD20008B8322E0F50CA3E0F50D750E00780C2234
:10DD3000F0E98A828B83A3A32274F21203D6890AA4
:10DD40008A088B0990176C12DB6AEEF8EF8028883E
:10DD5000828983A3A3E0650A701288828983A3A3C2
:10DD6000A3E065087004A3E065096051E8FEE9FFDF
:10DD70008882898312E01EF9E84970D37A057B0016
:10DD80001210E08A0C8B0DA80CA90DE849603288AE
:10DD9000828983A3A3E50A12D4CEE508F0A3E5099E
:10DDA00012DCF5E4F0A3F090176C12D8C6EA4B60D1
:10DDB000068E828F83800390176C12DDC6790080F7
:10DDC00002791002D1AEE8F0A3E9F02274EE12035A
:10DDD000D68A0A8B0B750C0090176C12D3DEEA24DE
:10DDE00010F510E4350BF51102DECAE50A240CF536
:10DDF00082E4350BF58312E016850882850983A33A
:10DE0000A3A312D8C6E86A7002E96B601B74FF6AAC
:10DE1000700374FF6B600302DEC1E9548070097403
:10DE2000136849600302DEC1851082851183E024F6
:10DE300017FAE43400FB1210508A0E8B0FAE0EAFAF
:10DE40000FEE4F607C850A0C850B0D750E00780C6B
:10DE50001208AC7C177D0012102C74031208728516
:10DE60001082851183E0603EEE2417FAE43FFBEE5A
:10DE70002413F582E43FF583EAF0A3EBF0E50A24EE
:10DE800013F582E4350BF583E0F50CA3E0F50D788E
:10DE90000C1208AC851082851183E0FC7D00121005
:10DEA0002C74031208728E828F8374D3F0EEFAEF13
:10DEB000FB850882850983A3A3E0F912105C750C29
:10DEC0000185088285098312D3DEE50845096003D0
:10DED00002DDEBA90C02D8B174F61203D674E91274
:10DEE00009407E00740A120B45740212E023A3A3BA
:10DEF00012E0167402120B4512DDC6EA2415F582F3
:10DF0000E43BF583E0C0E0740B120B45D0E012E077
:10DF10002312E016740C120B4512DDC6EA2419F523
:10DF200082E43BF583E0C0E0740E120B45D0E0F0D4
:10DF3000EA2420F582E43BF583E014C0E07410127B
:10DF40000B45D0E0F0EA2422F8E43BF9888289838B
:10DF5000E02401FCA3E03400FD7413120B45ECF047
:10DF6000A3ED12D56712D88DE0C0E0740F120B45F7
:10DF7000D0E0F0EA2412F582E43BF58312E0167457
:10DF800011120B4512DDC6EA2424F582E43BF58329
:10DF900012E0167415120B4512DDC6AA18AB191241
:10DFA00021B4E9FC80010EEEF508750900740278D1
:10DFB000081209FA74902508F874263509F9888240
:10DFC0008983E493C0E0740193F583D082AA82AB85
:10DFD0008374FF6A700374FF6B6028740C120B4526
:10DFE000E06A7003A3E06B70BDAA18AB1988828940
:10DFF00083A3A3E493C0E0740193F583D082120558
:10E000004E800AEC7007AA18AB1912149A74170202
:10E01000D1EEFF901A3512E01EF922901A35E0F881
:10E02000A3E02212DCCEA32274F61203D612E33A46
:10E030009027ABE493F508EC8508F0A4FCA8F085E4
:10E0400008F0EDA428FD79FF7A5E7B0C1210389061
:10E0500003307482F0A3740BF0900332747CF0A34D
:10E06000740BF090033474A6F0A3740BF090033695
:10E0700074E2F0A3740BF090033874E8F0A3740B0F
:10E08000F090033A74FAF0A3740BF090033C740020
:10E09000F0A3740CF090032FE4F080031208727F59
:10E0A000020205EDC082C0837A0080010A9027AB8E
:10E0B000E493F8EAC398500CEA12E0CB70EEAA821F
:10E0C000AB8380047A007B0002E6E675F00EA4F8CC
:10E0D000A9F012E609F422C082C0837A007B007C9A
:10E0E000008014EC12E0CB600DA3A3A3A3A3E0F87F
:10E0F000EA28FAE43BFB0C9027ABE493F8ECC398D6
:10E1000040E102E6E674EC1203D674F41209408989
:10E110000B8A088B098C0F8D0AEA2408F510E43568
:10E1200009F511851082F583E0F8740168600574C3
:10E1300003687011E9600E74FF650B600874036872
:10E14000700AEC70077A007B0002E2F98A0C8B0DF2
:10E15000750E00780C1208AC7C097D00740312095E
:10E160003012102C74031208727409120B45E50F5B
:10E17000F07E007F00120BD0AA08AB09120BD68AE2
:10E180000C8B0D851082851183E064017008750980
:10E19000017508008006750900850F0874FE650C7E
:10E1A000700474FF650D700302E2F57A00742012AA
:10E1B0000B45E0F510A3E0F51180010A9027ABE4D0
:10E1C00093F8EAC398400302E253EA12E665650B4E
:10E1D00070E9A3E0650970E38E828F83A3A3E065F5
:10E1E0000C7004A3E0650D70D28E828F83A3A3A36D
:10E1F000A3E0650870C57509008021850C82850D36
:10E200008312EB07740A120B4512E30D600CAA1877
:10E21000AB19E0F583888212054E0509E509C3951F
:10E220000A400302E2F512E31DF50CE51139F50D84
:10E23000850C82F58312E303120B8EE970DC850CEA
:10E2400082850D8312E303120B9AE970AE7E007F84
:10E250000080C7120B768A128B13AE12AF13EE4FEB
:10E26000700302E2F58E828F83E50BF0A3E509F0DF
:10E270008E828F83A3A3E50CF0A3E50DF08E828F31
:10E2800083A3A3A3A3E508F09027B4E493C3950A5E
:10E290005004E493F50A750900802512E31DF58208
:10E2A000E51139F58312EB07740A120B4512E30DE1
:10E2B000600CAA18AB19E0F583888212054E050997
:10E2C000E509C3950A40D48E828F83A3A3A3A3A399
:10E2D000E50AF085100C85110D780C1208ACAC0A1B
:10E2E000EC2CFCE433FDEE2406FAE43FFB12102C88
:10E2F0007403120872EEFAEFFB740C1208727F0CB2
:10E300000205EDE0FCA3E0FDEEFAEFFB22E8F0A34E
:10E31000E9F0900321E0F8A3E0F9E84922A809E830
:10E3200028F8E433F9E5102822C082C08312E33ACA
:10E3300079FF121038790102E6E690279AE493FCFF
:10E34000740193FD2274F71203D6EA4B60377E0006
:10E3500080010E8A828B83A3A3A3A3A3E0F8EEC35C
:10E36000985022EE25E0F8E433F9EA28F582EB39FB
:10E37000F583A3A3A3A3A3A3E06C7003A3E06D7034
:10E38000D179018002790002E45674F31203D6EACF
:10E390004B6075EA240512E5A5F508606BEA2406D2
:10E3A00008E43BF985080B750A00800B8E828F8389
:10E3B000E014F06053050AE50AC3950B503FE50AE7
:10E3C00025E0F508E433F509EA2508F582EB35097F
:10E3D000F583A3A3A3A3A3A3E0F508A3E0F509ECA9
:10E3E00065087003ED650960C388828983E508F0DC
:10E3F000A3E509F0E82402F850BB0980B88E828FAB
:10E4000083E060047901800279007F050205ED74E4
:10E41000F71203D6EA4B603CEA2405F8E43BF9889E
:10E42000828983E0FE9027B4E493FFEEC39F5024DB
:10E43000EE2EFEE433FFEA2EF582EB3FF583A3A335
:10E44000A3A3A3A3ECF0A3EDF088828983E004F0FA
:10E450007901800279007F010205ED74F31203D681
:10E4600089088C0912E59C700B8A828B83E0FCA3DF
:10E47000E0FD800B120BBE8A0A8B0BAC0AAD0B744D
:10E48000FE6C700374FF6D605B750A00801574018B
:10E49000650B700D88828983E06C7003A3E06D606A
:10E4A00047050A12E57B503C12E586E0650870F1ED
:10E4B000A3E0F50BEA2402F8E43BF98E828F83E0B7
:10E4C000640160CAE50B70D988828983E06C7003AF
:10E4D000A3E06D70CC8A828B83A3A3A3A3E065091C
:10E4E00070BF80047A007B0002E40A74F41203D641
:10E4F000EA2408F8E43BF9880889098882F583E072
:10E500006401700B8A828B83E0FEA3E0FF800B1214
:10E510000BBE8A0A8B0BAE0AAF0B74FE6E700374CF
:10E52000FF6F6052750A008015EC70108882898335
:10E53000E06E7003A3E06F7003120B88050A12E50A
:10E540007B502C12E586A3E0FCEA2402F8E43BF9B8
:10E55000850882850983E0640170CE74016C70DCEB
:10E5600088828983E06E7003A3E06F60CC80CDEE7B
:10E57000FAEFFB120BB87F040205ED9027ABE49392
:10E58000F8E50AC39822E50A75F00EA4F8A9F0741C
:10E590005E28FA740C39FB8A828B8322EA240812E3
:10E5A000E5A5640122F8E43BF9E8FEE9FF8E828FDD
:10E5B00083E022EC75F00EA4F8A9F0745E28F874DC
:10E5C0000C39F92274F41203D6890B8A088B097E60
:10E5D000007F00750A008025E50A75F00EA4F8A9F1
:10E5E000F012E609650B7013AC08AD09AA82AB8383
:10E5F000120B8EE960050EEE70010F050A12E57B25
:10E6000040D6EEFAEFFB02E576745E28F582740CD4
:10E6100039F583E02274F21203D6890C8A088B093B
:10E620008C0D750A00750B008004050A050B9027F8
:10E63000ABE493F8E50BC3985024E50B12E665654F
:10E640000C70E9AC08AD09EEFAEFFB120B8EE96035
:10E65000DBE50AC3950D40D2EEFAEFFB80047A00A9
:10E660007B0002EB2175F00EA4F8A9F0745E28FE81
:10E67000740C39FF8E828F83E022C082C08374F3D2
:10E6800012094074FE6A700374FF6B604A7C00805C
:10E690002212E5B388828983A3E0FD74016D6012C4
:10E6A000ED700F88828983A3A3E06A7003A3E06BF7
:10E6B00060250C9027ABE493F8ECC39840D3E49327
:10E6C0006C70148518828519837404F0740B120B16
:10E6D0004512E77F1217A68008740B120B4512EB48
:10E6E000DE740D120872D083D08202085AC082C034
:10E6F0008374F312094012E8B56402700E12E72524
:10E70000120B4512E8AB1217B28017EAFCEBFD744E
:10E7100003120B45AA82AB83121788AA18AB1912F1
:10E7200017B802E6D98A828B83E0F8A3E0F9740176
:10E730002274F71203D674F3120940ECFEEDFF8544
:10E7400018828519837404F0740B120B4512E77F4D
:10E750001217BEE9F508601D8E828F83A3A3A3A3C1
:10E76000A3A3A3A37403F0120B45AC82AD83EEFA0E
:10E77000EFFB1211D0A908740D12087202E456EAD8
:10E78000F0A3EBF0AA18AB1922C082C08374F31275
:10E7900009408518828519837404F0740B120B45A7
:10E7A00012E77F1217BE740102E6DB74F61203D67D
:10E7B00074F312094090032FE0707B85188285194D
:10E7C000837404F090184512E729120B45E8F0A372
:10E7D000E9F0121C928A088B09AC08AD0974031287
:10E7E0000B45AA82AB83121788AA18AB191217C45B
:10E7F000121C9E8A088B09A808A9097401120B45EE
:10E80000E0687003A3E069602774FE68700374FF1A
:10E8100069601D7401120B45E8F0A3E9F07403125E
:10E820000B45AA82AB83121CA4AA18AB191217C4F9
:10E8300090032F7401F0740D02E09CC082C08374B9
:10E84000F312094012E8B5F8740268701112E72556
:10E85000120B4512E8AB1217B2E9704C801F74031B
:10E86000687023EAFCEBFD7403120B45AA82AB83AC
:10E87000121788AA18AB191217B8E9702BAA18AB8F
:10E88000191217C4802274016870128A828B831255
:10E89000EB07740B120B45E8F0A3E9800A740B1226
:10E8A0000B4574FEF0A304F002E6D9E8F0A3E9F00A
:10E8B000AA18AB19228518828519837404F08A82FC
:10E8C0008B83A3A3A3A3A3A3A3A3E02274F71203A0
:10E8D000D6780079007C007D0080010D9027ABE4A4
:10E8E00093FEEDC39E502AED75F00EA4FE85F00850
:10E8F000AF08745E2EF582740C3FF583E0F460DBA4
:10E900008C0874012CFCAE08EA6E4B70CEA882A96C
:10E9100083E8FAE9FB02E45674F61203D6E4F5083C
:10E92000F50978081208B012EBE412EB1312115833
:10E930007402120872E9FE74096E7003120BE8EE9D
:10E94000F902E09F74F61203D674FE12094085188E
:10E9500082851983E4F0A3F0A818A9198808890909
:10E9600078081208B075080275090078081208B016
:10E970007C007D007A417B001211647404120872DD
:10E98000740202E09C74F21203D674EE120940EA9B
:10E99000FEEBFF8C088D09750A007A417B0012118D
:10E9A0005E8A0C8B0DAC0CAD0DEC4D6011E5086C66
:10E9B0007003E5096D60077A417B00121170E4F580
:10E9C0000CF50D780C1208B0AC08AD097A417B004B
:10E9D0001211587402120872E9640A700302EAFE06
:10E9E00074021209288808890978081208B0750885
:10E9F0000275090078081208B07C007D007A007B5F
:10EA00000312116A7404120872E9600302EAFE85B7
:10EA10001882851983E4F0A3F075080080697404F6
:10EA2000120928880C890D780C1208B090279A12C8
:10EA300006E912ECBC7A007B0312116A7404120816
:10EA400072E9600302EAFE7404120B45E0F46035DB
:10EA50007404120928880C890D780C1208B09027CC
:10EA60009A1206E97404120B4512EB0712ECCAFA6B
:10EA7000850CF0E912EB0D1211647404120872E9AE
:10EA8000707C12EDAE0508851882851983C082C09E
:10EA9000839027ABE493F8D083D082C3E098A3E0BF
:10EAA00094005021851882851983C082C083740226
:10EAB000120B4512EB07D083D082C3E098A3E099F4
:10EAC000500302EA1EA818A91988088909780812B3
:10EAD00008B075080275090078081208B07C007D3E
:10EAE000007A417B001211647404120872E9700EFE
:10EAF000EEFCEFFD7A007B03121170E96003750AEA
:10EB000001A90A74128017E0F8A3E0F922A42AF9F7
:10EB1000E82402FCE439FD7A417B002274021208E9
:10EB2000727F060205ED74F21203D674FE120940DC
:10EB3000750A0012EBE4F508E439F5097A417B0027
:10EB400012115E8A0C8B0DAE0CAF0DA818A9198896
:10EB50000C890D780C1208B0750C02750D00780C3C
:10EB60001208B07C007D007A417B0012116A7404A7
:10EB70001208727A007B0312115E8A0C8B0DA80CAE
:10EB8000A90DE849700CE5086E7003E5096F700D7A
:10EB90008041EE4F602B12EBD8EA4B60247C007D65
:10EBA000037A417B00121DACE9F8880A7025EEFC5F
:10EBB000EFFD7A417B00121170E96009750A01804E
:10EBC00012E8FEE9FFAC08AD09EEFAEFFB120BEE1E
:10EBD000E9F50AA90A02EB1C851882851983E0FA77
:10EBE000A3E0FB2290279AE493F8740193F990270D
:10EBF000ABE493F508E88508F0A4F8AAF08508F0DE
:10EC0000E9A42AF9E824022274F21203D674FE124F
:10EC10000940851882851983E4F0A3F0120BF4E90A
:10EC2000600302ECB6A818A91988088909780812A7
:10EC300008B075080275090078081208B07C007DDC
:10EC4000007A417B0012116A7404120872E970663E
:10EC50007E007F007508008041E50875F00EA4F87D
:10EC6000A9F0745E28F50A740C39F50B780A1208BD
:10EC7000B090279A1206E912ECBC7A417B0012117F
:10EC80006A7404120872E9700F850A82850B83E0AA
:10EC9000F460050EEE70010F05089027ABE493F8C1
:10ECA000E508C398501085188285198312EB07C3B5
:10ECB000EE98EF9940A312EBD802EB1CA80812ECD7
:10ECC000CAF9E82402FCE439FD2290279AE493F57E
:10ECD0000C740193F50DE8850CF0A4C8AAF0850D1D
:10ECE000F0A42A2274F11203D674F0120940851898
:10ECF00082851983E4F0A3F07E008075EE75F00E36
:10ED0000A4F8A9F0745E28F508740C39F509850893
:10ED10000CF50D750E00780C1208AC12E33A740570
:10ED200012093012102C740312087274021209288E
:10ED3000880A890B780A1208B090279A1206E9EE21
:10ED4000F890279AE493F50A740193F50BE8850A85
:10ED5000F0A4C8AAF0850BF012EB0D121164740434
:10ED6000120872850882850983E0F4600312EDAE13
:10ED70000E9027ABE493F8EEC3984080A818A91929
:10ED80008808890978081208B075080275090078A2
:10ED9000081208B07C007D007A417B001211647477
:10EDA0000412087274101208727F070205ED8518AC
:10EDB00082851983E02401F0A3E03400F02274F48A
:10EDC0001203D68908EAFEEBFF9015F2E070217578
:10EDD0000A56750B13780A1208B07C147D007A006D
:10EDE0007B001211FA74021208729015F27401F08D
:10EDF0007A057B001210E08A0A8B0BA80AA90BE89F
:10EE00004970047910804788828983E4F0A3F088F0
:10EE1000828983A3A3E508F088828983A3A3A3EE54
:10EE2000F0A3EFF09015F012F898EA4B9015F0600F
:10EE30001812F8CC8003EAFCEBFD8C828D8312F86B
:10EE400098EA4B70F18C828D8312F4C5790002F13F
:10EE50007A78081208B475080078081208B47C03A0
:10EE60007D00EEF9121212740B120872740212086D
:10EE7000727F020205ED74F61203D674FE12094089
:10EE8000E9FEEC851882851983F07401120B451296
:10EE9000EEC91208B075080275090078081208B0AA
:10EEA0007411120B4512EED61208B4E4F508780876
:10EEB0001208B07413120B4512EED61208B475087E
:10EEC0000178081208B402EE51EDF0A818A91988CB
:10EED000088909780822E0F508780822E9F0A818DE
:10EEE000A919880A890B780A22E0F50978092274A1
:10EEF000EC1203D674FF120940890F8A128B138C0F
:10EF0000118D107417120B4512F887E02403851831
:10EF100082851983F0FEFA7B001210E08A088B09C3
:10EF2000EA4509700302EFD27415120B4512EFE0A7
:10EF30008A828B83F0E9A312F57C12F29B850A8208
:10EF4000850B83A3A982AA83890C8A0D750E00788C
:10EF50000C1208AC850A82850B83E0FC7D00E50875
:10EF60002403FAE43509FB12102C7403120872789A
:10EF7000081208B08E0A750B00780A1208B0741DCA
:10EF8000120B45E0F50A780A1208B4E4F50A780A8B
:10EF90001208B0E510F50A780A1208B4750A00786C
:10EFA0000A1208B4750A01780A1208B4E511F50AC4
:10EFB000780A1208B47C047D00AA12AB13A90F12C0
:10EFC0001212740B120872E9FEAA08AB091210E6BD
:10EFD00080027E10EEF974011208727F0C0205EDBA
:10EFE00012EFE422E0F8A3E0F9E82274EC1203D671
:10EFF000890A8A0E8B0FECFEEDFF78006002780123
:10F000007416120B45E0F50BC3330428F50C750D8F
:10F0100000FAAB0D1210E08A088B09EA450970036B
:10F0200002F0EDA808A909EF600D7415120B451246
:10F03000F2A4A3A882A98388828983E50BF0A3A800
:10F0400082A9837C007417120B4512F8988031EC6A
:10F0500025E0F510E433F511EA2510F510EB351134
:10F06000F511851082F58312F2A485108285118333
:10F07000A3E088828983A3F0E82402F85001090CF8
:10F08000ECC3950B40C978081208B0780C1208B090
:10F09000741E120B45E0F50B780B1208B4E4F50C66
:10F0A000780C1208B07420120B45E0F50B780B12A7
:10F0B00008B4741C120B45E0F50B780B1208B475FC
:10F0C0000B01780B1208B4EEF50B780B1208B47C28
:10F0D000047D00AA0EAB0FA90A121212740B1208BB
:10F0E00072E9F50BAA08AB091210E68003750B1044
:10F0F000A90B02EFDB74F41203D674FD120940E988
:10F10000FEECFF851882851983EDF0740F120B4514
:10F11000E0F8A3E0F97401120B45E8F07402120B59
:10F120004512EEDC1208B0750A03750B00780A125E
:10F1300008B07416120B4512EEE91208B4E4F50A91
:10F14000780A1208B07418120B4512EEE91208B4CE
:10F1500075090178091208B478091208B4EFF509A5
:10F1600078091208B47C047D00EEF9121212740BB7
:10F17000120872740380001208727F040205ED7495
:10F18000EA1203D689108A148B158C0F8D1178041E
:10F190007416120B45E0F50CA3E0F50DE50C240206
:10F1A000F50AE4350DF50BEC7009850A82850B83B1
:10F1B000E028F8E8FEFA7B001210E08A088B09EAE2
:10F1C0004509700302F2928A828B83E50FF0850C69
:10F1D00082850D83E08A828B83A3F0850C82850D66
:10F1E00083A312F29BEA2403F8E43509F9E50F70D2
:10F1F0003F850A82850B8312F2A4850C82850D83DC
:10F20000A3A3A3A982AA83890C8A0D750E00780C8A
:10F210001208AC850A82850B83E0FC7D00E508249A
:10F2200004FAE43509FB12102C74031208728006EC
:10F2300088828983E4F078081208B08E0A750B0082
:10F24000780A1208B0741C120B45E0F50A780A120D
:10F2500008B4E4F50A780A1208B0E511F50A780A4C
:10F260001208B4750A01780A1208B4780A1208B4B0
:10F27000780A1208B47C047D00AA14AB15A91012F8
:10F280001212740B120872E9FEAA08AB091210E6FA
:10F2900080027E10EEF97F0E0205EDE08A828B83FC
:10F2A000A3A3F022E088828983F022C082C0838AEF
:10F2B000828B83A3A3E054076401700712135CE9F7
:10F2C000F980027901D083D08202085A74F61203C1
:10F2D000D612F4CB12F8BDFC9015F012F8A46059C8
:10F2E00088828983A3A3E06C8882898370EDA3A3BD
:10F2F000A312F8CCFDEC4D60408E828F83A3A3A3B4
:10F30000A3E0F508A3E0F50978081206330000062B
:10F3100039F320F339F339F34DF352F339F368F34A
:10F320008A828B83A3A3E05408701E8A828B83A3F6
:10F33000A3A3A3A3A3A3E06004790180658C828DBD
:10F340008312F3A5600312054E79008055121362F3
:10F3500080138A828B83A3A3E05408700512136E76
:10F360008003121374E980397E008A828B83A3A301
:10F37000E05408702B8A828B83A3A3A3A3A3A3A327
:10F38000E0FA60061460031470148C828D83A3A3CA
:10F39000A3A312F3A56009EAF912054E80027E01CB
:10F3A000EEF902EE71E0F8A3E0F988828983E58244
:10F3B00045832274F41203D674FA1209408A088B2A
:10F3C000098A828B83A3A3A3A3A3A3A3E0F88A82C1
:10F3D0008B83A3A3E05408600302F487E870218ABA
:10F3E000828B83A3A3A3A3A3A3A3A312EFE0FAE9B1
:10F3F000FB12F8EA12F8C8FBECFA12213C02F4BE48
:10F40000740168600302F48A851882851983E4F028
:10F41000A3F012F4CBE4F50AF50B780A1208B074E5
:10F4200002120928880A890B780A1208B07C007D2C
:10F43000008E828F8312F89412F8831212A2740441
:10F4400012087285188285198312F8A460708508E5
:10F4500082850983E0FEA3E0FF850882850983A3F6
:10F46000A3A3A3A3A312EED61208B47508017808CB
:10F470001208B47402120B4512F8A9121338740260
:10F4800012087279FF8039E86004790180328A823B
:10F490008B8312FB207402120B4512F4C58A828BF7
:10F4A00083A3A3A3A312F89412F8C8F9ECF8740488
:10F4B000120B4512F4C57402120930122052790061
:10F4C000740602F177E8F0A3E9F0228A828B8312B6
:10F4D000EFE4FEE9FF2274F11203D674FF12094033
:10F4E0008909EAFEEBFF8C0A8D0B8518828519834A
:10F4F000E4F08C828D83A3A3E0F508E4F50CF50D10
:10F50000780C1208B07402120928880C890D780C46
:10F510001208B07C007D007A047B00A9091212A2B7
:10F520007404120872851882851983E0603BE5082F
:10F53000C39410400375080F8E828F83A3A3E50840
:10F5400012F57CA3A3A3A982AA83890C8A0D750E48
:10F5500000780C1208ACAC087D00EE2403FAE43FFE
:10F56000FB12102C7403120872EEFAEFFBA90912B9
:10F5700019C874011208727F070205EDF0850A822E
:10F58000850B832274EC1203D674CA1209408A08D0
:10F590008B097F007402120B45E4F0A3F07E007C1F
:10F5A00012FDF97404120930121038850882850999
:10F5B00083A3A3A3A3A3A3A3A312F887A3A882A9A9
:10F5C00083850A82F583E0FC88828983E0FBECFA7C
:10F5D0007404120B45EAF0A3EBF0E5082406F510DD
:10F5E000E43509F511E5082407F50EE43509F50FB2
:10F5F000850E82F583E0601E14605614700302F6D7
:10F600008F14700302F7DA14700302F817147003F2
:10F6100002F82D02F873AC0AAD0B74041209301213
:10F62000F8EA121368E9FC600B74B86C70047C8A09
:10F6300080027C8912F8D11208B47508017808128A
:10F6400008B47406120B451206BCECFD7C0002F8EF
:10F65000087404120B4512F8E81219CE8A0A8B0BB3
:10F66000EA450B60047C00800B7C8B740412092833
:10F67000880A890B12F8D11208B4780A1208B07DF2
:10F680000112F87C121350740312087202F81385E9
:10F690000A82850B83E0FE880A890B7A207B0012A0
:10F6A00010E08A0C8B0DEA450D700302F784EE70B2
:10F6B0000A12F8EA1219DAE9FF80568E12850A82D8
:10F6C000850B83E0FAA3E0F9EAF87404120B451203
:10F6D000F4C5E50A2402F50A5002050B7404120B66
:10F6E0004512F89812F8EA1219CE8B0FEA450F600E
:10F6F000177404120B4512F898EF12FAE8E50D3969
:10F70000F583EAF0A3EBF00F1512E51270AFEF608E
:10F710006A1219ECE9F9850882850983E0F508A3E6
:10F72000E0F509851082851183E0F50A780A120850
:10F73000B4750A01780A1208B4780C1208B0EFF513
:10F740000A780A1208B47410C399F50A780A1208E4
:10F75000B4750A01780A1208B47D017C02E5082418
:10F7600006FAE43509FBE5082414F582E43509F5C9
:10F7700083E0F91213447407120872AA0CAB0D123D
:10F7800010E68054850E82850F83E08518828519E6
:10F7900083F07401120B457489F012F8D11208B489
:10F7A000E4F508F50978081208B075080178081220
:10F7B00008B478081208B474051209288808890961
:10F7C00078081208B08E828F83A3A3A3A312F8A98E
:10F7D000121224740712087280397404120B451235
:10F7E000F8E81219E0E960047C0080027C8B12F8D2
:10F7F000D11208B475080178081208B47406120B07
:10F80000451206BCECFD7C0312F87C12134A74040A
:10F810001208727EFF805E741612093012F8EA1226
:10F8200019DAE9605012F8EA1219E68048E4F50C9A
:10F83000F50D780C1208B07404120928880C890D93
:10F84000780C1208B07C007D007A037B0012F8EA85
:10F850001212A274041208727402120B4512F8A458
:10F860006013AC0AAD0B740412093012F8EA1213DB
:10F870006880027E01EEF9743602EFD8EE2406FAB3
:10F88000E43FFB12F8B822E0F50AA3E0F50B850A85
:10F8900082F58322A3A3A3A3E0FAA3E0FB228508B9
:10F8A0008285098312EFE4492212F8CCFDEE24068A
:10F8B000FAE43FFB12F8B82212F8BDF922EE241444
:10F8C000F582E43FF583E0228A828B83E0FCA3E0AB
:10F8D00022850882850983E0FEA3E0FF85108285EA
:10F8E0001183E0F508780822E0FA8508828509830B
:10F8F000E0F8A3E0C82414F582E438F583E0F922A7
:10F9000074EA1203D674E41209408A0E8B0F8C0835
:10F910008D098A828B83A3A3A3A3A3A3A3A3E0FE41
:10F92000A3E0FF7513007C127D007900740A1209B0
:10F93000301210387C0A7D007900AA18AB19121019
:10F9400038EE2402FAE43FFBE508240CF5085002E7
:10F9500005098E828F83A3A882A983E50E2407F56B
:10F960000AE4350FF50B850A82F583E0600F146019
:10F970000C14700302FA3C14600302FADB8E828FCF
:10F9800083E0FC7403120B45ECF0E8FEE9FF8E8285
:10F990008F83E0F50C8A828B83E0F9740A120B45A1
:10F9A000E50C12F4C6EC705B850A82850B83E0647B
:10F9B0000170508E828F83A3A3E0F9EE2403FE50E2
:10F9C000010FE9C394104002790F740C120B45E942
:10F9D000F08E108F1175120078101208ACE9FC7DC2
:10F9E000007410120B45AA82AB8312102C74031200
:10F9F0000872740C120B45A882A9837408120B4577
:10FA000012F4C512F89E700302FADE12FB08C0E081
:10FA10007402120B45D0E0F07404120B457401F02F
:10FA2000740A1209287405120B4512F4C5740712E2
:10FA30000B45E412FAF412054E02FADE750C00755D
:10FA40000D008E828F83E0C0E07407120B45D0E07A
:10FA5000F088828983E0F5100E0EEBFFE510604917
:10FA600025E0FAE433FB1210E08A0C8B0DEA450D19
:10FA700060377404120B45E510F07A0080258E8201
:10FA80008F8312F8CCF8E4C8F9EC28E439FDEA12C7
:10FA9000FAE8EB39F583ECF0A3EDF0EE2402FE502A
:10FAA000010F0AEAC3951040D512F89E601E12FBA2
:10FAB00008C0E07402120B45D0E0F07405120B454B
:10FAC000E50CF0A3E50D12FAF412054EE50C450D18
:10FAD000600CAA0CAB0D1210E68003751301A9137C
:10FAE000741C12087202F29625E0F8E433F9E50C72
:10FAF00028F58222F0AA18AB19850882850983E0CF
:10FB0000F8A3E0F583888222850E82850F8312FB9D
:10FB100020851882851983E8F0A3E912F57CE0229C
:10FB2000E02406F8A3E03400F922E5A485188285D4
:10FB30001983F0E5A5C0E07401120B45D0E0F0E5B3
:10FB4000A6C0E07402120B45D0E0F07403120B451E
:10FB5000E4F0E8A2E792AF851882851983120B16AC
:10FB60007404120872D083D08202085AC082C08303
:10FB700074E01209409061A97414F09061AB743F75
:10FB8000F0A37455F090619674FCF09061A87485B0
:10FB9000F0907803E0F87495686005743468700C30
:10FBA000906265740FF090619674F8F09061AEE425
:10FBB000F09061B27415F0906182E4F09061B574D8
:10FBC00010F0A3740EF0A37403F09061FA7409F0BE
:10FBD0009061E574FFF0439A01D2A843A90153B99B
:10FBE000FE43A90453B9FB906249E09007ACF0A82A
:10FBF000A8C2AF75C30275A20075A328E8A2E79258
:10FC0000AF7480659E70FA439403E594A2E250FAC3
:10FC100043940AD2BA9061897448F0120F8A9061B5
:10FC200099E0A2E050F8780079007A10E825E0F831
:10FC3000E933F99061A7E0A2E0E433FCE84CF8DA9C
:10FC4000EBE849600A748068700374036970047893
:10FC5000BE79BAE8F5BCE9F5BC9007BBE0F8A3E0D3
:10FC6000F9E8496042790078007A089061A7E0A23B
:10FC7000E0E433FBE8334BF8DAF1E9FA85188285E2
:10FC80001983E5822AF582E43583F583E8F009E9F2
:10FC9000C3942040D2AA18AB199007BBE0F8A3E0A8
:10FCA000F583888212054E120F909061897440F09E
:10FCB000E0D2E5F0906164E4F0A3F0A3F0A3F0A338
:10FCC000F0A3F0742002FB62E5B454F34404F5B4ED
:10FCD000E5BDF902085AE5B454F34404F5B4E5BDB2
:10FCE000F9E5BCFAE9FB02085AA9A8C2AF75C3013D
:10FCF000A8A3AAA2E9A2E792AFE8FB02085AC08231
:10FD0000C08374FC120940A8A8C2AF75C300E5A265
:10FD100002FB2AC082C08374FC120940A8A8C2AFAB
:10FD200075C31002FB2A74F41203D674FC12094046
:10FD300012FE7D8518828519837808120AEE908953
:10FD4000787808120A6C12FDFE6003120C129007FC
:10FD5000B7C082C083120E228A088B098C0A8D0BD1
:10FD6000D083D0827808120A20851882851983787A
:10FD7000081209109007B77808120ADFA8A8C2AFC6
:10FD800075C300851882851983E0F5A47401120BF0
:10FD900045E0F5A57402120B45E0F5A6E8A2E702DE
:10FDA000FE9174F41203D674FC12094012FE6F1215
:10FDB0000AEE9089787808120A6C12FDFE60031230
:10FDC0000C12A2AFE433F8C2AFE5A7A2E45005D20B
:10FDD0000053A7EF75C330851882851983E0F5A419
:10FDE0007401120B45E0F5A57402120B45E0F5A66F
:10FDF00075A1EFA200500343A710E802FE8FE508AB
:10FE00004509450A450B2274F41203D674FC120905
:10FE10004012FE6F120AEE9089787808120A6C126E
:10FE2000FDFE6003120C12A2AFE433FEC2AFE5A7E1
:10FE3000A2E35005D20053A7F775C3208518828529
:10FE40001983E0F5A47401120B45E0F5A5740212C4
:10FE50000B45E0F5A653A1F7A200500343A7088580
:10FE60001882851983120B16120CE4EE02FE8F1213
:10FE7000FE7DC20085188285198378082285188244
:10FE8000851983EAF0A3EBF0A3ECF0A3EDF022A236
:10FE9000E092AF74041208727F040205ED74F4124C
:10FEA00003D674FC120940851882851983E4F0A3F7
:10FEB000F0A3F0A3F0A2AF33FEC2AF75C300E5A27A
:10FEC000E5A4851882851983F0E5A5C0E0740112C8
:10FED0000B45D0E0F0E5A6C0E07402120B45D0E07F
:10FEE000F09007B77808120AEE8518828519837892
:10FEF00008120A0D9007B37808120AEE8518828559
:10FF000019837808120AB050419007B77808120A8E
:10FF1000EE9007AE780812096C702F120DA48A08B3
:10FF20008B098C0A8D0B9007B77808120A0D120DF9
:10FF3000A48A088B098C0A8D0B8518828519837811
:10FF400008120A0D9007B27401F085188285198392
:10FF5000120B229007B3120B2E9007B7120B2290B0
:10FF600007AE120B2EEEA2E092AF851882851983A0
:10FF7000120B1602FE93C082C0839007AD7480F00E
:10FF800043A70102FB65C082C08353A7FE9007AD63
:10FF9000E0F902FB6574F41203D6A2AFE433FEC2AB
:10FFA000AF9007B2E07015120DA48A088B098C0A75
:10FFB0008D0B9007B77808120A0D8002E4F0EEA2CC
:10FFC000E092AF02FE9874F41203D68A088B098C73
:10FFD0000A8D0B90899878081207F7500C750896CF
:10FFE000750951750A18750B0090898C7808120AEA
:0EFFF000209019D97808120ADF7F040205ED6F
:020000040002F8
:10000000C082C0839003497470F0A374B1F0A3E080
:10001000541FF090034D741DF0A37442F0A374704C
:10002000F0A374B2F0900353E0541FF090035574A2
:100030001EF0A37412F08040C082C08312807F0043
:10004000E5D6A2E150F9E5B354F84406F5B343B35D
:1000500001E5B3A2E350FA801FC082C08312807F03
:1000600000E5D6A2E150F9E5B354F84404F5B343F2
:10007000B301E5B3A2E350FAD083D08202085AEA72
:10008000FCEB900347F0ECA3F090034C7410F0905D
:10009000034BE054E0F075D1FD75D6022274F712DF
:1000A00003D67409120B451284F0FEE9900347F061
:1000B000EEA3F0740B120B451284F090034CF0E9A0
:1000C000F890034BE054E048F0EAFEEB900351F067
:1000D000EEA3F0EC900354F0EDFC900353E054E0F9
:1000E0004CF075D1FD75D60200E5D6A2E150F97548
:1000F000D1FB75D60400E5D6A2E250F97F010205D6
:10010000EDC082C083121DB2028078C082C08353CA
:10011000B38F43B340121DBE02807874F41203D62D
:100120008C088D09750A10750B00780A1208B078D2
:10013000081208B07C107D00AA08AB09121DC47417
:100140000412087212872DE5D1A2E250FA7F040250
:1001500005ED74F01203D674E91209407404120B11
:1001600045E9F07405120B45ECF0A3EDF0740412B0
:100170000B45E070030284D57431120B45E014C0C6
:10018000E07407120B45D0E0F0742B120B45E0F53C
:100190000EA3E0F50FE50E450F60097407120B453D
:1001A000E0D2E6F07404120B45E024FE333354FC35
:1001B000F87407120B45E04812893A1208AC7C0D1E
:1001C0007D00740B120B45AA82AB8312102C7403B2
:1001D0001208727427120B45A3E0C0E07415120BCD
:1001E00045D0E0F07427120B45E0C0E07416120B06
:1001F00045D0E0F07C107D007900742F120B451281
:100200008748121038750C20750D00C3E50E940F49
:10021000E50F9400401DE50E24F2F8E50F34FFF9D8
:10022000E854F02420F50CE439F50DE8540F600390
:100230001284E47427120B45E054F0F8A3E0F9E5CA
:100240000C28F50CE50D39F50D7427120B45E0541B
:100250000F60031284E4AA0CAB0D1210E0740212BA
:100260000B45EAF0A3EBF07402120B451284F0493F
:10027000700579100284D774071209288808890943
:1002800078081208AC7C107D007405120B451287AB
:100290004812102C74031208727402120B45E0F815
:1002A000A3E0C82410F582E438F583E50FF074026A
:1002B000120B45E0F8A3E0C82411F582E438F58379
:1002C000E50EF07402120B45E02412128533401142
:1002D0007429120B4512874E1208AC7C0E7D0080EB
:1002E000177C0E12873E1210387429120B451287A4
:1002F0004E1208ACAC0EAD0F7403120B45128748BA
:1003000012102C7403120872851882851983E02458
:100310000E12853350030283B2E50E24F2F50EE58A
:100320000F34FFF50F850E08F50974047808120ADA
:10033000D0AE08AF09E50E1284DB1209FA85080E6B
:100340007429120B45E0240EF508A3E03400F509EA
:1003500078081208ACAC0EAD0F7403120B4512876F
:100360004812102C7403120872128516604412870A
:100370003C1210388E088F09740478081209FA7438
:1003800029120B45E02508F8A3E03509F9E8240E09
:10039000F508E439F50978081208ACAC0B7D007457
:1003A00003120B4512874812102C740312087212A4
:1003B00084F77427120B4512873474047808120AE4
:1003C000D0AE08AF097427120B45E01284DB120986
:1003D000FA85080E85090F7405120B4512874E1217
:1003E00008ACAC0EAD0F7403120B45128748121007
:1003F0002C7403120872128516603D12873C12108D
:10040000388E088F09740478081209FA7405120BE3
:1004100045E02508F508A3E03509F5097808120834
:10042000ACAC0B7D007403120B4512874812102CE4
:1004300074031208721284F7851882851983C082AA
:10044000C0837402120B45E0F8A3E0F9D083D08298
:10045000E0C398F8A3E099F9E8650C7003E9650D2D
:100460006003120C1253B38F43B350742F120B4519
:10047000128748121DB8780C1208B07404120B458C
:100480001206BC7C107D007433120B451287481293
:100490001DC4740412087253B3F87404780C120A61
:1004A000D0E50C24FFFEE50D34FFFF12871E600B24
:1004B00043B301E5B3A2E340F280F853B38F85B3B1
:1004C000B343B301E5D1A2E250FA7402120B451214
:1004D00087481210E6790074178067540FF50B7483
:1004E00004780822E50C2410F50CE4350DF50D22F6
:1004F000E0F8A3E0F9E822851882851983E024104A
:1005000012850422F8A3E03400F985188285198346
:10051000E8F0A3E9F022851882851983E0250EF81A
:10052000A3E0350FF9851882851983E8F0A3E9F077
:10053000E50B22128504C3E50E940FE50F9400220B
:1005400074021208727F080205ED74F01203D6746B
:10055000DD120940E9851882851983F07401120BB8
:1005600045ECF0A3EDF0EAFEEBFF750E00750F0011
:100570007437120B45128734750A0078081208ACDC
:100580007403120B45E0FC7D007416120930121042
:100590002C74031208727439120B45E014C0E07415
:1005A00003120B45D0E0F08E088F0978081208ACD2
:1005B0007C0D7D007407120B45AA82AB8312102CB0
:1005C00074031208727412120B45E4F07411120BCA
:1005D00045E4F07433120B45E0F50CA3E0F50D850E
:1005E0000C08F50974047808120AD0AE08AF09E5C2
:1005F0000C540FF50B60050EEE70010FE50C450D68
:1006000060538E088F09740478081209FAAA08AB9F
:10061000091210E08A0E8B0FEA450F70057910025F
:1006200087197401120B4512874E1208ACAC0CAD41
:100630000D12102C7403120872E50B6018F8741078
:10064000C398FC95E0FD7900E50E250CFAE50F3521
:100650000DFB12103853B38F43B3207403120930CB
:10066000121DB875081075090078081208B07415C5
:100670001209288808890978081208B07C107D00C2
:10068000743B120B45128748121DC4740412087281
:1006900012872DE5D1A2E250FAEE4F604E53B38F90
:1006A00043B3307412120B457401F0740312093015
:1006B000121DB88E088F09740478081209FAAC0864
:1006C000AD0978081208B0780E1208B0AA0EAB0F68
:1006D000121DC4740412087253B3F812871E600B03
:1006E00043B301E5B3A2E340F280F8E50E450F60A5
:1006F00026850E08850F0978081208ACAC0CAD0DE4
:100700007404120B4512874812102C7403120872DD
:10071000AA0EAB0F1210E679007423028542EEF8A0
:10072000EFF9E824FF1EE934FFFFE8492253B3F84C
:1007300043B30122E0F508A3E0F509227C107D0017
:100740007900851882851983E0FAA3E0FB22E0F5A1
:1007500008A3E0F50978082274F11203D674DE12BA
:100760000940851882851983ECF0A3EDF0890E7499
:1007700037120B45E014C0E07402120B45D0E012B2
:10078000893A1208AC7C0D7D007406120B45AA82D2
:10079000AB8312102C74031208727411120B45E40F
:1007A000F07410120B45E4F07431120B45E0C39560
:1007B0000EF50BC4540FFE7F00740F550B60050E31
:1007C000EE70010F7C107D00790074121209301256
:1007D0001038A80B851882851983E028F508A3E056
:1007E0003400F50978081208ACAC0E7D00741512BF
:1007F000093012102C740312087253B38F43B320C4
:100800007402120930121DB87508107509007808B5
:100810001208B07414120928880889097808120887
:10082000B07C107D007439120B45128748121DC42C
:10083000740412087212872DE5D1A2E250FA8E08D4
:100840008F09740478081209FAAA08AB091210E09B
:100850008A0C8B0DEA450D700579100289308E08DF
:100860008F09740478081209FAAC08AD09F912105E
:100870003885188285198312874E1208ACAC0B7D1F
:1008800000AA0CAB0D12102C7403120872EE605209
:1008900053B38F43B3307411120B457401F004123B
:1008A0000930121DB88E088F09740478081209FAED
:1008B000AC08AD0978081208B0780C1208B0AA0C80
:1008C000AB0D121DC47404120872E5B354F844024F
:1008D000F5B312871E600B43B301E5B3A2E340F208
:1008E00080F8850C08850D0978081208ACAC0B7DE2
:1008F000007403120B4512874812102C740312085F
:1009000072AA0CAB0D1210E67435120B4512874E0D
:100910001208ACAC0E7D00A80B7403120B45E02846
:10092000FAA3E03400FB12102C7403120872790051
:1009300074221208727F070205EDF08A088B097590
:100940000A0078082274F21203D6E9FF8C0C8D0D90
:10095000700579000289D7740E120B45E0C39FFE23
:100960007416120B451287347418120B45E0F50A01
:10097000780A1208B478081208B07417120B4512DE
:1009800006BC7417120B451206BC7417120B4512E5
:1009900006BCEEF50A750B00780A1208B0121DDCD1
:1009A000740B120872E9F8702E7800800108E8C311
:1009B0009F5024EEFD74012DFEE8FAE5082AF58229
:1009C000E43509F583E0FCE50C2DF582E4350DF501
:1009D00083E06C60D879017F060205ED74F01203A4
:1009E000D674FE120940128B45120B45E0FEA3E0BF
:1009F000FF741A120B45128B26120B45128B301204
:100A000008B4780C1208B0850E0A850F0B780A120C
:100A100008B0741D120B451206BC741D120B451252
:100A200006BC8E0A8F0B780A1208B0741D120B4593
:100A3000128B20740B120B45128B3D121DDC740BB4
:100A4000120872E9F97034E509F50A780A1208B457
:100A5000780C1208B0780E1208B08E0A780A1208C4
:100A6000B07419120B45128B207407120B45128BB0
:100A70003D121DE27407120872E9F902854074F014
:100A80001203D674FE120940128B45120B45E0FE8C
:100A9000A3E0FF741A120B45128B26120B45128B22
:100AA000301208B4780C1208B0850E0A850F0B7846
:100AB0000A1208B08E0A8F0B780A1208B074191245
:100AC0000B45128B207407120B45128B3D121DE84B
:100AD0007407120872E9F97044E509F50A780A12F8
:100AE00008B4780C1208B0780E1208B0741D120BFE
:100AF000451206BC741D120B451206BC8E0A780AFC
:100B00001208B0741D120B45128B20740B120B458A
:100B1000128B3D121DEE740B120872E9F90285402A
:100B2000E0FCA3E0FD22E0F50EA3E0F50F741C222B
:100B3000E0F50CA3E0F50DEBF50A780A22E0FAA344
:100B4000E0FBA90822851882851983ECF0A3EDF05B
:100B50008A088B0974142274F21203D68A088B094E
:100B60008C0A8D0B7A0B7B001210E08A0C8B0DAE79
:100B70000CAF0DEE4F606A900301129617900301BF
:100B8000EEF0A3EFF0EE2402F50CE43FF50D850C3A
:100B900082F583E508F0A3E509128BEAE50AF0A3E4
:100BA000E50B128BEAA3A37432128BF67401128B3D
:100BB000F6A3F0740E120B45129141A3A3A3A3A3B5
:100BC000129124900301128F0E90030512912412AA
:100BD00094831220FA850C82850D831294BBA3E9BD
:100BE000F0EEFAEFFB7F060205ED128BEE22128C7F
:100BF0008FA3A3A3A322128BEEA3A3A32274F612A6
:100C000003D6EAFEEBFF8E828F83E0F91221848BFC
:100C100009EA4509600479028027E4F508F50978B6
:100C2000081208B07C007D00EEFAEFFB1221A874D8
:100C3000021208728B09EA45097004791080027962
:100C4000000295667F010205ED74F21203D6890851
:100C50008A098B0A12217E8A0C8B0DAE0CAF0DEE29
:100C60004F60297A047B00121050EA4B601E8A8282
:100C70008B8374FDF0A3E50A128CF9E508128CF958
:100C8000A3E509128C8F128D0B12105C028BE5F01C
:100C90008E828F832274F01203D68A0BECFEEDFF56
:100CA0008B0C12217E8A088B09EA450960467A0777
:100CB0007B00121050EA4B603B8A828B8374FEF0FB
:100CC0007411120B45E08A828B83A3128CF9E50C18
:100CD000F07410120B45E08A828B83A3A3A3128DBC
:100CE00001E50B128D01A3EEF0A3EF129116128D08
:100CF0000B12105C7F080205EDF08A828B83A3A3A0
:100D000022F08A828B83A3A3A3A322A3A3E0F8A348
:100D1000E0F5838882E0F92274E81203D674FD12AC
:100D200009407401120B45ECF0A3EDF0E98518823F
:100D3000851983F08A108B11900301E0F50AA3E076
:100D4000F50B7EFE8A828B83E0540C640C7025794F
:100D5000FEA3A3A3A31294891219D4E9FE74FE6E14
:100D60007003028F0012217E8A088B09EA45097000
:100D70003D028F00A3A3E0F974FF697024E50A45E2
:100D80000B7003028F00128F18741B120B45E0F5D5
:100D900016A3E0F5177420120B45780C120AEE80AA
:100DA0002112217E8A088B09A909EA4960DB85089E
:100DB00082850983E0F91221848A0A8B0B80CA128A
:100DC0008F18E50845097003028F00800D8A828B19
:100DD00083E0F91221848A0A8B0B7512FE7513FFCA
:100DE000850A82850B8312945D850882850983605C
:100DF0001A12945412054EEA4B601D8A828B83E0CE
:100E0000F512A3E0F5131210E6800D12947160083C
:100E1000A3E0F512A3E0F513851082851183A3A347
:100E2000A3A3128F0A850882850983E0FAE5126878
:100E30007003E513696013EA7006E8497075800A6B
:100E400074FF68700374FF6970698510828511836F
:100E5000A3A3E0FFEA851082851183A3A3F0742485
:100E6000120B45E0F51278121208B4780C1208A89B
:100E70007424120B45E0F51278121208B474231290
:100E80000B451206BC78161208B0740B120B4512F3
:100E900006BC740C120B45E0F9AC08AD09AA10AB06
:100EA00011122190740C120872EF85108285118343
:100EB000A3A3F0851082851183E0540C640C702488
:100EC000EEF9A3A3A3A31294891219D4E9FE74FE28
:100ED0006E602D12217E8A088B09EA4509600302A3
:100EE0008DCD801CA3A3E0F47016850A82850B8348
:100EF000E0F50AA3E0F50BE50A450B6003028DBFA0
:100F000074031208727F100205EDA3A3A3A3128F2E
:100F10001222E0F8A3E0F922850A82850B83A3A3BD
:100F2000E0F508A3E0F5092274EC1203D68A088BD9
:100F3000098C0C8D0D890EEA240EF582E43509F535
:100F400083E0F510A3E0F511EA2410F50AE4350971
:100F5000F50B850A82F583E02427FA7B00121050F6
:100F60008A128B13AE12AF13EE4F70030291118EE3
:100F7000828F83741A129116128F0A8E828F83A326
:100F8000A312912A1291411291247414120B45124A
:100F9000947DEE2406FAE43FFB12216085088285E9
:100FA0000983A3A3A3E0C0E0EE240FF582E43FF59C
:100FB00083D0E0F0850C82850D83E0C0E0EE241440
:100FC000F582E43FF583D0E0F0E508240CF582E4F7
:100FD0003509F583E0C0E0EE2415F582E43FF583A2
:100FE000D0E0F07418120B45129590E0C0E0EE24AA
:100FF00016F582E43FF583D0E0F088828983A3E090
:10100000C0E0EE2417F582E43FF583D0E0F088825B
:101010008983A3A3E0C0E0EE2418F582E43FF583C2
:10102000D0E0F0741A120B45E0C0E0EE2419F5820E
:10103000E43FF583D0E0F0741B120B45120B22EE57
:10104000241AF582E43FF583120B2EEE241EF5825E
:10105000E43FF583E50EF0E5082415F582E4350953
:10106000F58312913C2424F582E43FF58312912A02
:10107000A3A3A3A312913C241212911E7416120B67
:101080004512913C241012911EEE241FF582E43F7C
:10109000F583E4F0EE2420FCE43FFD850A82850B15
:1010A00083E08C828D83F0A3E4F0741F120B45E083
:1010B000C0E0EE2426F582E43FF583D0E0F0EE2494
:1010C00022F8E43FF98C828D83129489EA4B6029DF
:1010D000EE2427FAE43FFB88828983EAF0A3EBF051
:1010E00075120078101208AC8C828D8312947D12D8
:1010F000102C7403120872800888828983E4F0A39C
:10110000F0EEFAEFFB850C82850D83128D0B121029
:101110005C7F0C0205EDF085088285098322F5824B
:10112000E43FF583E8F0A3E9F022E8F0A3E9F085D5
:101130000882850983A3A3A3A3A3A322128F12EE7F
:1011400022129149A3A3A3A322E0F8A3E0F98E827F
:101150008F832274F01203D674DF1209408A0C8B3D
:101160000DECFEEDFF890AEE4F7003029213EA24A4
:1011700008F508E4350DF509850882F583E0C0E03F
:101180007402120B45D0E0F0E9A2E3502E850882EC
:10119000850983E06402707B121C988A0E8B0F1203
:1011A0009483E50E6A7003E50F6B600F7C03790191
:1011B000121908E9600579CD02944C8508828509E9
:1011C00083E0F87402686005740F687039129483C4
:1011D000121D10E98508828509836023740FF0E0F1
:1011E000C0E0740B120B45D0E0129116E06403705E
:1011F00027AC0CAD0D74031209301211D0802AE017
:10120000640F70DB800D74036860D474016860CF74
:10121000E860CC790202944C850C82850D83128F94
:101220000E7403120B45129124E50AA2E1741250C8
:1012300009120B4574FFF0A38060120B45E4F0A384
:10124000F090030112946B603C88828983A3A312FF
:101250009489EE6A7002EF6B8882898370E612943B
:101260005D60228E828F8312945412054EEA4B6089
:101270002A8A828B83128F0E7412120B45129124CC
:101280001210E680168E828F83129471600D128F79
:101290000D7412120B45E8F0A3E9F07418120B4517
:1012A000E4F0A3F0E50AA2E4501C740B120B45E035
:1012B000F8740F686010740168600B7418120B45A5
:1012C0007404F0A3E4F0E50AA2E750097418120BC5
:1012D00045E04410F0E50AA2E650127418120B45DE
:1012E000E04401F07401120B457401800674011290
:1012F0000B45E4F0E50AA2E250097418120B45E030
:101300004440F0851882851983E4F0E50AA2E5508F
:1013100009741B120B457404800D9019BAE0C0E0EB
:10132000741B120B45D0E0F07437120B45128F205E
:10133000850882F583E0C0E0741A120B45D0E012F4
:101340008C8FE0C0E0740C120B45D0E0F0850C826D
:10135000850D83A3A3A3A3A3A3A3A3A3E0C0E074C9
:101360000D120B45D0E0F07431120B45128F0E7444
:1013700010120B451291247433120B45E0F50CA3A7
:10138000E0F50D7414120B45E50CF0A3E50DF074B7
:1013900035120B45128F0E7416120B4512912474E0
:1013A00039120B45E0C0E0741C120B45D0E0128CE2
:1013B0008FE0F91221848A828B83E5824583601253
:1013C000A3A3A3A3A312947160087403120930129B
:1013D000054EAA18AB19122172E9C3950CE4950DBC
:1013E000501A9017FB12946B600D7403120930129F
:1013F00094BE12054E800D750B02800B740312090A
:1014000030121A22E9F50B740B120B45E0640270DE
:101410002C121C988A0C8B0DA80CA90D7403120BAE
:1014200045E0687003A3E0697013AB0B8508828503
:101430000983E0FA8E828F83E0F91221A2E50B7016
:1014400009850882850983E004F0A90B742112083C
:1014500072028CF4E0FA79028C828D8322A3A3A31A
:10146000A3128F12E8FCE9FDEC4D22128F12E8491D
:1014700022A3A3A3A3129594E582458322E0FCA3B3
:10148000E0FD22850C82850D83E0FAA3E0FB22C0FB
:1014900082C08390030180048A828B83129489EA3C
:1014A0004B600B8A828B831294B9E06970EAD08317
:1014B000D08202085A8C828D83A3A3E0F8A3E0F5C2
:1014C0008388822274F61203D61221848A828B8347
:1014D000E58245836007A3A312948980047A007B88
:1014E0000002956674F41203D6EAFEEBFF89081237
:1014F00021848A0A8B0BAC0AAD0B7900EC4D603865
:101500008C828D83A3A3A3A3129586E58245836075
:1015100013AA080912054E8E828F83EAF0A3EBF01E
:101520007901801C1294B5A3A3A3A31294898E827F
:101530008F83EAF0A3EB80078E828F83E4F0A3F021
:1015400002966674F71203D68A828B83E064017078
:10155000047E0880027E00A3AA82AB83121A28E9C7
:10156000C39EF9028C447F020205EDC082C08390C5
:1015700003011295907900800409129586E5824551
:101580008370F60294AEE0FAA3E0FB8A828B83229A
:1015900012959422E0F8A3E0F98882898322C08220
:1015A000C083900301801A1294B5E0F8E96003E863
:1015B000600BE88A828B83F0A3AA82AB838C828D36
:1015C0008312947DEC4D70DF0294AE74F71203D653
:1015D000EAFEEBFFEC2408F8E43DF988828983E019
:1015E0008E828F83A3A3A3A3A3A3A3A3F08882893E
:1015F00083E0640370051211D080078C828D831202
:1016000096178E828F83A3A3A3A3A3A3A3A3A3A3AD
:10161000E4F0A3F0028C44129149E8F0A3E9F0222F
:1016200074F41203D6EAFEEBFF1221848A088B09B8
:10163000A808A909E849700D8E828F837432F0A33F
:101640007401F08021E82406F508E439F509750AEB
:101650000078081208AC7C027D00EEFAEFFB121055
:101660002C74031208727F040205EDC082C08390BF
:101670000305129BF7129A439019D5E0F4601B9072
:101680000307129CDF602E129A2FF89019D5E0689C
:10169000601A129A3980E8129A39900307129CDF77
:1016A0006013129A2F60F0C394F150EB1299FEFA76
:1016B000A3E0FB80047A007B000297A074F612037B
:1016C000D674F1120940851882851983E4F0A3F0DD
:1016D00012155A8A088B09AE08AF09EE4F70030243
:1016E000978D1221248E828F83A38582088583099A
:1016F000129B1F120B6A129CCE70030297868518EC
:10170000828519831299E5E0C3948140798E828F96
:1017100083E07069850882850983129BF774031240
:101720000B45129A467402120B457404F0EE240322
:10173000FCE43FFD7405120B45AA82AB83121788A7
:1017400074021209301217C4E97020129792121114
:10175000A67A237B031220E87A007B40900304E002
:10176000F91211A6790C1220EE8022AC18AD198561
:101770000882850983129D527901122106851882FB
:101780008519831299E9EEFAEFFB1210E6740F0245
:101790009D56900303E4F07A40FB900304E0F922A5
:1017A000D083D08202085A74EC1203D674EB12096B
:1017B00040E9FE8A128B138C0E8D0F900307129C4A
:1017C000DF70030299B07F001299FEF50AA3E0F5DD
:1017D0000B9019C3E0F47003A3E0F460217CD67D84
:1017E000197A01850A82850B83E0F9121206901995
:1017F000C312A00D7408120B457401F08016740812
:10180000120B457403F0EE600BAC18AD19AA12ABC5
:101810001312179A750800E50A2404F50CE4350B39
:10182000F50D804BEEF50978091208B47401120920
:10183000288810891178101208B090032A1206BC6B
:10184000900323E0FD9003291299BAA3A3A3129A4F
:10185000151220F47405120872E9F50974B26509CD
:10186000607EE970087F01EE70030298EF050812B0
:1018700099C9A3A3A3E0F8E508C39840A774B2658B
:1018800009605DEFA2E05003EE6055750800800A24
:10189000E970057F01EE605705081299C9E0F8E587
:1018A00008C398503BEEF50978091208B474011288
:1018B00009288810891178101208B090032D12069B
:1018C000BC900323E0FD90032C1299BA129A1512D2
:1018D00020F47405120872E9F50974B2650970B054
:1018E000EFA2E0507BEE60071299DD74FF800512D5
:1018F00099DD7480F09019C3E0F50CA3E0F50D7448
:10190000FF650C700474FF650D605E7409120B4571
:10191000E512F0A3E513F07411120B457402F09078
:101920000323E0C0E07412120B45D0E0F07508000C
:1019300078081208B47510CF75111978101208B014
:10194000780C1208B07D017C00740E120930850AF3
:1019500082850B83E0F912133E7405120872800928
:10196000850E82850F831299E974B2650970201281
:1019700097921211A67A237B031220E87A007B400B
:10198000900304E0F91211A6790C1220EE80219048
:1019900019D5E0F4701A800D129A2F6008C394F1E3
:1019A00050030297C6129A39900307129CDF70E821
:1019B00074151208727F0C0205EDE0FCA808E828F7
:1019C000F8E433F98A828B8322850C82850D831299
:1019D000A0078A828B83A3A3A3A3A3A322850E823D
:1019E000850F83E0F81299F2221299F074FFF02229
:1019F000E0F8A3E0C8240CF582E438F58322129ABB
:101A000005A3A3E022900307E0129A0D22F8A3E0B9
:101A1000F583888222A3A3A3A3A3A3A3E028FAA308
:101A2000E0398A82F583129C25850B83E0F9221226
:101A30009A0FA3A3129A08E022129A05129BFB1296
:101A40009A4322900307E8F0A3E9F02274F7120307
:101A5000D674ED120940EAFEEBFF851882851983E2
:101A6000E4F0A3F07508001221241299FE129A0DD9
:101A7000A3E0A2E04003029B15EE2413F582E43FAD
:101A8000F583129E8AA3E0FC88828983A3A3E0FBEE
:101A9000ECFA7402120B45129CC8740A120B4574BE
:101AA00002F07C237D03E82404FAE439FB12156676
:101AB0007402120B45129B1F120B6A129CCE6055CA
:101AC000740B12093885188285198312A000121729
:101AD0009AE96005750801801885188285198312B6
:101AE0009E95240DF582E438F5837423F0A37403E6
:101AF000F0AC18AD197402120B45129D52A90812D0
:101B0000210685188285198312A01EF470077A2396
:101B10007B031220E874131208727F010205ED1294
:101B2000A007900323E0F92274F21203D67508008F
:101B3000EA2404FEE43BFF129C01750C62750D87DC
:101B4000780C1208B07C18129C0B1215007402124B
:101B50000872E964017003750802129C01780C1286
:101B600008B07C18850A828983129D48850A82897B
:101B700083A3A3A3A3A3A3A3A3A3E0F912150074B3
:101B800002120872E964017006E508D2E0F5081255
:101B90009C01750C00750D87780C1208B07C311211
:101BA0009C0B1215007402120872E964017006E5BC
:101BB00008D2E0F5088E828F83129BF7E8FEE9FFDA
:101BC000780C1208B07C318E828F83129D488E82F1
:101BD0008F83A3A3A3A3A3A3A3A3A3E0F912150038
:101BE0007402120872E964017006E508D2E1F50892
:101BF000A9087F060205ED129BFB22E0F8A3E0F99D
:101C0000228E828F83129BFB880A22850A82898317
:101C1000A3A3A3A3A3A3A3129C258983A3A3A3A3E4
:101C2000A3A3E0F922E0FAA3E0FB850A822274F480
:101C30001203D674FE120940851882851983129CFE
:101C4000C8E9FEECFF8D08851882851983E0FA1239
:101C50000B5EE97024A818A919880A890B780A1262
:101C600008B07C017410120B45129D52EFF9121549
:101C7000007402120872E9700479B1803E74121285
:101C80000B45E06034900330129CDF602C780A1220
:101C900008B07D01AC087412120B45129D52EEF98A
:101CA000900330129FFC12054E74021208728B0BC7
:101CB000EA450B700479B28002790074021208724E
:101CC0007F040205ED90030BEAF0A3EBF0228518E8
:101CD00082851983EAF0A3EBF085188285198312B7
:101CE0009BFBE8492274F71203D6E99019C5F07AF4
:101CF0000179061220DC029B1A74F61203D6EAFE62
:101D0000EBFFEE2407F8E43FF9880889098882F59B
:101D100083129D52EA4B600D1210E68508828509F8
:101D200083E4F0A3F0EE240AF8E43FF9E8FEE9FFCB
:101D30008E828F83129D52EA4B600B1210E68E82C8
:101D40008F83E4F0A3F08011A3A3A3A3A3A3A3A371
:101D5000A3A312A007221208727F020205ED74F6F7
:101D60001203D674F4120940E9FF8518828519839D
:101D700074FFF0A3F07408120B457402F07409129A
:101D80000B4574FFF012214EE9F9E4F508F50978E6
:101D9000081208B078081208B0E9F50878081208A7
:101DA000B4E4F50878081208B0750801780812083C
:101DB000B475080078081208B4750801780812088C
:101DC000B478081208B47C037D00740B120930EF5C
:101DD000F9121212740B120872E9FE70179089B88A
:101DE0001206B87A007B40900304E0F912119A744D
:101DF00004120872EEF9740C029D5674F61203D6A2
:101E0000EAFEEBFF7A007B40900304E0F91211A692
:101E1000EEFCEFFD7A097B0312206AEA4B605C8ED0
:101E2000828F83129E8A129E9BF088828983E0FCB7
:101E3000A3E0FD8A828B83ECF0A3EDF08882898396
:101E4000A3129E9BA3F08E828F83129E95240AF587
:101E500082E438F583129BF78A828B83A3A3A3A322
:101E6000A3A3A3A3A3A3129A4612A0A0E4F0EA247A
:101E70000DF582E43BF583E4F0A3F07A007B40901B
:101E80000304E0F9121092029D59129BFB8882898B
:101E9000832290030BE0F8A3E0C822A3A3A3A3A38B
:101EA000A3A3A3E08A828B83A3A3A3A3A3A3A3A337
:101EB0002274F01203D674F7120940908909AC1805
:101EC000AD1974091207D690030B129CDF70209095
:101ED0000309129D52120B64129CC590030B129CB5
:101EE000DF7052900309129CDF703C790B803A90AE
:101EF000030BE0240CF8A3E03400F988828983E026
:101F0000A2E75031547FC39404402A90030D129CE1
:101F1000DF701C900309129D52120B64129CC59035
:101F2000030B129CDF700E79001220EE029FF290DC
:101F3000030B129A46901A3C7808120AEE9089B464
:101F4000780C120AEE7808790C1202E77808120869
:101F5000A87A007B40900304E0F912119A740412ED
:101F6000087290030FE0640890030B6068129FFCF6
:101F700012A00D129E922408F582E438F583E0C089
:101F8000E07408120B45D0E012A01A0412A01AA2A5
:101F9000E750137D007C00790090030BE0F812A05D
:101FA00000121584803575080078081208B4129E56
:101FB000922409F582E438F583E0F990030B129F2F
:101FC000FCE0FCA3E0FD740112093012158A7401D3
:101FD000120872800612A01ED2E6F0129E92240F02
:101FE000F582E438F583129D52120B6490030D12B2
:101FF0009CC874091208727F080205ED129A082223
:10200000129A0E12A00722E0FAA3E0FB22129BFB19
:10201000851882851983129A4622F090030B129933
:10202000F0E022C082C0837800E825E0FCE433FDC4
:1020300074622CF58274873DF583E06A7003A3E037
:102040006B602308E8C3941840DF7800E825E0FCC3
:10205000E433FD74002CF58274873DF583E06A70EB
:1020600003A3E06B70047900800908E8C394314051
:10207000DB79010297A0C082C083800CEA240FF5AF
:1020800082E43BF583129D52EA4B600D12A0A0E062
:10209000547FC3940450E580047A007B000297A02B
:1020A000EA240CF582E43BF58322C082C0839003CE
:1020B000098009EC240FF582E43DF583E0FCA3E000
:1020C000FDEC4D60248C828D83E06A7003A3E06B8D
:1020D00070E18C828D83A3A3A3A3A3A3A3A3A3E0F6
:1020E0006970D0ECFAEDFB80047A007B000297A0C7
:1020F000C082C08312175E02A56274F71203D6EA8B
:10210000FEEBFF7409120B4512A9C88E828F8380E3
:102110000C1208DDF0E9240109E43AFAA312A12522
:1021200070EF02A6BAECFEEDFFEE24FF1CEF34FFC9
:10213000FDEE4F2274ED1203D689088A098B0A74CA
:1021400013120B45E0F50CA3E0F50DA3E0F50EEC42
:10215000F8EDF9E824FF1CE934FFFDE8496037A9F0
:1021600008AA09AB0AE92401F508E43AF509850C47
:1021700010850D11850E12E50C2401F50CE4350DCA
:10218000F50D1208DDF8A910AA11AB121208DD68CE
:1021900060BD7900800279017F0B0205ED74F612B3
:1021A00003D6E9FE8C088D0978081208B0EEFC7D94
:1021B0000012172E740212087202A74D74F0120357
:1021C000D6E9FE8A828B83E0F50CE4F50DF50EF579
:1021D0000F74026E700512A250804774036E701265
:1021E00012A24A120835780C7908120A4612A23B4C
:1021F000803074046E703712A24A120835780C7958
:1022000008120A4612A23B7808120835780C7908A1
:10221000120A468A828B83A3A3A3E0F508E4F50A99
:1022200074187808120835780C7908120A46AA0C36
:10223000AB0DAC0EAD0F7F080205ED8A828B83A338
:10224000A3E0F508E4F50974102212A250780822E0
:10225000A3E0F508E4F509F50AF50B74082274E823
:102260001203D674DF120940E9851882851983F0BC
:102270008A108B118C128D139088BB74031209384D
:10228000740A1207D69088D9740A1207D69088ED7E
:10229000740A1207D67439120B4512A9BFE4F00470
:1022A000120B4574E6F0A37489F0851882851983B2
:1022B000E0640A600302A4038A088B0985120A8578
:1022C000130B9089B8780C120AEE7808790C120377
:1022D00067850C08850D098A0C8B0D85120E8513F8
:1022E0000F9089B87814120AEE780C7914120367EB
:1022F0009089B87814120AEE780C7914120367AE3C
:1023000014AF1590896C780C120AEE7810790C12C3
:10231000036785100A85110BE50A450B600E790AE3
:102320007417120938AA0AAB0B12101AEE4F600E7E
:10233000790A740D120938EEFAEFFB12101AE5084B
:102340004509600E790A7403120938AA08AB09120C
:10235000101AE50A450B60397417120938743912DE
:102360000B4512A9CB121758750C0080137401127B
:102370000B4512A4DE120B4512A9CB121752050C05
:10238000E50CF50E740D12093012175E12A4C94047
:10239000DC740D1209387439120B4512A9CB1217CF
:1023A00052E50A450B7004EE4F6029750C0080134E
:1023B0007401120B4512A4DE120B4512A9CB1217A1
:1023C00052050CE50CF50E740312093012175E125B
:1023D000A4C940DC74031209387439120B4512A9E0
:1023E000CB121752E50A450B7007EE4F700302A49B
:1023F000A57439120B4512A9CB74211208727F10F3
:102400000205EDE06410600302A4C28A088B09741F
:102410001078101208F7AE10AF11EE4F600E791061
:10242000740D120938EEFAEFFB12101AE50845098F
:10243000600E79107403120938AA08AB0912101A39
:10244000EE4F604A740D1209387439120B4512A907
:10245000CB121758750C0080137401120B4512A48F
:10246000DE120B4512A9CB121752050CE50CF50A2A
:10247000740312093012175E8A0E8B0F7404C39511
:102480000EF8E4950FF9C3E50A98E49940CB74037C
:102490001209387439120B4512A9CB121752EE4F9C
:1024A000600302A3F1E5084509600302A3F174018A
:1024B000120B4512A4DE120B4512A9CB12175802BB
:1024C000A3F17A007B0002A3F98A108B117404C374
:1024D0009510F8E49511F9C3E50E98E49922E0FC13
:1024E000A3E0FD743922C082C0831210208073746F
:1024F000F61203D6EAFEEBFFEE4F603DEE2405FA3E
:10250000E43FFB1210E08A088B09A808A909E849F2
:10251000602788828983E4F0A3F088828983A3A35B
:10252000EEF0A3EFF088828983A3A3A3A374FFF046
:10253000E82405FAE439FB80047A007B0002A74D09
:10254000C082C083EA4B70047905801612A5DA6058
:10255000047904800DEA24FBFAEB34FFFB1210E649
:102560007900D083D08202085A74F71203D67C0017
:1025700012106202A6BE74F71203D6E9FEECFFEA5F
:102580004B60269089E8E0F8EEC398400712105699
:1025900079038043EA24FBF582EB34FF12A84C70E8
:1025A0000512A5DA60071210567905802AEEF0743C
:1025B000016F700DEAFCEBFD7A9E7B0C121080809F
:1025C0000BEAFCEBFD7A9E7B0C1210747A007B8088
:1025D000EEF9121092790002A6BEEA24FFF582EB12
:1025E00034FFF583E0F42274F21203D6890B750CE4
:1025F00000750D007E007F00A2AFE433F50AC2AF84
:10260000900C9E8015EE4F700685080C85090DE52F
:102610000824FBF582E50912A7F512A752E5084543
:10262000096023E50824FFF582E50912A7F5E065B6
:102630000B70D2EE4F7006AE08AF0980D27A007BE5
:1026400080121092800B7A007B80121098EE4F60FF
:1026500015780C1208B0EEFCEFFD7A9E7B0C121080
:10266000867402120872E50AA2E092AFEEFAEFFB5E
:102670007F060205EDC082C083EAFCA2AFE433F816
:10268000C2AF900C9E8009EA24FBF582EB12A7F5FD
:1026900012A9CBEA4B6015EA24FFF582EB12A7F5ED
:1026A000E06970E38A828B83E06C70DBE8A2E092E1
:1026B000AF02A562A2E092AF8004AA82AB837F0141
:1026C0000205ED74F71203D6A2AFE433FEC2AF12D7
:1026D000A7EFE4F0A3F0800CE824FBF8E934FFF95D
:1026E000E8FAE9FB8A828B8312A84E70EB8A828B10
:1026F00083ECF0A3EDF0EE80BB74F61203D6EAFC97
:10270000EBFD7A007B00A2AFE433FEC2AF8C828D7A
:102710008312A84E6032E8FAE9FBEA24FBF8EB34B6
:10272000FFF98882898312A7528C828D83E508F095
:10273000A3E509F088828983E4F0A3F0EA24FFF599
:1027400082EB12A7F574FFF0EEA2E092AF7F0202D7
:1027500005EDE0F508A3E0F5092274F71203D6A809
:10276000A8C2AF8A828B83E0FEA3E0FF12A7EFEE40
:10277000F0A3EFF08A828B83ECF0A3EDF0E8A2E700
:1027800002A6B674F51203D6A2AFE433F50AC2AFBF
:10279000EC24FBF8ED34FFF9E8FEE9FF8E828F832D
:1027A000E0F8A3E0F98A828B8312A752EC650870E7
:1027B00003ED650970068A828B838012740B120BFD
:1027C00045E0FAA3E0CA24FBF582EA12A7F5E8F097
:1027D000A3E9F08E828F83E4F0A3F0EC24FF12A72C
:1027E000F274FFF0E50AA2E092AF7F030205EDEC80
:1027F00024FBF582ED34FFF5832274F61203D68AAA
:10280000088B09E9FE7A00A2AFE433FBC2AF85086A
:102810008285098312A84E7005801AEE60241EE896
:1028200024FBF8E934FFF988088909888212A84C4A
:1028300070E9EE600D850882850983ECF0A3EDF068
:102840007A01EBA2E092AFEAF902A74DF583E0F836
:10285000A3E0F9E8492274F71203D6E9FE9089E86B
:10286000E0F8EEC3985027ACA8C2AFEE29F8E433E5
:10287000F99015D7E028FDA3E0398D82F583E04A71
:10288000F0A3E04BF0ECA2E792AF7900800279036D
:1028900002A6BE74F71203D6E9FF9089E8E0F8EFCC
:1028A000C3985021AEA8C2AFEAF4FCEBF4FDEF29C7
:1028B00012A9AFF583E05CF0A3E05DF0EEA2E79231
:1028C000AF79008002790302A6BEE9F874FF687050
:1028D00006D2AF79008002790702085AE9F874FF3E
:1028E000687006C2AF79008002790702085AC08278
:1028F000C0831210D4900C9EE4F0A3F01211821247
:10290000117612117C1210DA790002A562C082C021
:10291000831210B680FB74F61203D67508001210ED
:10292000CE120C36A808E82812A9AF12A84C700DD8
:1029300005089089E8E0F8E508C39840E79089E841
:10294000E0F8E508C3985064ACA8C2AFAE08EE2E1C
:10295000FEE433FF9015D7E02EF8A3E03FF988821C
:10296000898312A9CB88828983E4F0A3F0ECA2E7E3
:1029700092AFE5089019E0F0F974B82EF5827487EB
:102980003FF58312A9BF12054E9019E074FFF0A81D
:10299000A8C2AF9015D7E02EF9A3E03F8982F58356
:1029A000E04AF0A3E04BF0E8A2E792AF02A74DF8AF
:1029B000E433F99015D7E028FAA3E0398A8222E0BF
:1029C000F8A3E0F583888222E0F9A3E0FAA3E0FB14
:1029D0002274F01203D67410120B45780C120AEE12
:1029E0008A828B83E50C12AA52850C08850E0A8513
:1029F0000F0B741078081208F78A828B83A3A3E563
:102A000008F07418780C1208F78A828B83A3A3A3AA
:102A1000E50CF0EA2404FA50010B02A23674F0121D
:102A200003D67410120B45780C120AEE850C088A36
:102A3000828B83E50812AA527410780C1208F78A68
:102A4000828B83A3A3E50CF0EA2403FA50010B0266
:102A5000A236F0850D09E509A3F02274F71203D61A
:102A6000E9FDEA4B60187800800108E8C39C501229
:102A7000E8FEEA2EF582E43BF583E06D60EC790038
:102A80008002790102A6BEC082C083900821E4F0D2
:102A900090082FF0900825F0A3F090082012B2E2E1
:102AA000900822E4F0900830F0900831F09008325D
:102AB00002B181C082C083906194740512AF6C75BD
:102AC000E9FBE8A2E792AF9061A3E0D2E202B18114
:102AD000C082C083120F78900821E4F0F9120F5AD7
:102AE00002B182C082C0839008317401F090083036
:102AF000E07008120F0C900831E4F002B182C0823D
:102B0000C0839061A4E0C2E0F09061947405F07518
:102B1000E1ED75E1EDA8A8C2AF759B0075E9FBE892
:102B2000A2E792AF12AF7EF9E84960077A257B08E9
:102B3000121E249008237418F0A3740FF09008203C
:102B4000E07006900822E0600C900820E4F0900805
:102B500022F0120F4202B182C082C083900831E09D
:102B60007021900830740112B2F012AF5512054E68
:102B7000900830E4F0900831E06008120F0C9008E3
:102B800031E4F002B18274F11203D674FE120940EE
:102B9000750A00900820E06003120C12900820745F
:102BA00081F0900833E0600D906193E0A2E740105F
:102BB000E0A2E6400B900820E4F0120F4202AF338F
:102BC000120DDA12B2A0900821E090082EF07904DC
:102BD0007A277B08120E6A900827E0547F24FD9024
:102BE000082BF0C3947D400302AD08900828E05400
:102BF00007F8C39404400302AD087402686003023E
:102C0000ACA190082FE0600302ACA17902AA18AB36
:102C100019120E6AA2AFE433F508C2AF900835E08E
:102C2000648670759018DC12AF81F9E84970031260
:102C30000C12851882851983E024B7FE7401120BEB
:102C400045E0547FFFFAEEF9120EE89018DC12B05E
:102C5000D42415F582E438F583E912AF862416F5FD
:102C600082E438F583EF12AF862417F582E438F555
:102C700083EEF0E508A2E092AF7401120B45E0A2EA
:102C8000E75011900828E05410FA90082AE0F91251
:102C90000FD2807A120FD88075E508A2E092AF803B
:102CA0006D900835E064867003120FD890082EE00E
:102CB000602F90082FE0702990082EE064017003C7
:102CC00002AD49900828E05407F890082EE064020D
:102CD0007005E87074800AE064037005740368701E
:102CE00068900829E0F81313543F5403F508E8C42A
:102CF00013135403F5099007ACE0701874016509CB
:102D0000600674016508700C75E1ED75E1ED120F58
:102D10003602AF33A80912AF3DFAA80812AF3D2A18
:102D2000FEE509600A900828E0A2E650021E1E9007
:102D3000082BE0FAEE79002402F8500109C3EA9862
:102D4000E499A2D265D0335006120F4802AF33E0A7
:102D5000C39E24FE90082D12AF8E5003750A259055
:102D6000082DE0F8E50A28F8E43400F9E8243AFAF6
:102D7000E439FB121E1E900825EAF0A3EB12AF7592
:102D8000F9E849700575E1E880BF7F00900828E008
:102D9000F890082FE07007742058900822F09008EF
:102DA00022E0604AA2AFE433F50AC2AF7407586468
:102DB00003701D121E18E9600302AF119007A2E014
:102DC000700302AF08120D4AE964FE700302AF11EE
:102DD00090618AE0C2E212AF6C7591FEE8A2E792C0
:102DE000AF9061A4E0D2E0F0E50AA2E092AF9008D3
:102DF00025E0243AF8A3E03400F9900825E0FAA38E
:102E0000E0F5838A82A3A312B2CF243312B0C59017
:102E1000082DE0C0E012AF4AD0E012AF75F583880C
:102E200082A3A3A3A3E0C0E090082612B2ADD0E035
:102E300012AF8E503A12AF5D7403F0750C28750D09
:102E400008750E00780C1208AC12AF5DE0FC7D0036
:102E500012B15812102C7403120872900825E02445
:102E60003312B2BC2435F582E43AF58312B169120B
:102E7000B0D1241BF582E438F583E50912B2D824D9
:102E800024F582E438F583E508F0120E288A088BD1
:102E9000098C0A8D0B12B0D12425F582E438F58314
:102EA0007808120ADF120E1C8A0812B2C62429F50D
:102EB00082E43AF583E508F0A3EBF0900828E054AB
:102EC00007C0E012AF4AA3D0E0F090082AE0C0E0CB
:102ED00012B0D12432F582E438F583D0E0F09008C6
:102EE00028E05478F8A3E0C4540F5403484FC0E0DE
:102EF00012B0D8D0E0F0EE7023900823742AF0A32B
:102F0000740FF0120F24802B121E12E9700302AD11
:102F1000D07F0490618AE0D2E202ADD690082C12F4
:102F2000AF8E90082CE040011412B2ED741EF0A395
:102F3000740FF074021208727F070205ED74942872
:102F4000F582E43427F583E4932290082512AF55E7
:102F5000A3A3A3A32212AF81F58388822212AF64B8
:102F600012B2B32290082512AF81C822F0A8A8C2DD
:102F7000AF759B002212AF7922F012AF7E2290082B
:102F800025E0F8A3E022F09018DC12AF6722F09061
:102F90000828E0A2E32274F61203D674EC1209406A
:102FA00090082CE07003120C1290082CE0F9AA187B
:102FB000AB19120E6AA818A91988088909AC08ADBE
:102FC00009900829E01313543F5403FE60709008E1
:102FD00025E0242DF8A3E03400F9851882851983B3
:102FE000E0FC7401120B45E0FBEC88828983F0A3BE
:102FF000EBF08882898312AF8112B2C5242B12B004
:10300000E4241CFAA3E03400FB74036E7010740215
:10301000120B45AC82AD831211D0740A8019740270
:10302000120B45E0FC7403120B45E0F9EC8A828B2D
:1030300083F0A3E9F07404120B45AC82AD839008D1
:1030400029E0C413135403FA605812B0D8E0A2E682
:1030500040278C828D83E0FEA3E0F9EEF8900825EE
:10306000E0FBA3E0CB242BF582E43BF583E8F0A35F
:10307000E9F0EC2402FC50010D74036A7011900811
:1030800025E02413FAA3E03400FB1211D080138C46
:10309000828D83E0FAA3E0F9EAF812B2C624131293
:1030A000B0C512B0D12410F582E438F583E412B231
:1030B000F0742AF0A3740FF0120F24741412087223
:1030C0007F020205EDF582E43AF583E8F0A3E9F02A
:1030D0002290082512AF672212AF642407F582E41C
:1030E00038F58322F582E43AF583E8F0A3E9F0901D
:1030F0000825E022C082C08390082DE07010906106
:1031000094740112B2F07430F0A3740F8016C3945B
:10311000105006E090082C800590082C7410F0E008
:1031200014906194805BC082C08390082CE0F912F7
:10313000B158120E6A900825E02433F8A3E0340059
:10314000F990082C12B16990082CE0F890082DE055
:10315000C398F0120F24802A12AF642433F582E45E
:1031600038F583E0FAA3E0FB22E0FA88828983E065
:103170002AFAA3E03400FB88828983EAF0A3EBF00B
:1031800022F0D083D08202085A74F61203D67E0051
:1031900079027A277B08120E6A900828E05480F59D
:1031A00009700B90082FE06402600302B286900859
:1031B000207402F0120F84900827E024B7F508A3CA
:1031C000E0547FFFFAA908120EE812B0D1242FF5BF
:1031D00082E438F583E912B2D82431F582E438F577
:1031E00083E50812B2D82430F582E438F583EF1273
:1031F000B0EE243A12B2BC243312B0E42402F8A395
:10320000E03400F9E8FAE9FB181812B2ADE0F890E2
:103210000825E0FCA3E0F5838C82A3A3A3A3E0FC34
:10322000E8C39CF895E0F98A828B83E028F8A3E054
:1032300039F98A828B8312B2CF2407F582E43AF5FA
:1032400083E0A2E2501088828983E06404600790E2
:10325000618AE0C2E2F09007A2E06008120D50E936
:1032600060027E04E5094EF8900825E0F9A3E0C964
:103270002407F582E439F583E04812B0EEFAA3E0C2
:10328000FB121E2A800A12B2A07A257B08121E2485
:10329000900825E4F0A3F012B2DD120F3602B0C0A0
:1032A0009061A4E0C2E0F0900822E4F022E0C812AD
:1032B000B2B3222435F582E438F58322F8A3E03452
:1032C0000012B2C522F9900825E0FAA3E0CA22E86C
:1032D000F0A3E9F012B2C62212AF79C8229061942D
:1032E000740512B2F07418F0A3740FF02290619478
:1032F000F090082322C082C083906193E0A2E65040
:103300000BE0A2E7400675E1ED75E1ED900820E4E1
:10331000F0900822E07003120F4202B182C082C016
:1033200083900822E4F0900820E07003120F42021C
:10333000B182C082C083120F84120EB8120FC00275
:10334000B182C082C083900823E064187004A3E0B7
:10335000640F6003120C1290082BE07005120F36F8
:10336000801DC394105006E090082C800590082C16
:103370007410F0E01412B2ED744EF0A3740FF0026A
:10338000B182C082C08374F012094090082CE0F929
:10339000AA18AB19120E6A90082CE0F890082BE0DE
:1033A000C398F06011C394105012E090082CF014F0
:1033B000906194F0800612B2DD120F36741012087C
:1033C0007202B182C082C083900832E004F0120F12
:1033D0000602B18274F71203D6E9FE90082FF0704E
:1033E0000A906180E4F0E04409801374026E600882
:1033F00074016E6003120C12906180E0C2E0F07FF5
:10340000010205ED74F61203D674EA120940901613
:10341000CEE06406600302B4D485188285198374F3
:1034200015F07401120B45E4F07402120B45742080
:10343000F0901684E0C0E07403120B45D0E0F090E9
:103440001684E004F07404120B45E4F07405120BCA
:103450004574A1F07406120B45E9F0901682E0C0A5
:10346000E07407120B45D0E0F07408120B45EAF047
:103470007409120B45EBF07412120B457402F074D0
:1034800013120B457401F0740A120B4512BACD12D7
:1034900008B475088375091678081208B074031209
:1034A00009288808890978081208B075080A75097A
:1034B0000078081208B07508087509FC7808120829
:1034C000B079007CFD7D19741312093012218A74C1
:1034D0000912087274161208727F020205EDC0828A
:1034E000C083E9701B901682E4F07401333354FCFE
:1034F000F8E58054FB48F580E0A2E0928402BC6EBF
:10350000740169700A9016827401F0740080DD7491
:10351000026970E9901682E06401F070EE80CB746D
:10352000F61203D6EA4B6025EA2422F582E43BF545
:103530008312BAFF6017EA2420F582E43BF583E0AA
:10354000FCA3E0FDC3EC9403ED940050028073886B
:10355000828983A3A3E0FE7F03EA2404FA50010BCF
:103560008A088B09F582850983E0FAA3E0FB7408D9
:103570006A700374FC6B704D88828983E0A2E2500C
:1035800011C3EC9405ED94004038A3A3A3A3E0FE7F
:103590007F05EE702DEFC39CE49D5026EFFAE82ADC
:1035A000F582E439F583E0FEF9121380EEC394034B
:1035B0005010850882850983E0FAA3E0FBEEF9123A
:1035C000137A02B4D974066A4B7003EE80DA740879
:1035D0006A4B70EEEE70EBC3EC9404ED940040E2A5
:1035E00088828983A3A3A3E060047E0180027E0019
:1035F000EEF912138080BB74F41203D674E312093F
:1036000040E99015F3F09015FDE4F0A3F09015F566
:10361000F0A3F07A1A7B1A1221487A077B1A7908EC
:103620001213321213BC7CC07D239027A3E493FABB
:1036300079081212009015F3E0F91211E29015F3D7
:10364000E0F91210087A9E7B131215D27AE27B19E8
:103650001221AE7AFD7B191221AE9015F3E0901A7B
:1036600033F0A3E4F085188285198304F0120B452A
:103670007404F07402120B45E4F07403120B45E479
:10368000F0A3F0740A120B457480F0A3E4F07412F6
:10369000120B45E4F0A3F07405120B457406F074A8
:1036A00016120B457401F0741B120B4574B6F0A38F
:1036B0007413F0AA18AB197900120D1453F3DF43F9
:1036C000FD20C28553F3FB43FD04D28253F3EF4345
:1036D000FD10C28443FD4053F3BFD28612BAEA12F2
:1036E00008A87A007B209015F3E0F912119A74046F
:1036F0001208727902122136741D1208727F0402B8
:1037000005ED74F11203D674BE120940EAFEEBFF18
:103710005410604DE4F508F50978081208B07808EF
:103720001208B078081208B478081208B0780812A5
:1037300008B478081208B475080178081208B4753E
:10374000080278081208B47C067D007AF57B1579AA
:1037500008121212740B120872EEFAEF641002BA19
:10376000BCEF5480701BEEA2E050631220E2EE64C6
:103770000102B84AA3E0901A04F0AA08AB0912109B
:10378000569015F3E0F91210688A088B09EA45098A
:1037900060348A828B83E024E6600E24E6600F2486
:1037A00074601024EF60CD80D112138680CC121388
:1037B000AA80C7A3A3A3E0FA8508828B83A3A3E012
:1037C000F912139880B4EEFAEF648002BABC544048
:1037D000606B7A647B001210E08A088B09EA450965
:1037E00060277C647D007900121038750C73750DAC
:1037F00088750E00780C1208AC7C0C7D00AA08AB12
:103800000912102C740312087278081208B07A6733
:103810007B8912173A7402120872AA08AB091210B7
:10382000E69089BC1206B87A407B009015F3E0F967
:1038300012119A7404120872EE6440800DEE5480E6
:10384000600D7902122136EE6480FAEF02BABC7480
:103850000A6E4F700DD2F0A28430F001B392840250
:10386000BABFEF5420700302BABF7508017808127E
:1038700008B412BBFE120C7E740112087212BAFC5C
:10388000700E7C4C7D88743112093012174C8017F1
:10389000901A051206BC7C807D88743312093012A0
:1038A000174C740212087279027431120930120C2A
:1038B0006C75080378081208B4790A90168678089F
:1038C000120AEEAC08AD097A627B89120C7E740193
:1038D0001208729016CEE06406601479047A987B20
:1038E00088120C6C12BAFC600302BAA002BAB78547
:1038F00018828519837415F07401120B45E4F07475
:1039000002120B457420F0901685E0C0E07403129B
:103910000B45D0E0F0901685E004F07404120B45DE
:10392000E4F07405120B4574B0F07406120B457484
:1039300002F07407120B457401F0901601E0C0E02C
:103940007408120B45D0E0F0901A05E0C0E074094D
:10395000120B45D0E0F0901A06E0C0E0740A120B9A
:1039600045D0E012BAD9120AEE740B120B4512BA06
:10397000D7120AEEE509F508740C120B4512BAD7F6
:10398000120AEE741078081208F7740D120B451223
:10399000BAD7120AEE741878081208F7740E120BD0
:1039A00045E508F090168AE0C0E0740F120B45D090
:1039B000E0F090168BE0C0E07410120B45D0E0F000
:1039C00090168CE0C0E07411120B45D0E0F0901618
:1039D0008DE0C0E07412120B45D0E0F07813E8FAE5
:1039E000851882851983E5822AF582E43583F5837B
:1039F000E8F00804C3942540E5742D120B457402C9
:103A0000F0742E120B457401F07425120B4512BA96
:103A1000CD1208B475088375091678081208B074B9
:103A2000031209288808890978081208B075082542
:103A300075090078081208B07508087509FC78083F
:103A40001208B079007CFD7D19742E120930122104
:103A50008A7409120872E9FA701190168A12BAE093
:103A600079047ACF7B88120C6C802090168C12BA65
:103A7000E075080478081208B47910EAFC7D007A31
:103A8000007B89120C7E74011208729089A4780858
:103A9000120AEE9016867808120A0D12BAFC601708
:103AA00012BAEA1208A87A007B209015F3E0F91206
:103AB000119A7404120872EEFAEF6420FB80047A03
:103AC000007B0074421208727F070205EDE4F0A348
:103AD000F075081E780822E508F09016867808220E
:103AE000E02401F0A3E03400F022901A05E0F5088C
:103AF000A3E0F509E4F50AF50B780822901A05E031
:103B0000F8A3E0F9E8492274F71203D674EF12091A
:103B100040EAA2E5400302BBF4901601E00454071A
:103B2000F0604314603514602814601E146014148F
:103B3000600A14901A057039740A801A901A057474
:103B4000148013901A057432800C901A05746480E6
:103B500005901A0574C8F0A3E48019901A0574F44E
:103B6000F0A37401800E901A0574E8F0A37403802A
:103B700003E4F0A3F07A007B209015F3E0F9121132
:103B8000A612BAFC60179089841206B87A007B20CE
:103B90009015F3E0F912119A740412087275080175
:103BA00078081208B412BBFE120C7E74011208725F
:103BB00012BAFC700879027A4C7B88801D901A0535
:103BC0001206BC7C807D88740212093012174C7476
:103BD000021208727902AA18AB19120C6C9089A40F
:103BE0001206B87A0A7B009015F3E0F912119A7464
:103BF0000412087274111208727F010205ED790A2D
:103C0000901601E0FC7D007AE37B8822C082C083AD
:103C10008A828B83A3E014601B14600624FD602558
:103C200080438A828B83E0703CA3A3E04402F912B4
:103C3000213680318A828B83E0602A9089CC1206FB
:103C4000B87A8080118A828B83E0640D6017908936
:103C5000881206B87A017B009015F3E0F912119AE8
:103C600074041208728007C082C0831213BCD08310
:103C7000D08202085A74F71203D6EA2417F8E43BFC
:103C8000F9E8FEE9FF8A828B83A3A3A3A3A3A3A3DE
:103C9000E014601624FD601F24F7602D24FB6024CF
:103CA00024FE602024FE6033804312BD0CE0F9E85E
:103CB000C39950390880F612BD0CE0F9E8C3995059
:103CC0002C0880F61213B0802412BD0088828983EC
:103CD000A3E0FBEAC39B50150A80F112BD008001EE
:103CE0000A88828983A3E0FBEAC39B40F38E828F1C
:103CF00083E0FAA3E0FBEA4B60031210E602BBF993
:103D00008E828F83E0F8A3E0F97A00228E828F837F
:103D1000E0F8A3E0F988828983780022C082C0831A
:103D2000EA2417F582E43BF58312BD0480010A887A
:103D3000828983A3A3E0FBEAC39B40F2790102BC22
:103D40006E74F71203D67900120D2CEA601AFEFC8D
:103D50007D007A027B167900120D1AEEFC7D007A46
:103D6000027B167900120D2002BBF9C082C083537A
:103D7000FF3F85FFFF53F1FE43F30C53F2F37586CB
:103D80008075C4809003617470F0A374C1F0A3E0E7
:103D9000541FF0900365740FF0A3744AF09003571A
:103DA0007470F0A374C1F090035BE0541FF09003B3
:103DB0005D74CEF0A3E0540F4410F07403900359E7
:103DC000F07494A3F090035CE4F090035B04F09033
:103DD000035E741202C1A4C082C083EA241BF58270
:103DE000E43BF583E0F8A3E0F99007A0E8F0A3E94D
:103DF000F08A828B83A3E0F874036860057404681A
:103E0000700575C2D8800375C23BE0600B14601268
:103E1000146019146020802875C50890079C7423CD
:103E2000802675C50990079C7412801C75C50A9080
:103E3000079C7409801275C50A90079C7406800857
:103E400075C50B90079C7403F08A828B83A3A3E053
:103E5000600D75C44243F310C28543FD2080037595
:103E6000C4029070C1E0900394F0A3E4F075D1F720
:103E700075D608FC7D02E5C2F4F97A947B03121032
:103E80003843864090079FE4F090079E02C1A474D7
:103E9000F21203D6EAF8EBF912C0E0FAEC2AFAE4DF
:103EA0003DFBC3EA9401EB940140077A007B0002DA
:103EB000BF3AAAA8C2AF90079A12BF68EAA2E792D7
:103EC000AF7A007B00801212BF3FC0E012BF49D022
:103ED000E0F005080AEA70010BC3EA9CEB9D40E79D
:103EE000A2AFE433FEC2AF90079AE06509602EEE00
:103EF000A2E092AF12BF687A007B00801212BF3F2F
:103F0000C0E012BF49D0E0F005080AEA70010BC317
:103F1000EA9CEB9D40E7A2AFE433FEC2AFA80912D2
:103F2000C186E508F07401650912C185E07006904C
:103F3000079F7401F0EEA2E092AF7F060205EDE864
:103F40002AF582E93BF583E022AE0AE4CEFFE508DC
:103F5000F50C7498250CF50CE43405F50DE50C2EE4
:103F6000F582E50D3FF58322E0F509F50A74982501
:103F70000AF582E43407F583E0F5082274F61203AB
:103F8000D67E00900594E0FAE5C2FCEA2A12C14709
:103F90006C7001E47063EAFFE5C2FCEF12C1416C92
:103FA0007001E470050FEA6F70EE900595E06F60A8
:103FB00011EFF0A3E07004E595A3F090059674214D
:103FC000801EA3E0F9601AA3E0F8E595C398F8C352
:103FD000999005965009E0C398F0E595A38001E417
:103FE000F0120D028A088B09A808A909C3E894F009
:103FF000E99400400B7E018022900596E4F0801B3E
:10400000C3E89470E9940040067E02D285800CE8F3
:10401000496008900596E070027E0490079BE0607E
:1040200006E4F0EED2E4FE90079EE06018A89590BA
:10403000079DE0F9E8C399F890079CE0C398500504
:1040400090079EE4F090079FE0604D90079EE0701F
:1040500047A3E412C19EF8E4C8F97498287405399E
:1040600090035F12C19E749890036012C1959003F3
:1040700064F0900363E054E012C19EE06401F0A29A
:10408000AFE433F8C2AF75D61000E5D6A2E450F91C
:1040900075D1EF75D7108022A2AFE433F8C2AF120A
:1040A000C0E06016E5D6A2E44010E5D1A2E4400AE3
:1040B000E8A2E092AF120D088005E8A2E092AFEE10
:1040C00060199007A0E0F8A3E0F988828983E5826F
:1040D00045836007EEFA790012054E7F020205ED76
:1040E00090079AE0FA74982AF582E43407F583E0A1
:1040F0002274F71203D67A007B00E5C2FC90059487
:10410000E012C141F9E4C96C7001E470317800E556
:10411000C2FEE8FCE9FDEC2CFCED33FD74942CF5BB
:104120008274033DF583A3E06E7001E470050AEA32
:1041300070010B08E8700109C3E9940140D102C283
:104140004925E012C14722F8E433F9749428F58236
:10415000740339F583A3E022C082C08375D1EF9048
:10416000079AE0640112C185E4F090079B04F0E532
:104170009590079DF0A3740112C195600690079F6A
:104180007401F08020F812C18A22749828F582E424
:104190003407F5832212C19EF812C18AE022F09002
:1041A000079AE022F0D083D08202085AC082C083EE
:1041B000120CEA80F074F71203D6E97003120CF0C7
:1041C000790002C24974F21203D6890AEAF8EBF9BF
:1041D000E50A7A007B007048802688828983E5089A
:1041E000F0A3A882A983AFC2EFF4F50912C223E4B9
:1041F000F0A3E509F0900594E004F00AEA70010BE1
:10420000C3EA9CEB9D501712C223E0F508A3E0F52A
:1042100009E5C2F50CE509650C7001E460BCC285D6
:1042200002BF3A900594E025E0FEE433FF74942E3B
:10423000F58274033FF5832274F71203D6E9700503
:10424000120CF680047A007B007F010205EDC0822B
:10425000C083120CFC02C1A574F71203D6E97005E5
:10426000120D0280047A007B0080DE74EA1203D60D
:1042700074FC120940851882851983EAF0A3EBF0DB
:1042800012C606E0F50AF8741328F582E43427F51F
:1042900083E493F5087402120B45E508F0A3E4F0FB
:1042A0007402120B45E0700302C5E4740D650A70D8
:1042B0004674021209307953120E7C7402120B45B7
:1042C000E064FE7003A3E0F4700302C52F740212D1
:1042D0000B45E0F47003A3E0F4700302C52F12C68F
:1042E00018A3A3E0700302C52F851882851983E007
:1042F000FEA3E0FF02C4CE7405650A70158518821E
:10430000851983E0F812C62D79002421F8502E0972
:10431000802B7407650A703112C618E0700F7402A2
:10432000120B45E0241BF0A3E03400801B851882AB
:1043300085198312C62D75F021A4F8A9F074021214
:104340000B45E028F0A3E039F07402120B45E0FAC7
:10435000A3E0FB1210508A0C8B0DAE0CAF0DEE4F8C
:104360007044740C650A600302C5E412C648700309
:1043700002C5E4A2AFE433F50BC2AF121F567402BC
:10438000120B45E0FAA3E0FB1210508A0C8B0DAE25
:104390000CAF0DEE4F7009E50BA2E092AF02C5E441
:1043A000E50BA2E092AF851882851983E0F50CA396
:1043B000E0F50D750E00780C1208ACAC087D00EE2F
:1043C000FAEFFB12102C7403120872EE2409F51098
:1043D000E43FF511EE2408F514E43FF51574056586
:1043E0000A707712C5FCEE2403F512E43FF513853D
:1043F0001282F58312C60E1208AC7C217D00AA0839
:10440000AB0912102C740312087285128285138373
:10441000E508F0A3E509F085108285118312C60E28
:104420001208AC851482851583E0FC7D00E5082424
:1044300021FAE43509FB12102C740312087285125C
:1044400082851383E02421F8A3E03400F9851082EB
:10445000851183E8F0A3E9F080747407650A706E33
:104460009017CF12C63A60669017CFE0F512A3E01E
:10447000F5139017CFE4F0A3F0880C890D12C5FC5A
:104480008E828F83A3A3E08510828511837012E54D
:1044900008F0A3E509F0780C1208AC7C1B7D0080C5
:1044A0001AE508F0A3E509F0780C1208AC8514822F
:1044B000851583E075F021A4FCADF0AA08AB0912C4
:1044C000102C7403120872AA12AB131210E6901784
:1044D000D212C63A6012EEFAEFFBE0F58388821240
:1044E000054EE9600302C5D6740D650A600302C576
:1044F0008C12C641F988828983A3E0FA8882898375
:10450000E0F8740358C394025025E81313543F5441
:104510000FF8901842E068701674C05A701112C6F5
:1045200062C8241BF582E438F583E064026007AAC0
:1045300018AB1902C5E1EE2413F8E43FF9E8241C96
:10454000FAE439FBE8241DF582E439F583E0F91239
:10455000172212C662C8241CF582E438F583E0F401
:104560007003A3E0F4706312C641C82406F582E428
:1045700038F583E0C394024051EEFAEFFB121C566B
:10458000E96061AA18AB19121F568058740C650AAD
:10459000705C12C606A3E0641A602F8E828F83A31C
:1045A000A3A312C63A6023E8240EF582E439F5830A
:1045B000E0A2E05015EE240CFAE43FFBEE240DF5EA
:1045C00082E43FF583E0F9121722EEFAEFFB901830
:1045D0009FE0F912105C740C650A700812C64860FE
:1045E00003121F5674041208727F0E0205ED741137
:1045F000650A70D68E828F83E4F080E8EE240BF596
:1046000008E43FF5092212C662F583888222E0F5AC
:104610000CA3E0F50D780C2212C61C2285188285A9
:104620001983E0F8A3E0F5838882A3A322A3E0C85E
:104630002408F582E438F583E02212C668F9E849D7
:104640002212C61C12C66822851882851983E024AE
:1046500003FAA3E03400FB8A828B8312C668F9E870
:104660004922851882851983E0F8A3E022790002A7
:10467000085A80F974F61203D6E9FEEAFCEBFD90C5
:1046800017D1E060518C828D83E0F87900EEC394FD
:104690003250047E328008EEC3946F40027E6E90EA
:1046A00017D1E06401701FEE24CEF508E434FFF565
:1046B00009E88508F0A4C8AAF08509F0A42AF97AC7
:1046C0003C7B0012028EC3E99401400474FF800118
:1046D000E88C828D83F07F020205EDC082C083905A
:1046E00015DB12C6E9F002C7EAE4F0A3F0A3F0A3D9
:1046F0002274F01203D68908EAFEEBFF12118E74C1
:1047000010120B45780C120AEEEA4B600D8A828B70
:1047100083A3A3780C120ADF806A7A0D7B00121043
:10472000E0EA4B605B8A828B83A3A3A3A3A3A3A32A
:10473000A3E50812C789EEF0A3EFF08A828B83A36A
:10474000A3780C120ADF8A828B83E4F0A312C78954
:10475000A3A3A312C6EAF09015D912CACB9015D91B
:104760006017E0FCA3E08003E8FCE9FD8C828D8308
:1047700012CACB70F38C828D83EAF0A3EBF0800435
:104780007A007B007F080205EDF08A828B83A3A369
:10479000A3A3A3A322C082C0839015D980048C82D6
:1047A0008D83E0FCA3E0FDEC4D60238C828D83A320
:1047B000A3A3A3A3A3E06A7003A3E06B70E08C82C1
:1047C0008D83A3A3A3A3A3A3A3A3E06970D0ECFA52
:1047D000EDFB8016C082C083EA4B600E8A828B8319
:1047E000A3A3A3A3A3A3E4F0A3F0D083D0820208E1
:1047F0005A74F61203D6AEA8C2AF740A120B451251
:1048000006B812118874041208728B09A909EEA265
:10481000E792AFEA4960047900800279087F0202DA
:1048200005ED74F21203D6A2AFE433FEC2AF740EEC
:10483000120B457808120AEE78081208A81211889F
:104840007404120872EA4B60128A828B83A3A3A3BA
:10485000A3A3A3A3A3A37808120ADFEEA2E092AF5A
:10486000EA4B60047900800279087F060205ED7446
:10487000F41203D6A2AFE433F508C2AF12118E8A48
:104880000A8B0BAE0AAF0BEE4F6003121194E508D2
:10489000A2E092AFEE4F60047900800279067F04B7
:1048A0000205ED74F21203D6750800750900750A49
:1048B00000750B00A2AFE433FEC2AF12118E8A82E4
:1048C0008B83E58245836007A3A37808120AEEEE86
:1048D000A2E092AFAA08AB09AC0AAD0B808C74EBD6
:1048E0001203D674FC120940851882851983EAF0F8
:1048F000A3EBF0A3ECF0A3EDF0A9A8C2AF8518825A
:104900008519837808120AEE9015DB7808120A0DD3
:10491000E9A2E792AF9015D912CACB700302CABBC5
:104920009015D9E0FEA3E0FF751000751100750A1F
:1049300000750B00A2AFE433F514C2AFEE2402F50C
:1049400008E43FF5097402120B4512CACB702074BB
:1049500001120B45E07018851882851983E0F885EF
:104960000882850983E0C3984005E0C398803985B3
:104970000882850983780C120AEE851882851983CE
:10498000780C120AB05018851882851983780C1299
:104990000AEE850882850983780C1209AB800A85A6
:1049A000088285098312C6E9F0EE2406F512E43F79
:1049B000F513EE2404F50EE43FF50F12CAC570544A
:1049C000850E82850F8312CACB704EEE2409F50C3A
:1049D000E43FF50D850C82F583120B22E8494A4B22
:1049E000604D851282851383E0FAA3E0FBEA4B60F9
:1049F0003E8E828F83A3A3A3A3A3A3A3A3E0F91254
:104A00001092850C82850D83120B22850882850900
:104A100083120B2E12CAC5700B850E82850F83126E
:104A2000CACB600B85128285138312CACB70258E88
:104A3000828F83E0F8A3E0F9E51045117005901529
:104A4000D98006851082851183E8F0A3E9F08E0AEB
:104A50008F0B80048E108F118E828F83E0FEA3E077
:104A6000FFE514A2E092AFE50A450B6047850A8294
:104A7000850B83A3A312CACB7033850A82850B836F
:104A8000A3A3A3A312CACB7024850A82850B83A398
:104A9000A3A3A3A3A3E0FAA3E0FB850A82850B836B
:104AA000A3A3A3A3A3A3A3A3E0F9121092AA0AAB02
:104AB0000B1210E6EE4F600302C92E740412087246
:104AC0007F0D0205ED850882850983E0F8A3E0F9F2
:104AD000E84922C082C0839015DB120B1602C7EA98
:104AE000C082C083900835E4F090083CF002CC8A84
:104AF00074F71203D6E9FE900835E06003120C1239
:104B00009008357401F09019DDE06008791D120FEE
:104B1000DE02CBF2EE900836F064027005120DC88A
:104B2000804AE0600764016003120C12900839E4C7
:104B3000F09018DCE0F8A3E0C8240EF582E438F524
:104B400083E0544060059007F780039007D9E09018
:104B5000083712CC5170129007C0E0600C900837F3
:104B6000E0C3940340037402F0120FA890083CE0E5
:104B7000705A9018DCE0F8A3E0F9E8497003120CD1
:104B80001212CE5BE0F8A3E0F988828983E054201A
:104B900090083BF088828983A3A3E090083AF090C4
:104BA00018DCE0FAA3E0F5838A82A3A3A3A3E0FACA
:104BB000E824FFF582E934FFF58374022AF075E1F9
:104BC000EE74012AF9AA82AB83120E64A2AFE43319
:104BD000F8C2AF900820E07011900822E0700B90AE
:104BE000083512CCC2120FAE80089008357402123C
:104BF000CCC402CDB474F61203D6120E94E9F97542
:104C00000801750900900837E078081209FAE508EC
:104C1000145990083812CC517005120DBC80031243
:104C20000DB67F020205EDC082C0839061A4E0C290
:104C3000E0F0900822E412CC5164027005120DCE0F
:104C4000800DE064037005120DD48003120FB48050
:104C500039F0900836E022C082C083900836E070B8
:104C600014121E30E9F8900838E0C3984007791C08
:104C7000120FDE8003120DC28010C082C083900824
:104C80003C740112CC51F9120FA2D083D0820208D9
:104C90005AC082C083900820E07006900822E0602D
:104CA00003120C12A2AFE433F8C2AF900835E064EF
:104CB00002700812CCC2120FAE8005E8A2E092AFDB
:104CC00080C87483F0E8A2E092AF22C082C08390D3
:104CD0000836E0600764016003120C129008357416
:104CE00004F0120F84900839E004F0F89007D8E03F
:104CF000C398500779E1120FDE80329007E4E0FAA2
:104D0000900837E079002401F8500109EAFCC3E873
:104D10009CE99400A2D265D0335004E0048001EAFB
:104D2000F0120FA89008357483F0120FB402CC8AE9
:104D300074F71203D6A2AFE433FEC2AF900835E099
:104D400064837027900820E06003120F0690083BF0
:104D5000E0900835700F7485F0EEA2E092AF790014
:104D6000120FDE800B7486F0120DE0EEA2E092AF1F
:104D7000804274F71203D6E9FF8A08A2AFE433FE3B
:104D8000C2AF900835E0648670257487F0120DE696
:104D9000EEA2E092AF90083AE06F700CE508600474
:104DA000791B80067900800279E9120FDE8005EE1A
:104DB000A2E092AF7F010205ED74F71203D6A2AF15
:104DC000E433FEC2AF900835E0648670127487F059
:104DD000120DE6EEA2E092AF79E9120FDE8005EE49
:104DE000A2E092AF80CE74F71203D6E9FE90083CA1
:104DF000E4F0900835F09007F9E06005900820E4B1
:104E0000F0120F84120EB8120EC4EEF9121E4E806C
:104E1000A374F41203D69018DCE0F8A3E0F9E84993
:104E20007003120C12120D868A088B098C0A8D0BE6
:104E300012CE5BA3A3A37808120ADF120E1C8A0805
:104E40009018DCE0FAA3E0CA2409F582E43AF5837D
:104E5000E508F0A3EBF07F040205ED9018DCE0F824
:104E6000A3E0F5838882A3A322C082C0837A00795D
:104E70000F120CA802D1E074F51203D689088A0A31
:104E8000EA602F14602C14600A24FE601B24FC606E
:104E900021800B7CE87D037B057A01120CAE900328
:104EA0006DE0F97F030205ED7CE87D037B057A3236
:104EB00080E975090153080F7E6F7F03801CE06451
:104EC00001F0E0FAA909120CBAE5096208E509C384
:104ED00033F509EE2409FE50010FE50860C05509BD
:104EE00060EB7408650A8E828F8360D2E50A80D1F8
:104EF00074F21203D689088A0B8B0A8C0C8D0DE98B
:104F0000700302CFBBEB700302CFBBEC450D700307
:104F100002CFBBEBC39464400302CFB775090153C2
:104F2000080F7E6F7F038071550960608E828F83CA
:104F3000E0C39402500D90036DE05509F890036EA4
:104F4000E048F08E828F83E4F0A3A3A3E50CF0A3E6
:104F5000E50D12D191A3A3E50A12D191A3E50BF0BF
:104F600070078E828F837404F01211B8EAF8EBF99F
:104F7000ECFAEDFB8E828F83A3A3A3A3A3120B2EC7
:104F80008E828F83E0D2E1F0E5096208E509C33340
:104F9000F509EE2409FE50010FE508708B7A207B9D
:104FA00000900367E0F91211A67A207B0090036756
:104FB000E0F912109280097A0180027A00120CA89E
:104FC0007F060205ED74E81203D674FF12094075DE
:104FD000140075150075160175170F7E6F7F03900D
:104FE0000393E0600302D181E5175516700302D1E7
:104FF0004C8E828F83E0A2E1400302D1481211B8A7
:105000008A0C8B0D8C0E8D0F8E828F83A3A3A3A38E
:10501000A37808120AEE7808790C120AA05003024D
:10502000D11E8E828F83A38582088583098E828F0D
:1050300083E0A2E05029A3A3E0F87464C39812D1DE
:105040008BE0C2E0F07A00A916120CBA8E828F8330
:10505000E0A2E24036850882850983E01480148549
:105060000882850983E0700E8E828F83E0A2E24081
:10507000056402F080158E828F83A3A3E012D18B8A
:10508000E0D2E0F07A01A916120CBA8E828F83E08A
:10509000A2E15064851882851983E0F508E4F509DA
:1050A000F50AF50B8E828F83A3A3A3E0F510A3E08E
:1050B000F511E4F512F513780879101202E79089DA
:1050C000A07810120AEE780879101203678508108C
:1050D000850911E4F512F513780C7910120A468E41
:1050E000828F83A3A3A3A3A3E50CF0A3E50DF0A3F4
:1050F000E50EF0A3E50F8023750800750900900305
:105100006EE0551660047A0180027A00A916120C2E
:10511000A874FF6516F890036EE058F0800DE5085E
:10512000C3950CF508E509950DF509E514451560DD
:1051300011E50845096011C3E5089514E5099515C1
:105140005006850814850915E5166217E516C33360
:10515000F516EE2409FE50010FE517600302CFE8B3
:10516000E5144515601BE4F516F51778141208A828
:105170007A207B00900367E0F912119A74041208F8
:105180007274011208727F100205ED85188285196C
:1051900083F08E828F8322C082C083E9A2E0500B0D
:1051A00074016A7004D2848002C284E9A2E1500BC7
:1051B00074016A7004D2858002C285E9A2E2500BB4
:1051C00074016A7004D2868005C286EA6007900383
:1051D0006DE049800974FF69F890036DE058800420
:1051E000900393E4F0D083D08202085A74F412033F
:1051F000D674EE1209407E001216BCE9F8A2E05007
:10520000027E017508C975091978081208B07C0179
:105210007D007A557B001211587402120872E970F1
:105220000AEEA2E0500579001220767A247B001263
:10523000115E8A088B097A357B0012115E8B0BEAAE
:10524000450B7072740265084509706AA818A9199F
:105250008808890978081208B0750802750900786D
:10526000081208B07C007D007A247B0012116A7459
:1052700004120872851882851983E0F8A3E0F9E822
:10528000FAE9FB901A3CEAF0A3EBF0A3E4F0A3F0F8
:1052900075083C75091A78081208B07C047D007AFC
:1052A000357B0012115874021208727C027D007A5C
:1052B000247B001211707AB27B1779E21216D4EEB9
:1052C000F91216B67C107D007900740212093012B2
:1052D000103874021209288808890978081208B061
:1052E0007C107D007A627B001211587402120872E1
:1052F000E97025EEA2E0502078081208B075081079
:1053000075090078081208B07C007D007A627B0085
:1053100012116474041208727C107D00790074020A
:10532000120930121038EEF9121692EEA2E0500770
:105330007A0179001216C2790074121208727F0481
:105340000205ED74F21203D6890D750C009017C991
:105350007401F0801A1208B078081208B07C007D41
:1053600000EEFAEFFB12116A7404120872050CE5E4
:105370000C75F006A4F8A9F074C228F8742139F964
:1053800088828983E493FA740193FBEA4B606EA3ED
:10539000A3A3A3E493F50A740193F50B8882898390
:1053A000A3A3E493C0E0740193F583D082858208BF
:1053B00085830988828983E493C0E0740193F5832F
:1053C000D082AE82AF83780A1208B0AC08AD09EE85
:1053D000FAEFFB1211587402120872E9708FE50D92
:1053E000780A700302D3551208B078081208B07C0E
:1053F000007D00EEFAEFFB12116402D3687F060213
:1054000005ED74F61203D674FF12094012D4571238
:1054100008B07C017D007A037B00121158740212DF
:105420000872E9702078081208B075080175090043
:1054300078081208B07C007D007A037B0012116AA4
:105440007404120872851882851983E0F9740112B8
:1054500008727F020205ED851882851983E4F0A8A1
:1054600018A9198808890978082274F61203D674D5
:10547000FF120940E9FEEAFF12D4571208B075087E
:105480000175090078081208B07C007D007A037B62
:105490000012116A7404120872E9F9703E74FF6E0A
:1054A000700A851882851983E04F800C74FF6FF8AD
:1054B000851882851983E05812D45E1208B07508E9
:1054C0000175090078081208B07C007D007A037B22
:1054D000001211647404120872E9F902D44DC082FA
:1054E000C08390081D740BF090081C74FFF09008A6
:1054F0001BF090081E8018C082C083120ED0120EBE
:10550000DC800DC082C083120E108004F0EBA3F08B
:10551000D083D08202085AC082C083906180E0F8B4
:10552000E96004D2F08002C2F0A2F0E43333FA74EE
:10553000FD584A80DAC082C083EA90617280CDC093
:1055400082C083EA90617480C3C082C083EAFCEBAE
:10555000FD79087A6A7B61120E5880B474F71203E1
:10556000D6E9FE907803E0F87495686005743468B5
:1055700070067AC47B2680047AE27B268A828B833B
:10558000E493F8C39EA2D265D033400EA3E493F80F
:10559000EEC398A2D265D0335002E8FEA2AFE43346
:1055A000F9C2AF8A828B83E4939E2402FCEA2CF535
:1055B00082E43BF583E49390081E12D64D60057497
:1055C0003468701190081EE064FD90081F70047428
:1055D000018001E4F0E9A2E092AF120EB8EEF90208
:1055E000D71EC082C083A2AFE433F9C2AF90081EB9
:1055F000E0F890081BE068604C900822E07046904C
:105600000835E0A2E7403E90081EE090081B12D645
:105610004D6005743468702590081BE0906190F02F
:1056200090081FE09061AC600A74F5F0906191748D
:105630007480117455F09061917469800790081B13
:10564000E0906190F0E9A2E092AF02D510F090787E
:1056500003E0F87495682274F71203D6E9FF74F535
:1056600029C394134003120C12A2AFE433FEC2AF5D
:10567000EF90081DF0900835E07003120EC4EEA202
:10568000E092AF02D71EC082C083900835E060036D
:10569000120C12A2AFE433F8C2AF90081DE0F990EB
:1056A000081CE069602690081DE090081CF0E8A244
:1056B000E092AF120F9075F00590081CE0A424D47E
:1056C00090618FF0120F06120F7E8005E8A2E09223
:1056D000AF02D51074F71203D6E9FE9019DDE06031
:1056E00003120C12900821E06003120C12EE7007F6
:1056F0009008217401802674036E7007900821744D
:1057000003801A74016E600874026E6003120C123A
:105710009008217402F090617274FFF0A3F07F0191
:105720000205EDC082C083900821E4F09007DAE022
:10573000906172F09007DBE090617302D50FC08238
:10574000C083120E4602D510C082C083120E4CE9EF
:1057500024B7F9120EE202D510E9FCC394A9A2D233
:1057600065D03350047CA9800DECC3940BA2D265A4
:10577000D03340027C0AECF83395E0F9E824575026
:10578000010975F0FFA4F8AAF075F0FFE9A42AF961
:105790007A617B00120286E8F902085A74F7120354
:1057A000D6120EE202D71EC082C083120C8A120CDF
:1057B000D2120CC67A007900120CD8D083D08202A3
:1057C000085A74F71203D67F0074B02FF9120C90A8
:1057D0007901120C907910120C907E807900120CD5
:1057E00096DEF90FEFC3940840DF7F010205ED74E8
:1057F000EA1203D68A0AEC4D6006E9C3940440031A
:1058000002D8F2E9C333F8ECFEEDFFE8F5087509BC
:105810000080638B0E8B0FA90C120CD8750B00A89F
:105820000BE50E28F8E4350FF9740028F582748032
:1058300039F583E0F9120C96050BE50BC39408408B
:10584000DEEEFAE50C04F9120CD87E00EEF8E50E57
:1058500028F8E4350FF9740828F582748039F58347
:10586000E0F9120C960EEEC3940840E07408250A85
:10587000F50AAE14AF158E828F83E0F96074A385AC
:105880008214858315AA0A7B00AC0A7D00C394802C
:10589000EC5032240850010D12D8F7505585080CF1
:1058A000EAFEE9C39421500302D813E924E0F5127B
:1058B000E434FFF513740478121209FA85120E8588
:1058C000130F02D817241050010D12D8F75023E0FF
:1058D000F50C780C1208B4AC08AD09120CDE74019A
:1058E0001208727410250AF50AEE2402FE50870F82
:1058F00080847F0E0205EDC39481ED9400A2D265F1
:10590000D03322C082C083C2907A3C7B00790112DE
:105910000C18D29079AE120C907900120C9079107C
:10592000120C907940120C907981120C9079CF1260
:105930000C9079A1120C9079C8120C9079A6120CD7
:105940009079A8120C90793F120C9079D3120C9098
:105950007900120C9079D5120C907980120C907904
:10596000D9120C9079F1120C9079DA120C9079120C
:10597000120C9079DB120C907940120C9079201265
:105980000C907902120C90798D120C907914120CF3
:105990009079A4120C9079A6120C9079AF120C9009
:1059A00002D7BB74F71203D6EAFF74B029F9120CC0
:1059B00090EFC4540F4410F9120C90740F5F44011F
:1059C000F9120C9002D7EA74F21203D68A08ECFEA0
:1059D000890D78007900740E120B45E0FCE8FAE9B5
:1059E000FBEA75F022A4FAADF075F022EBA42DFBD2
:1059F00074F02AF50A74853BF50B850A82F583E07D
:105A0000650D7005A3E06C600F08E8700109C39490
:105A100008E99400505180C5AA08EEF9120CD87517
:105A20000C00A80CE50A28F582E4350BF583A3A346
:105A3000E0F9120C96050CE50CC3941040E4AA089A
:105A4000EE04F9120CD87E00EEF8E50A28F8E435E9
:105A50000BF9E82412F582E439F583E0F9120C968B
:105A60000EEEC3941040E17F060205EDF075E1E211
:105A700075E1FF02DB6DA9A8C2AF75C300AAA2A899
:105A8000A3E9A2E792AFE8F9EAF87A007B021202F2
:105A900086E8F902085AC082C0839061A4E0A2E4BB
:105AA0005003120C12759C019061E47401F075E1D1
:105AB000E275E1FFA8A8C2AF759B007591EFE8A25F
:105AC000E792AFA8A8C2AF759B007591F7E8A2E76F
:105AD00092AF02DB6DC082C083120DB075E1BC7560
:105AE000E1B875E10F75E1D075E1D075E1D075E1F0
:105AF000D0805FC082C083120DB075E1BC75E11724
:105B000075E18175E11075E1D275E1818044C08253
:105B1000C083900838E09061E2F075A1FDA2AFE487
:105B200033FAC2AF75C300A8A2A9A39007ACE09452
:105B3000125008E87005E97002780175C30388A265
:105B400089A3EAA2E092AF12DBD1120F8A75E1E1DC
:105B5000801B75E11075E1D275E1D975E10175E140
:105B60000975E1BA75E10175E1C575E1D2D083D05F
:105B70008202085AC082C083120DB075E1BC80D881
:105B800074F71203D612DBD1A2AFE433F508C2AF2B
:105B900075C300E5A2AFA4740F5FF8740F98FE9070
:105BA00061E2F0120F789008337401F075E1E1754D
:105BB000C300E5A2E5A46F600DEEC3940240077434
:105BC000FF2E9061E2F0E508A2E092AF7F010205AE
:105BD000ED9061A4E0D2E4F0E0D2E3F022C082C014
:105BE00083900838E09061E2F002DB47C082C08316
:105BF0009061E4E070179061A4E0A2E4500FE0C26D
:105C0000E4F0E0A2E35003120DEC120FCC02DB6DC6
:105C100074F41203D69061A4E0A2E45003120C12B3
:105C2000120DAAE9F5089007BDE0FEC394155003D4
:105C3000120C1274EC25082EFE75F01484FF75F01A
:105C400014A4CE9EFE0F9061E47402F0EF9061E226
:105C5000F0EEC394154003120C1275A1FDA2AFE43F
:105C600033FAC2AF75C303EEF50A750B00740978F9
:105C70000A1209FAF8A90B9007ACE0C39412500677
:105C8000E97003087900E8F5A2E9F5A3EAA2E09239
:105C9000AF75E1E275E1FFA8A8C2AF759B007591F1
:105CA000EFE8A2E792AF75E1BC75E1B875E1D2907B
:105CB00061A4E0D2E4F075E1E1120DAAE9C3950810
:105CC000500A9061E2E06F7003E014F07F04020577
:105CD000EDC082C0839061A4E0C2E402DA6CC082AD
:105CE000C0839061A4E0C2E3F0120FE402DB6DC058
:105CF00082C0839061A4E0C2E4F09061E4E07005AA
:105D0000120FCC8015E064017005120FC6800BE005
:105D100064026003120C12120FD802DB6D74EF12D2
:105D2000094079FF1210A453BEFBE59DA2E650FA8C
:105D30000078F8790100E824FF18E934FFF9E84910
:105D400070F375C6807480659E70FA43BE049062DD
:105D5000707408F0C28443FD10C28543FD20C286E2
:105D600043FD407E10794A120C0CE960F81EEE707B
:105D7000F47900121002120C2A7A007B00121152E0
:105D80001216C81217281216B01210AA79FF121094
:105D90009E7902121002789D790C7A00888289839C
:105DA000E0C4540FFCEAFE74012EFAECC3940A50CE
:105DB000047B3080027B37EC2BC0E085188285198C
:105DC00083E5822EF582E43583F583D0E0F0888286
:105DD0008983E0540FFCEAFF74012AFAECC3940AA9
:105DE00050047B3080027B37EC2BC0E08518828525
:105DF0001983E5822FF582E43583F583D0E0F0E85E
:105E000024FF18E934FFF9EAC39410408F7410128C
:105E10000B45E4F079017A497B89120C6C7902AA6E
:105E200018AB19120C6C79017AFD7B87120C6C127D
:105E300010B07A007B00741112087202085A74EED6
:105E40001203D674F8120940908922AC18AD197467
:105E5000081207D675089675090CF50AA818A9192D
:105E6000880C890DF50EF510F51178101208B07C2C
:105E7000087D007A017B001211587402120872E941
:105E8000704675109675110C78101208B0751008D0
:105E900075110078101208B07C007D007A017B003B
:105EA00012116A7404120872E9701D780C1208ACA1
:105EB0007C087D00A908AA09AB0A121032740312EB
:105EC0000872E9700302DF9375100878101208B0A9
:105ED0007C967D0C7AE87B07797F120C3C74021269
:105EE0000872780C1208AC7C087D00A908AA09ABDE
:105EF0000A1210327403120872E96071780C1208E9
:105F0000AC7C087D00790C7A787B00121032740327
:105F1000120872E9701D75080C7509787808120866
:105F2000AC7C087D007A967B0C12102C740312084E
:105F300072803A7E0012104A8A08EEFA74962AF5A8
:105F400082E4340CF583E508F00EEEF812DFA6EBE0
:105F5000F00EEEC3940640DD0812DFA67430F008A0
:105F6000749628F582E4340CF58374F8F07508967D
:105F700075090C78081208B07508087509007808CA
:105F80001208B07C007D007A017B00121164740459
:105F90001208727A967B0C79E21216DA74081208EB
:105FA000727F0A0205ED74962EF582E4340CF583B7
:105FB00022C082C0839025D67CBD7D07745E120707
:105FC000B4120E94E99007D6F0120E94E99007CA25
:105FD000F0D083D08202085AE9F874C029F9C3943A
:105FE0001E4010742028C3940F5006743E28F98078
:105FF00002792D02085A74F31203D6EAFEEBFF125F
:106000000E76E9F8742D68700479F4805385A80B36
:10601000C2AFE8F508750900740278081209FA742D
:106020000C2508FA74233509FB8A828B83E493F8E4
:1060300074BD28F508E43407F509750A00780812DC
:1060400008AC8A828B83A3E493FC7D00EEFAEFFB1D
:1060500012102C7403120872E50BA2E792AF7900BC
:106060007F050205ED74F11203D68908EAFEEBFF05
:1060700074F1650870248E828F83E0640179027068
:1060800014120F72A908120E76E9F8742D68702F99
:1060900079F402E201120F6680EA74F06508700F6D
:1060A0008E828F83E0901964F0F9120E9A80D57475
:1060B00045650870CF9007C2EEF0A3EF02E1FEE85D
:1060C000F50A750B007402780A1209FA740C250A95
:1060D000FA7423350BFBEA2402F8E43BF988828941
:1060E00083E493F509EA2403FCE43BFDE509700829
:1060F0008C828D83E49360538C828D83E493650955
:10610000700579FB02E20174586508701A8E828F5F
:1061100083E02471F50AA3E034FFF50BC3E50A948C
:1061200022E50B9464501F8E828F83E0F5098882EC
:106130008983E493F8E509C398400B8C828D83E44E
:1061400093C39509500579E802E20185A809C2AF19
:106150008E0C8F0D750E00780C1208AC8A828B8322
:10616000A3E493FC7D008A828B83E493F874BD28BA
:10617000FAE43407FB12102C7403120872E509A22A
:10618000E792AFE50824B0601A24FE603014602066
:106190002473604E14603814603F24FD604E146018
:1061A00055805C9007DAE0FAA3E0FB120EA0804F66
:1061B0009007DEE0FAA3E0FB120EA680429007DD16
:1061C000E079026005120F668035120F7280309000
:1061D00007EDE0F9120EBE80267AEE7B07120EACB8
:1061E000801D9007ECE0F9120EB280138E828F832F
:1061F000E09007F980088E828F83E09007FAF079AB
:10620000007F070205EDC082C0839015A8E4F0A3CB
:10621000F09015AA74AEF0A3740CF0900CAE7470EC
:10622000F0A37402F0900F1EF0A37480F0A37488A2
:10623000F0A37406F0D083D08202085A74F61203D9
:10624000D67A017B001210E08A088B09AE08AF09EC
:10625000EE4F7003120C1285A808C2AFEE24FEF8B0
:10626000EF34FFF99015AAE8F0A3E9F0EEFAEFFB9E
:106270001210E69015AC7401F0E508A2E792AF7F2A
:10628000020205ED74F21203D67C007D007E00EA66
:106290002402FAE43BFBA2AFE433FFC2AF9015AC9B
:1062A000E06008EA9411EB9400500A9015AAE0F817
:1062B000A3E0F980047820790F88828983E0F508CB
:1062C000A3E0F509548060057E0002E361EEA2E0E0
:1062D000507C8C828D83E0F50AA3E0F50B5480F5A9
:1062E0000DE50A2508F508E50B3509547FF509E5A4
:1062F0000D4509F5098C828D83E508F0A3E509F0C9
:10630000547FF509C3E5089AE5099B4054ECF8ED84
:10631000F9E849700302E3CF88828983E0FCA3E0B7
:10632000547FFDECC39AFCED9BFDC3EC9404ED940B
:1063300000405DE82AF582E93BF583ECF0A3EDF03F
:10634000EB4480FB88828983EAF0A3EB804AE5096D
:10635000547FFDC3E5089AED9B50B67E01E8FCE949
:10636000FD88828983E0F508A3E0547FF509E825DC
:1063700008F8E93509F988828983E0F508A3E0F592
:1063800009E5084509600302E2B978007900803F19
:1063900088828983A3E04480F09015ACE060299066
:1063A00015AAE0FAA3E0FBE86A7002E96B701988AD
:1063B000828983E0FAA3E0547FFBE82AFAE93BFBF9
:1063C0009015AAEAF0A3EBF0E82402F8500109EFD7
:1063D000A2E092AFE8FAE9FB7F060205ED74F7123E
:1063E00003D6EA24FEFEEB34FFFFEAF8EBF9C3E83C
:1063F00094AEE9940C4009C3E894AAE994154003CB
:10640000120C128E828F83A3E054807003120C1240
:10641000A2AFE433FAC2AF8E828F83A3E0547FF041
:106420009015AAE0F8A3E0F9EE98EF99500CEEF879
:10643000EFF99015AAE8F0A3E9F0EAA2E092AF7FA5
:10644000010205EDC082C0837A1A7B0012177CD04E
:1064500083D08202085A74F61203D612104AEA90C8
:106460001831F09018427402F09018357414F090BE
:106470001859740FF0A3F0901A58E0901838F09063
:106480001A57E0901832F0901A56E0901833F090B6
:106490001839E4F0A3F090183C04F0901899F090AB
:1064A000183D7405F0A37401F09016D6E090183FE3
:1064B000F0901A51E0901840F0A3E4F0901A54E0E4
:1064C000901843F0901A55E090184412E561A3E447
:1064D00012E5617C087D0079007A4A7B1812103839
:1064E00090185274FEF0A304F07CB27D177A667B9C
:1064F000181211D090186EE4F0901893740FF0A356
:106500007403F09017BBE0901897F09017BAE090E2
:106510001896F0901A5AE0901898F0901895E4F0B8
:1065200075089A75091878081208B0750802750977
:106530000078081208B07C007D007A897B00121177
:106540006A7404120872E9600790189AE4F0A3F0E4
:106550007900121CE090189CE4F0A3F07F02020581
:10656000EDF0A374FEF0A304F02274F41203D68CB1
:106570000A8D0B8A088B0978081205A10000050016
:106580000200B9E5030096E50400A6E50310C3E5A3
:106590000410E7E5F2E575080178081208B47910EF
:1065A0007AB07B88800E75080278081208B47910DA
:1065B0007A1A7B89120C7E80277C2A7D897AC57B9A
:1065C00088802C79017A3D7B88120C6C75080278E2
:1065D000081208B47910AA0AAB0BE4FCFD120C7285
:1065E0007401120872800B7CA47D887A667B881205
:1065F0000C787F040205ED74F61203D6E9FEEAF882
:10660000EBF9EE241F600424F07013EC5430600E9C
:1066100012104AEA540779002402F8500109E8FAF6
:10662000E9FB02E55CC082C0839089C4120B16129C
:106630000E2E9089A8120B16120D7A75A1F743A79A
:106640000875A1EF43A7108012C082C08353A7EF43
:1066500053A7F7120D6E8003120B16D083D082025F
:10666000085A74F01203D68A088B098C0A8D0B1213
:106670000E228A0C8B0D8C0E8D0F7808790C120A65
:10668000A04003120C12AEA8C2AF9007A478081263
:106690000ADFAA08AB09AC0AAD0B120E3A02E759A1
:1066A00074F41203D6AEA8C2AF120E228A088B0968
:1066B0008C0A8D0BEEA2E792AF9007A47808120720
:1066C000F750087A007B007C007D007F040205ED16
:1066D00074F41203D6AEA8C2AF120E288A088B0932
:1066E0008C0A8D0BEEA2E792AF9007A478081207F0
:1066F000F750087A007B007C007D0080CE74F01299
:1067000003D68A088B098C0A8D0B9007A47808128F
:1067100007F75003120C12A2AFE433FEC2AF90078A
:10672000A87808120ADFAA08AB09AC0AAD0B120E52
:1067300034120E228A0C8B0D8C0E8D0F7808790C7A
:10674000120981700D75A1EFEEA2E092AF12202820
:106750008005EEA2E092AF8005EEA2E792AF7F083F
:106760000205ED02085AC082C08312202802E65BAF
:10677000C082C083120E5212203402E65BC082C077
:10678000839007A402E658C082C083120CC0D08355
:10679000D08202085A74F41203D674EF120940EA48
:1067A000FEEBFF890B121026EAF9C394114002791F
:1067B0001074208518828519837810F0A3D8FC7492
:1067C00010120B45E4F08E088F09F50A78081208BC
:1067D000ACE9FC7D00740312093012102C74031212
:1067E0000872AA18AB19A90B120C84741112087242
:1067F0007F040205ED74F21203D674E7120940E932
:10680000FEA818A919880C890D780C1208B0EEF9A9
:1068100012104474021208727427120B4512E8B762
:10682000120C6C74191208727F060205ED74F712CF
:1068300003D6ECFEEDFF7901120C6C7902EEFAEF53
:10684000FB120C6C7F010205ED74EE1203D674E7A7
:10685000120940EAFEEBFF8C108D118908121026F8
:10686000EAF5098E0C8F0D750E00780C1208ACAC91
:10687000097D00740312093012102C74031208727F
:10688000A80912E8BEA385820A85830B780A12083C
:10689000B0A908AA10AB11E4FCFD12104474021256
:1068A0000872742B120B4512E8B7120C6C74191293
:1068B00008727F0A0205EDE0F9AA18AB192212E866
:1068C000C57420F022851882851983E58228F58217
:1068D000E43583F5832274F71203D6EAFCEBFD7AE4
:1068E0000019120CCC02E84474F71203D6E97020A8
:1068F000900000E4F079FF1210A4E59D5418F860B0
:10690000187408686013741068600E120C12800905
:106910007A147B107901120C547F010205EDC082BC
:10692000C083E9F89019DFE0F47006E8F07901809F
:10693000027900D083D08202085A74F61203D6E995
:10694000FEEAFF9019DFE0F4602B7A047B0012105E
:1069500050EA4B601C8A828B8374C0F0EFA3A3F0D3
:10696000EE8A828B83A3A3A3F09019DFE0F91210C3
:106970005C7900800279017F020205ED74F7120351
:10698000D6E9A2E5E433FA12100E808D74F01203FA
:10699000D674FB120940EAFEEBFF890BA818A9196F
:1069A00088088909750A00E50BF50C750D00EEF8ED
:1069B000EFF9AA0CAB0D12028EEAF8940A50047992
:1069C0003080027937E829850882850983F0EEF85E
:1069D000EFF9AA0CAB0D12028E880E890FAE0EAF26
:1069E0000FEE4F600F050AA3858208858309E50A2B
:1069F000940540BA7800850882850983E08C828DF1
:106A000083F0E50824FFF508E50934FFF509A3AC98
:106A100082AD8308E50AC39850DCE4F074051208DF
:106A2000727F080205EDC082C083120E1602E933A0
:106A300074EC1203D6750C00750D00750E00750F01
:106A400000AEA8C2AF120E408A088B098C0A8D0BCB
:106A5000EEA2E792AF900CA0780812096C700302C6
:106A6000EB6B8A108B118C128D13900CA078101286
:106A7000091090897078101207F7400302EB6B90B1
:106A80000CA07808120ADF80109089747810120A1E
:106A9000209089DC780C120A2090898078101207E7
:106AA000F740E675081975090078081208B07403F4
:106AB0007810120835900CA4E0F508A3E0F509E47D
:106AC000F50AF50B78107908120A46AA10AB11AC3A
:106AD00012AD1312055074021208728A108B118CB9
:106AE000128D13741078101208F7780C7910120AAE
:106AF00046900CA4EAF0A3EBF0A2AFE433FEC2AFE1
:106B0000900CA6780C120A0D9089AC7808120AEE47
:106B1000900CA67808120AB040417508E875090380
:106B200078081208B0900CA6120B161205507402C9
:106B30001208728A108B118A088B098C0A8D0B74CB
:106B40001078081208F7900CAA7808120A0DA810FD
:106B5000A911E4FAFB900CA6120B2EEEA2E092AF64
:106B6000AA0CAB0DAC0EAD0F1211B27F0C0205EDED
:106B7000C082C083900834E4F0900833F08004A20F
:106B8000E092AFD083D08202085A74F71203D6E99C
:106B9000FF7003120C12AEA8C2AF900834E04FF0A1
:106BA000120F8AEEA2E78003EEA2E092AF7F01020D
:106BB00005ED74F71203D6E9FE7003120C12A8A8B3
:106BC000C2AF900834E04EF0E880D974F71203D6D3
:106BD000E9FE7003120C12A8A8C2AF74FF6EF99000
:106BE0000834E059F0E8A2E792AF120F8480BEC0EB
:106BF00082C083A8A8C2AF900834E4F09008331292
:106C0000EC95E8A2E792AF120F0602EB8374F7123D
:106C100003D6A2AFE433FEC2AF900834E0600312A3
:106C20000F8A808474F71203D6A2AFE433FEC2AF9A
:106C3000900834E07019900820E0A2E74011900815
:106C400022E0700B900835E0A2E74003120F90029B
:106C5000EBA8C082C083A2AFE433F8C2AF90083380
:106C6000E070067401F075E1E3E802EB7FC082C0DA
:106C700083A2AFE433F9C2AF900833E06013E412AB
:106C8000EC95A8A8C2AF759B0075E9FBE8A2E79256
:106C9000AFE902EB7FF075E1EF75E1ED75E1ED2213
:106CA00074F41203D68908740F5508F50A750B00A1
:106CB000740B780A1209FAEA2400F8EB3480F9E838
:106CC0002400E9350BF985C70AA2AFE433F509C200
:106CD000AFE508C4540FFAE5C754F84AF5C7740C79
:106CE000120B45E0FAA3E0FB801C88828983E08CCC
:106CF000828D83F088828983A3A882A9838C828D68
:106D000083A3AC82AD83EAFEEBFFEE24FF1AEF34DF
:106D1000FFFBEE4F70D4850AC7E509A2E092AF7F72
:106D2000040205ED74F61203D6ECFEED90033FF07D
:106D3000EEA3F0A37462F0A37473F0A3E0541FF009
:106D4000740A120B45E0F508A3E0F509E5083333B2
:106D500054FC900344F074067808120AD0E50890B9
:106D60000343F09003457412F0A37442F075D1FE12
:106D700075D601EA906271F0EBA3F0906270E0D2F8
:106D8000E1F0E0A2E740FB7F020205EDC082C08394
:106D9000E9C333906272F0906270E0D2E0F0D08389
:106DA000D08202085AC082C08312EDE77020E860EA
:106DB0001D740268700E12EDD77003A3E069700EA7
:106DC0007901800C74036870051211CA8002790081
:106DD000D083D08202085A8A828B83E0F8A3E0F93C
:106DE0008C828D83E068228A828B83A3A3A3A3A3D2
:106DF000A3A3A3E0F88C828D83A3A3A3A3A3A3A33F
:106E0000A3E06822C082C0838C828D83A3A3A3A346
:106E1000A3A3A3A3E0F88A828B83A3A3A3A3A3A322
:106E2000A3A3F074036870051211D080128C828DB8
:106E300083E0F8A3E0F98A828B83E8F0A3E9F0020B
:106E4000EDD074F61203D6750808EAFEEBFF8E82C9
:106E50008F83A3AA82AB83ECF8EDF988828983A3A0
:106E6000AC82AD838E828F83E0FE88828983E06E60
:106E70006004790080081508E50870CE79017F026A
:106E80000205ED74F51203D68C088D09750A007899
:106E9000081208AC7C087D0012102C7403120872D2
:106EA0007F030205EDD083D08202085AC082C083DE
:106EB0008019198C828D83E08A828B83F0A3AA8249
:106EC000AB838C828D83A3AC82AD83E970E480D5E3
:106ED000C082C083801D198A828B83E08C828D835F
:106EE000F08A828B83A3AA82AB838C828D83A3AC2E
:106EF00082AD83E970E080AD74F71203D6EAFEEB51
:106F0000FF8908E97003120C128E828F83E0F5D995
:106F1000A3AE82AF831508E50870EE7F010205ED90
:106F200074F71203D6EAFEEBFF8908E97003120C2E
:106F300012E5D98E828F83F0A3AE82AF831508E568
:106F40000870EE80D6C082C083E9900367F0D083DA
:106F5000D08202085AC082C083120C06120C1E1284
:106F60001DCA120C66120CA2120D0E120C4E80DEFF
:106F700074F61203D6EAFEEBFF5480601880031209
:106F80001056900367E0F9121068EA4B70F1EEFAC0
:106F9000EF64808037EE54206008120CB4EE642059
:106FA0008028EE54106028120C5A90036CE0701781
:106FB0009089A01206B87A107B00900367E0F9125E
:106FC000119A7404120872EE6410FAEFFB80047ACE
:106FD000007B007F020205EDC082C083120D2602F5
:106FE000EF4EC082C0838A828B8312F06FE9F08AF1
:106FF000828B83E02401FCA3E03400FD8A828B8332
:10700000ECF0A3EDF0D083D08202085A74F612039C
:10701000D674FC1209407402120B45EAF0A3EBF09F
:10702000ECFAEDFB740E120928851882851983E8A5
:10703000F0A3E9F0A818A9198808890978081208A6
:10704000B074041209288808890978081208B07CED
:10705000467D1712174074041208727402120B4511
:1070600012F06FE4F074041208727F020205EDE082
:10707000F8A3E0F583888222C082C0831214D6125E
:1070800014DC8037C082C0839016D47402F0A374DD
:1070900040F0A37480F0A3E4F0A3F0A37450F0A335
:1070A00074A0F0A3E4F09016DE74A0F0A3E4F090D6
:1070B00016DDE0442AF09016E0E4F0D083D082029E
:1070C000085AC082C083901A3C120B22E8494A4BEE
:1070D0009016E16008E054F0F044018006E054F0BE
:1070E000F04402F0E0540FF0A3E4F09016E1E04425
:1070F00020F0A3748280C3EEC0E0E9FA7B00122185
:10710000BFD0E0FE02085A74F61203D674FE1209CC
:1071100040740C120928851882851983E8F0A3E9C8
:10712000F0A818A9198808890978081208B0E4F5A8
:1071300008F50978081208B07C347D1712174074DE
:107140000412087274021208727F020205EDF0D078
:1071500083D08202085AC082C0839061A5E0D2E247
:10716000F09007ACE0C39412502D9007DAE09061E4
:1071700072F09007DBE0906173F09007DEE09061C1
:1071800074F09007DFE0906175F079087CEE7D0780
:107190007A6A7B61120E58906180E4F0E0440980C5
:1071A000ADC082C0837A127B001210E09015D7EA3E
:1071B000F0A3EBF07C127D007900121038790012F8
:1071C0001F447901121B7E7902120C2479031219D3
:1071D0002C790412198079051213C279061211D67E
:1071E0007907122154790812138CD083D0820208B7
:1071F0005AC082C083120E0A120E88120F60120E3D
:10720000F4120F9C120D6E8025C082C083A2AF5075
:1072100003120C129019DDE07006120F00120E8E90
:10722000120D74120F969007F97401F08000D0834C
:10723000D08202085A02085AC082C0839019DDE049
:1072400060357480659E70FA439403E594A2E25021
:10725000FAE064027008120EEE120EFA8011E06479
:10726000016003120C12E59DA2E64003120C12907D
:1072700019DDE4F0120F7ED083D08202085A74F632
:107280001203D6E97008750817750902800675089B
:107290002E7509047E007F00C3EE9AEF9B501B7C85
:1072A000007D00C3EC9508ED950950070CEC70F3D8
:1072B0000D80F00EEE70E10F80DE7F020205ED74AE
:1072C000F71203D6EAF8EBF98005A3AA82AB838A0A
:1072D000828B83E070F48C828D83E0FEA3AC82AD60
:1072E000838A828B83F0A3AA82AB8370E9E8FAE9F0
:1072F000FB7F010205EDC082C08390168E7410F0F2
:107300007420A37810F0A3D8FC90169FE4F0901A94
:107310001904F09016A0E4F0A3F09015F47402F0B4
:10732000D083D08202085AC082C083851882851912
:1073300083E0F8A3E0F9E84960128A828B83ECF0DD
:10734000A3E824FF18E934FFF94870F2D083D08213
:1073500002085AC082C08390033E7480F0D083D06C
:107360008202085AE9F875B60FE5B4A2E750FAE8C8
:10737000C395BB500479018002790002085A74F762
:107380001203D6EAF8EBF98C828D83E0FEA3AC827F
:10739000AD838A828B83F0A3AA82AB8370E9E8FA7B
:1073A000E9FB7F010205EDC082C0839015D6E4F0B1
:1073B0009015D0F0A3F0D083D08202085A7403F560
:1073C000D5743FF5D47403F5D37447F5D2D2B8021F
:0273D000085A59
:0400000500000AC02D
:00000001FF
